static const unsigned char attn_output_agc_package[] = {
  0x7f, 0x45, 0x4c, 0x46, 0x02, 0x01, 0x01, 0x00, 0x00, 0x00, 0x00, 0x00,
  0x00, 0x00, 0x00, 0x00, 0x02, 0x00, 0xe0, 0x00, 0x01, 0x00, 0x00, 0x00,
  0x00, 0x00, 0x00, 0x00, 0x00, 0x00, 0x00, 0x00, 0x00, 0x00, 0x00, 0x00,
  0x00, 0x00, 0x00, 0x00, 0x50, 0x4c, 0x00, 0x00, 0x00, 0x00, 0x00, 0x00,
  0x00, 0x00, 0x00, 0x00, 0x40, 0x00, 0x38, 0x00, 0x00, 0x00, 0x40, 0x00,
  0x04, 0x00, 0x03, 0x00, 0x00, 0x00, 0x00, 0x00, 0x00, 0x00, 0x00, 0x00,
  0x00, 0x00, 0x00, 0x00, 0x00, 0x00, 0x00, 0x00, 0x00, 0x00, 0x00, 0x00,
  0x00, 0x00, 0x00, 0x00, 0x00, 0x00, 0x00, 0x00, 0x00, 0x00, 0x00, 0x00,
  0x00, 0x00, 0x00, 0x00, 0x00, 0x00, 0x00, 0x00, 0x00, 0x00, 0x00, 0x00,
  0x00, 0x00, 0x00, 0x00, 0x00, 0x00, 0x00, 0x00, 0x00, 0x00, 0x00, 0x00,
  0x00, 0x00, 0x00, 0x00, 0x00, 0x00, 0x00, 0x00, 0x00, 0x00, 0x00, 0x00,
  0x00, 0x00, 0x00, 0x00, 0x00, 0x00, 0x00, 0x00, 0x00, 0x00, 0x00, 0x00,
  0x00, 0x00, 0x00, 0x00, 0x00, 0x00, 0x00, 0x00, 0x00, 0x00, 0x00, 0x00,
  0x00, 0x00, 0x00, 0x00, 0x00, 0x00, 0x00, 0x00, 0x00, 0x00, 0x00, 0x00,
  0x00, 0x00, 0x00, 0x00, 0x00, 0x00, 0x00, 0x00, 0x00, 0x00, 0x00, 0x00,
  0x00, 0x00, 0x00, 0x00, 0x00, 0x00, 0x00, 0x00, 0x00, 0x00, 0x00, 0x00,
  0x00, 0x00, 0x00, 0x00, 0x00, 0x00, 0x00, 0x00, 0x00, 0x00, 0x00, 0x00,
  0x00, 0x00, 0x00, 0x00, 0x00, 0x00, 0x00, 0x00, 0x00, 0x00, 0x00, 0x00,
  0x00, 0x00, 0x00, 0x00, 0x00, 0x00, 0x00, 0x00, 0x00, 0x00, 0x00, 0x00,
  0x00, 0x00, 0x00, 0x00, 0x00, 0x00, 0x00, 0x00, 0x00, 0x00, 0x00, 0x00,
  0x00, 0x00, 0x00, 0x00, 0x00, 0x00, 0x00, 0x00, 0x00, 0x00, 0x00, 0x00,
  0x00, 0x00, 0x00, 0x00, 0x03, 0x03, 0x80, 0xbe, 0x82, 0x03, 0x83, 0xbe,
  0x01, 0x01, 0x08, 0xf4, 0x40, 0x00, 0x00, 0xfa, 0x00, 0x10, 0x80, 0xb6,
  0x88, 0x12, 0x84, 0xbf, 0x7f, 0xc0, 0x8c, 0xbf, 0x42, 0x00, 0x20, 0xf4,
  0x68, 0x00, 0x00, 0xfa, 0x7f, 0xc0, 0x8c, 0xbf, 0x01, 0x80, 0x01, 0xbf,
  0x1e, 0x11, 0x84, 0xbf, 0x02, 0x01, 0x28, 0xf4, 0x30, 0x00, 0x00, 0xfa,
  0x80, 0x02, 0x02, 0x7e, 0x00, 0x03, 0x04, 0x7e, 0x7f, 0xc0, 0x8c, 0xbf,
  0x06, 0x88, 0x06, 0x90, 0x05, 0x06, 0x05, 0x93, 0x10, 0x11, 0x82, 0xbf,
  0x01, 0x00, 0xa1, 0xbf, 0x01, 0x02, 0x08, 0xf4, 0x10, 0x00, 0x00, 0xfa,
  0x01, 0x03, 0x08, 0xf4, 0x30, 0x00, 0x00, 0xfa, 0x01, 0x03, 0xfe, 0xbe,
  0x00, 0x06, 0x01, 0x93, 0x05, 0x04, 0x87, 0x98, 0x01, 0x04, 0x06, 0x4a,
  0x04, 0x00, 0x69, 0xd5, 0xa8, 0x06, 0x02, 0x02, 0x04, 0x00, 0x47, 0xd7,
  0x07, 0x08, 0x0a, 0x02, 0x7f, 0xc0, 0x8c, 0xbf, 0x03, 0x00, 0xa1, 0xbf,
  0x20, 0x10, 0x38, 0xe0, 0x04, 0x08, 0x02, 0x80, 0x00, 0x10, 0x38, 0xe0,
  0x04, 0x0c, 0x02, 0x80, 0x30, 0x10, 0x38, 0xe0, 0x04, 0x10, 0x02, 0x80,
  0x10, 0x10, 0x38, 0xe0, 0x04, 0x14, 0x02, 0x80, 0x88, 0x04, 0x0a, 0x34,
  0xff, 0x0a, 0x32, 0x4a, 0x30, 0x65, 0x01, 0x00, 0xff, 0x0a, 0x0c, 0x4a,
  0x00, 0x65, 0x01, 0x00, 0xff, 0x0a, 0x0e, 0x4a, 0x20, 0x65, 0x01, 0x00,
  0xff, 0x0a, 0x30, 0x4a, 0x10, 0x65, 0x01, 0x00, 0x03, 0x00, 0xa1, 0xbf,
  0x00, 0x10, 0x38, 0xe0, 0x06, 0x1c, 0x03, 0x80, 0x00, 0x10, 0x38, 0xe0,
  0x07, 0x20, 0x03, 0x80, 0x00, 0x10, 0x38, 0xe0, 0x18, 0x24, 0x03, 0x80,
  0x00, 0x10, 0x38, 0xe0, 0x19, 0x18, 0x03, 0x80, 0x83, 0x0a, 0x50, 0x36,
  0xa0, 0x0a, 0x52, 0x4a, 0x81, 0x0a, 0x54, 0x4a, 0xa1, 0x0a, 0x56, 0x4a,
  0x82, 0x0a, 0x58, 0x4a, 0xa2, 0x0a, 0x5a, 0x4a, 0x83, 0x0a, 0x5c, 0x4a,
  0xa3, 0x0a, 0x5e, 0x4a, 0x83, 0x50, 0x50, 0x34, 0x83, 0x52, 0x52, 0x36,
  0x83, 0x54, 0x54, 0x36, 0x84, 0x0a, 0x60, 0x4a, 0x83, 0x56, 0x56, 0x36,
  0x83, 0x58, 0x58, 0x36, 0x83, 0x5a, 0x5a, 0x36, 0xa4, 0x0a, 0x62, 0x4a,
  0x83, 0x5c, 0x5c, 0x36, 0x83, 0x5e, 0x5e, 0x36, 0x85, 0x0a, 0x64, 0x4a,
  0x83, 0x52, 0x52, 0x34, 0x83, 0x54, 0x54, 0x34, 0x83, 0x60, 0x60, 0x36,
  0xa5, 0x0a, 0x66, 0x4a, 0x83, 0x56, 0x56, 0x34, 0x83, 0x58, 0x58, 0x34,
  0x83, 0x5a, 0x5a, 0x34, 0x86, 0x0a, 0x68, 0x4a, 0x83, 0x62, 0x62, 0x36,
  0x83, 0x5c, 0x5c, 0x34, 0x83, 0x5e, 0x5e, 0x34, 0xa6, 0x0a, 0x6a, 0x4a,
  0x83, 0x64, 0x64, 0x36, 0x87, 0x0a, 0x6c, 0x4a, 0x83, 0x60, 0x60, 0x34,
  0x83, 0x66, 0x66, 0x36, 0xa7, 0x0a, 0x6e, 0x4a, 0x88, 0x0a, 0x70, 0x4a,
  0x83, 0x68, 0x68, 0x36, 0x83, 0x62, 0x62, 0x34, 0xa8, 0x0a, 0x72, 0x4a,
  0x83, 0x6a, 0x6a, 0x36, 0x83, 0x64, 0x64, 0x34, 0x83, 0x6c, 0x6c, 0x36,
  0x89, 0x0a, 0x74, 0x4a, 0x83, 0x66, 0x66, 0x34, 0x83, 0x6e, 0x6e, 0x36,
  0xa9, 0x0a, 0x76, 0x4a, 0x83, 0x70, 0x70, 0x36, 0x83, 0x68, 0x68, 0x34,
  0x8a, 0x0a, 0x78, 0x4a, 0x83, 0x72, 0x72, 0x36, 0x83, 0x6a, 0x6a, 0x34,
  0xaa, 0x0a, 0x7a, 0x4a, 0x83, 0x6c, 0x6c, 0x34, 0x83, 0x74, 0x74, 0x36,
  0x8b, 0x0a, 0x7c, 0x4a, 0x83, 0x6e, 0x6e, 0x34, 0x83, 0x76, 0x76, 0x36,
  0x83, 0x70, 0x70, 0x34, 0xab, 0x0a, 0x7e, 0x4a, 0x83, 0x78, 0x78, 0x36,
  0x83, 0x72, 0x72, 0x34, 0x8c, 0x0a, 0x80, 0x4a, 0x83, 0x7a, 0x7a, 0x36,
  0xac, 0x0a, 0x82, 0x4a, 0x83, 0x74, 0x74, 0x34, 0x83, 0x7c, 0x7c, 0x36,
  0x8d, 0x0a, 0x84, 0x4a, 0x83, 0x76, 0x76, 0x34, 0xad, 0x0a, 0x86, 0x4a,
  0x83, 0x7e, 0x7e, 0x36, 0x83, 0x78, 0x78, 0x34, 0x8e, 0x0a, 0x88, 0x4a,
  0x83, 0x80, 0x80, 0x36, 0x83, 0x7a, 0x7a, 0x34, 0x83, 0x82, 0x82, 0x36,
  0xae, 0x0a, 0x8a, 0x4a, 0x83, 0x7c, 0x7c, 0x34, 0x83, 0x84, 0x84, 0x36,
  0x8f, 0x0a, 0x8c, 0x4a, 0x83, 0x86, 0x86, 0x36, 0x83, 0x7e, 0x7e, 0x34,
  0xaf, 0x0a, 0x8e, 0x4a, 0x83, 0x88, 0x88, 0x36, 0x83, 0x80, 0x80, 0x34,
  0x90, 0x0a, 0x90, 0x4a, 0x83, 0x82, 0x82, 0x34, 0x83, 0x8a, 0x8a, 0x36,
  0xb0, 0x0a, 0x92, 0x4a, 0x83, 0x84, 0x84, 0x34, 0x83, 0x8c, 0x8c, 0x36,
  0x83, 0x86, 0x86, 0x34, 0x91, 0x0a, 0x94, 0x4a, 0x83, 0x8e, 0x8e, 0x36,
  0x83, 0x88, 0x88, 0x34, 0xb1, 0x0a, 0x96, 0x4a, 0x83, 0x90, 0x90, 0x36,
  0x92, 0x0a, 0x98, 0x4a, 0x83, 0x8a, 0x8a, 0x34, 0x83, 0x92, 0x92, 0x36,
  0xb2, 0x0a, 0x9a, 0x4a, 0x83, 0x8c, 0x8c, 0x34, 0x93, 0x0a, 0x9c, 0x4a,
  0x83, 0x94, 0x94, 0x36, 0x83, 0x8e, 0x8e, 0x34, 0x83, 0x96, 0x96, 0x36,
  0xb3, 0x0a, 0x9e, 0x4a, 0x83, 0x90, 0x90, 0x34, 0x83, 0x98, 0x98, 0x36,
  0x94, 0x0a, 0xa0, 0x4a, 0x83, 0x92, 0x92, 0x34, 0x83, 0x9a, 0x9a, 0x36,
  0xb4, 0x0a, 0xa2, 0x4a, 0x83, 0x9c, 0x9c, 0x36, 0x83, 0x94, 0x94, 0x34,
  0x95, 0x0a, 0xa4, 0x4a, 0x83, 0x96, 0x96, 0x34, 0x83, 0x9e, 0x9e, 0x36,
  0xb5, 0x0a, 0xa6, 0x4a, 0x83, 0x98, 0x98, 0x34, 0x83, 0xa0, 0xa0, 0x36,
  0x96, 0x0a, 0xa8, 0x4a, 0x83, 0x9a, 0x9a, 0x34, 0x83, 0xa2, 0xa2, 0x36,
  0xb6, 0x0a, 0xaa, 0x4a, 0x83, 0x9c, 0x9c, 0x34, 0x83, 0xa4, 0xa4, 0x36,
  0x97, 0x0a, 0xac, 0x4a, 0x83, 0x9e, 0x9e, 0x34, 0x83, 0xa6, 0xa6, 0x36,
  0x83, 0xa0, 0xa0, 0x34, 0x83, 0xa8, 0xa8, 0x36, 0x83, 0xa2, 0xa2, 0x34,
  0x83, 0xaa, 0xaa, 0x36, 0x83, 0xa4, 0xa4, 0x34, 0x83, 0xac, 0xac, 0x36,
  0x83, 0xa6, 0xa6, 0x34, 0x83, 0xa8, 0xa8, 0x34, 0x83, 0xaa, 0xaa, 0x34,
  0x83, 0xac, 0xac, 0x34, 0x77, 0x3f, 0x8c, 0xbf, 0xff, 0x10, 0xb2, 0x2c,
  0x08, 0x01, 0x00, 0x00, 0xff, 0x10, 0xb6, 0x2c, 0x10, 0x01, 0x00, 0x00,
  0xff, 0x10, 0xae, 0x2c, 0x00, 0x01, 0x00, 0x00, 0xff, 0x10, 0x10, 0x2c,
  0x18, 0x01, 0x00, 0x00, 0x76, 0x3f, 0x8c, 0xbf, 0x5e, 0x00, 0x48, 0xd5,
  0x0c, 0x03, 0x05, 0x02, 0x5f, 0x00, 0x48, 0xd5, 0x0c, 0x11, 0x21, 0x02,
  0x81, 0x18, 0xba, 0x36, 0x8f, 0xb2, 0xb4, 0x36, 0xf9, 0xb2, 0xb2, 0x2c,
  0x84, 0x06, 0x86, 0x00, 0x8f, 0xb6, 0xb8, 0x36, 0xf9, 0xb6, 0xb6, 0x2c,
  0x84, 0x06, 0x86, 0x00, 0x8f, 0xae, 0xb0, 0x36, 0xf9, 0xae, 0xae, 0x2c,
  0x84, 0x06, 0x86, 0x00, 0x07, 0x00, 0x48, 0xd5, 0x5f, 0x03, 0x05, 0x02,
  0x81, 0xbe, 0x0c, 0x36, 0x5d, 0x00, 0x46, 0xd7, 0x5d, 0x09, 0x61, 0x05,
  0x73, 0x3f, 0x8c, 0xbf, 0x2a, 0x00, 0x49, 0xd5, 0x1c, 0x55, 0x22, 0x02,
  0x28, 0x00, 0x49, 0xd5, 0x1c, 0x51, 0x22, 0x02, 0x72, 0x3f, 0x8c, 0xbf,
  0x29, 0x00, 0x49, 0xd5, 0x20, 0x53, 0x22, 0x02, 0x2b, 0x00, 0x49, 0xd5,
  0x20, 0x57, 0x22, 0x02, 0x5e, 0x00, 0x46, 0xd7, 0x5e, 0x09, 0x5d, 0x05,
  0x57, 0x00, 0x48, 0xd5, 0x0c, 0x21, 0x21, 0x02, 0x07, 0x00, 0x46, 0xd7,
  0x07, 0x09, 0x65, 0x05, 0x06, 0x00, 0x46, 0xd7, 0x06, 0x09, 0x69, 0x05,
  0x98, 0x18, 0xb4, 0x2c, 0x2c, 0x00, 0x49, 0xd5, 0x1c, 0x59, 0x22, 0x02,
  0x2d, 0x00, 0x49, 0xd5, 0x20, 0x5b, 0x22, 0x02, 0x5d, 0x00, 0x69, 0xd5,
  0x5d, 0x51, 0x02, 0x02, 0x1c, 0x00, 0x49, 0xd5, 0x1c, 0x5d, 0x22, 0x02,
  0x5e, 0x00, 0x69, 0xd5, 0x5e, 0x53, 0x02, 0x02, 0x81, 0xae, 0xb0, 0x36,
  0x20, 0x00, 0x49, 0xd5, 0x20, 0x5f, 0x22, 0x02, 0x59, 0x00, 0x48, 0xd5,
  0x57, 0x03, 0x05, 0x02, 0x07, 0x00, 0x69, 0xd5, 0x07, 0x57, 0x02, 0x02,
  0x06, 0x00, 0x69, 0xd5, 0x06, 0x55, 0x02, 0x02, 0x58, 0x00, 0x46, 0xd7,
  0x58, 0x09, 0x71, 0x05, 0x8f, 0x10, 0xb8, 0x36, 0xf9, 0x10, 0x10, 0x2c,
  0x84, 0x06, 0x86, 0x00, 0x59, 0x00, 0x46, 0xd7, 0x59, 0x09, 0x6d, 0x05,
  0x81, 0xb4, 0xb6, 0x36, 0x30, 0x00, 0x49, 0xd5, 0x1d, 0x61, 0x22, 0x02,
  0x31, 0x00, 0x49, 0xd5, 0x21, 0x63, 0x22, 0x02, 0x58, 0x00, 0x69, 0xd5,
  0x58, 0x59, 0x02, 0x02, 0x2c, 0x00, 0x6d, 0xd7, 0x2c, 0x51, 0xaa, 0x04,
  0x59, 0x00, 0x69, 0xd5, 0x59, 0x5b, 0x02, 0x02, 0x2d, 0x00, 0x6d, 0xd7,
  0x2d, 0x53, 0xae, 0x04, 0x5b, 0x00, 0x46, 0xd7, 0x5b, 0x09, 0x71, 0x05,
  0x58, 0x00, 0x6d, 0xd7, 0x58, 0xbb, 0x1a, 0x04, 0x5d, 0x00, 0x48, 0xd5,
  0x5a, 0x03, 0x05, 0x02, 0xff, 0x12, 0x0c, 0x2c, 0x20, 0x01, 0x00, 0x00,
  0x5b, 0x00, 0x69, 0xd5, 0x5b, 0x39, 0x02, 0x02, 0x59, 0x00, 0x6d, 0xd7,
  0x59, 0xbd, 0x1e, 0x04, 0x81, 0x1a, 0xbc, 0x36, 0x5d, 0x00, 0x46, 0xd7,
  0x5d, 0x09, 0x21, 0x04, 0x08, 0x00, 0x48, 0xd5, 0x0d, 0x03, 0x05, 0x02,
  0x32, 0x00, 0x49, 0xd5, 0x1d, 0x65, 0x22, 0x02, 0x8f, 0x0c, 0x0e, 0x36,
  0xf9, 0x0c, 0x0c, 0x2c, 0x84, 0x06, 0x86, 0x00, 0x33, 0x00, 0x49, 0xd5,
  0x21, 0x67, 0x22, 0x02, 0xff, 0x12, 0x50, 0x2c, 0x28, 0x01, 0x00, 0x00,
  0x5d, 0x00, 0x69, 0xd5, 0x5d, 0x41, 0x02, 0x02, 0x5e, 0x00, 0x46, 0xd7,
  0x5e, 0x09, 0x1d, 0x04, 0x08, 0x00, 0x46, 0xd7, 0x08, 0x09, 0x19, 0x04,
  0x8f, 0x50, 0x52, 0x36, 0xf9, 0x50, 0x50, 0x2c, 0x84, 0x06, 0x86, 0x00,
  0x34, 0x00, 0x49, 0xd5, 0x1d, 0x69, 0x22, 0x02, 0x35, 0x00, 0x49, 0xd5,
  0x21, 0x6b, 0x22, 0x02, 0x2b, 0x00, 0x48, 0xd5, 0x0d, 0x21, 0x21, 0x02,
  0x5e, 0x00, 0x69, 0xd5, 0x5e, 0x61, 0x02, 0x02, 0x30, 0x00, 0x6d, 0xd7,
  0x30, 0x59, 0x72, 0x04, 0x1c, 0x00, 0x48, 0xd5, 0x0d, 0x11, 0x21, 0x02,
  0x08, 0x00, 0x69, 0xd5, 0x08, 0x63, 0x02, 0x02, 0x31, 0x00, 0x6d, 0xd7,
  0x31, 0x5b, 0x82, 0x04, 0xff, 0x12, 0x5a, 0x2c, 0x30, 0x01, 0x00, 0x00,
  0x81, 0x56, 0x58, 0x36, 0x2f, 0x00, 0x48, 0xd5, 0x2b, 0x03, 0x05, 0x02,
  0x2a, 0x00, 0x48, 0xd5, 0x1c, 0x03, 0x05, 0x02, 0x81, 0x38, 0x40, 0x36,
  0x5e, 0x00, 0x6d, 0xd7, 0x5e, 0xb1, 0x6e, 0x05, 0x8f, 0x5a, 0x5c, 0x36,
  0xf9, 0x5a, 0x5a, 0x2c, 0x84, 0x06, 0x86, 0x00, 0x1d, 0x00, 0x49, 0xd5,
  0x1d, 0x6d, 0x22, 0x02, 0x08, 0x00, 0x6d, 0xd7, 0x08, 0xb3, 0x76, 0x05,
  0x21, 0x00, 0x49, 0xd5, 0x21, 0x6f, 0x22, 0x02, 0x2a, 0x00, 0x46, 0xd7,
  0x2a, 0x09, 0xa1, 0x04, 0xff, 0x12, 0x12, 0x2c, 0x38, 0x01, 0x00, 0x00,
  0x20, 0x00, 0x46, 0xd7, 0x20, 0x09, 0xa5, 0x04, 0x2c, 0x00, 0x46, 0xd7,
  0x2c, 0x09, 0xb9, 0x04, 0x2f, 0x00, 0x46, 0xd7, 0x2f, 0x09, 0xb5, 0x04,
  0x2a, 0x00, 0x69, 0xd5, 0x2a, 0x67, 0x02, 0x02, 0x20, 0x00, 0x69, 0xd5,
  0x20, 0x65, 0x02, 0x02, 0x2c, 0x00, 0x69, 0xd5, 0x2c, 0x69, 0x02, 0x02,
  0x34, 0x00, 0x6d, 0xd7, 0x34, 0x61, 0xca, 0x04, 0x98, 0x1a, 0x60, 0x2c,
  0x8f, 0x12, 0x64, 0x36, 0xf9, 0x12, 0x12, 0x2c, 0x84, 0x06, 0x86, 0x00,
  0x2f, 0x00, 0x69, 0xd5, 0x2f, 0x6b, 0x02, 0x02, 0x35, 0x00, 0x6d, 0xd7,
  0x35, 0x63, 0xce, 0x04, 0x38, 0x00, 0x49, 0xd5, 0x1e, 0x71, 0x22, 0x02,
  0x39, 0x00, 0x49, 0xd5, 0x22, 0x73, 0x22, 0x02, 0x81, 0x1c, 0x6c, 0x36,
  0xff, 0x14, 0x6e, 0x2c, 0x40, 0x01, 0x00, 0x00, 0x33, 0x00, 0x48, 0xd5,
  0x30, 0x03, 0x05, 0x02, 0x81, 0x60, 0x62, 0x36, 0x2c, 0x00, 0x6d, 0xd7,
  0x2c, 0xbd, 0x82, 0x04, 0x59, 0x00, 0x48, 0xd5, 0x0e, 0x03, 0x05, 0x02,
  0x2f, 0x00, 0x6d, 0xd7, 0x2f, 0x11, 0xaa, 0x04, 0x3a, 0x00, 0x49, 0xd5,
  0x1e, 0x75, 0x22, 0x02, 0x3b, 0x00, 0x49, 0xd5, 0x22, 0x77, 0x22, 0x02,
  0x8f, 0x6e, 0xb0, 0x36, 0xf9, 0x6e, 0x6e, 0x2c, 0x84, 0x06, 0x86, 0x00,
  0x5b, 0x00, 0x48, 0xd5, 0x0e, 0x11, 0x21, 0x02, 0x33, 0x00, 0x46, 0xd7,
  0x33, 0x09, 0x25, 0x04, 0x31, 0x00, 0x46, 0xd7, 0x31, 0x09, 0xc9, 0x04,
  0xff, 0x14, 0xba, 0x2c, 0x48, 0x01, 0x00, 0x00, 0x36, 0x00, 0x46, 0xd7,
  0x36, 0x09, 0x61, 0x05, 0x59, 0x00, 0x46, 0xd7, 0x59, 0x09, 0xdd, 0x04,
  0x81, 0xb6, 0xb8, 0x36, 0x06, 0x00, 0x48, 0xd5, 0x5b, 0x03, 0x05, 0x02,
  0x3c, 0x00, 0x49, 0xd5, 0x1e, 0x79, 0x22, 0x02, 0x33, 0x00, 0x69, 0xd5,
  0x33, 0x43, 0x02, 0x02, 0x31, 0x00, 0x69, 0xd5, 0x31, 0x3b, 0x02, 0x02,
  0x3d, 0x00, 0x49, 0xd5, 0x22, 0x7b, 0x22, 0x02, 0x07, 0x00, 0x48, 0xd5,
  0x0e, 0x21, 0x21, 0x02, 0x8f, 0xba, 0xbc, 0x36, 0xf9, 0xba, 0xba, 0x2c,
  0x84, 0x06, 0x86, 0x00, 0x36, 0x00, 0x69, 0xd5, 0x36, 0x71, 0x02, 0x02,
  0x38, 0x00, 0x6d, 0xd7, 0x38, 0x69, 0x76, 0x04, 0x59, 0x00, 0x69, 0xd5,
  0x59, 0x73, 0x02, 0x02, 0x39, 0x00, 0x6d, 0xd7, 0x39, 0x6b, 0x86, 0x04,
  0xff, 0x14, 0x12, 0x2c, 0x50, 0x01, 0x00, 0x00, 0x81, 0x0e, 0x10, 0x36,
  0x20, 0x00, 0x48, 0xd5, 0x07, 0x03, 0x05, 0x02, 0x5c, 0x00, 0x46, 0xd7,
  0x5c, 0x09, 0x79, 0x05, 0x06, 0x00, 0x46, 0xd7, 0x06, 0x09, 0x75, 0x05,
  0x36, 0x00, 0x6d, 0xd7, 0x36, 0x59, 0xc6, 0x04, 0x1e, 0x00, 0x49, 0xd5,
  0x1e, 0x7d, 0x22, 0x02, 0x22, 0x00, 0x49, 0xd5, 0x22, 0x7f, 0x22, 0x02,
  0x98, 0x1c, 0x42, 0x2c, 0x8f, 0x12, 0x3a, 0x36, 0xf9, 0x12, 0x12, 0x2c,
  0x84, 0x06, 0x86, 0x00, 0x59, 0x00, 0x6d, 0xd7, 0x59, 0x5f, 0xce, 0x04,
  0xff, 0x14, 0x14, 0x2c, 0x58, 0x01, 0x00, 0x00, 0x5c, 0x00, 0x69, 0xd5,
  0x5c, 0x75, 0x02, 0x02, 0x06, 0x00, 0x69, 0xd5, 0x06, 0x77, 0x02, 0x02,
  0x81, 0x42, 0x50, 0x36, 0x2a, 0x00, 0x48, 0xd5, 0x21, 0x03, 0x05, 0x02,
  0x08, 0x00, 0x46, 0xd7, 0x08, 0x09, 0x75, 0x04, 0x20, 0x00, 0x46, 0xd7,
  0x20, 0x09, 0x25, 0x04, 0x8f, 0x14, 0x52, 0x36, 0xf9, 0x14, 0x14, 0x2c,
  0x84, 0x06, 0x86, 0x00, 0x40, 0x00, 0x49, 0xd5, 0x1f, 0x81, 0x22, 0x02,
  0x41, 0x00, 0x49, 0xd5, 0x23, 0x83, 0x22, 0x02, 0x81, 0x1e, 0x58, 0x36,
  0xff, 0x16, 0x5a, 0x2c, 0x60, 0x01, 0x00, 0x00, 0x2f, 0x00, 0x48, 0xd5,
  0x0f, 0x03, 0x05, 0x02, 0x08, 0x00, 0x69, 0xd5, 0x08, 0x79, 0x02, 0x02,
  0x3c, 0x00, 0x6d, 0xd7, 0x3c, 0x71, 0xea, 0x04, 0x20, 0x00, 0x69, 0xd5,
  0x20, 0x7b, 0x02, 0x02, 0x3d, 0x00, 0x6d, 0xd7, 0x3d, 0x73, 0xee, 0x04,
  0x28, 0x00, 0x46, 0xd7, 0x28, 0x09, 0xa5, 0x04, 0x2a, 0x00, 0x46, 0xd7,
  0x2a, 0x09, 0x29, 0x04, 0x8f, 0x5a, 0x5c, 0x36, 0xf9, 0x5a, 0x5a, 0x2c,
  0x84, 0x06, 0x86, 0x00, 0x42, 0x00, 0x49, 0xd5, 0x1f, 0x85, 0x22, 0x02,
  0x08, 0x00, 0x6d, 0xd7, 0x08, 0x6d, 0x72, 0x05, 0x43, 0x00, 0x49, 0xd5,
  0x23, 0x87, 0x22, 0x02, 0x31, 0x00, 0x48, 0xd5, 0x0f, 0x11, 0x21, 0x02,
  0xff, 0x16, 0x66, 0x2c, 0x68, 0x01, 0x00, 0x00, 0x28, 0x00, 0x69, 0xd5,
  0x28, 0x3d, 0x02, 0x02, 0x2a, 0x00, 0x69, 0xd5, 0x2a, 0x45, 0x02, 0x02,
  0x20, 0x00, 0x6d, 0xd7, 0x20, 0xb3, 0x1a, 0x04, 0x2c, 0x00, 0x46, 0xd7,
  0x2c, 0x09, 0xb9, 0x04, 0x2f, 0x00, 0x46, 0xd7, 0x2f, 0x09, 0xb5, 0x04,
  0x81, 0x62, 0x64, 0x36, 0x35, 0x00, 0x48, 0xd5, 0x31, 0x03, 0x05, 0x02,
  0x8f, 0x66, 0x68, 0x36, 0xf9, 0x66, 0x66, 0x2c, 0x84, 0x06, 0x86, 0x00,
  0x44, 0x00, 0x49, 0xd5, 0x1f, 0x89, 0x22, 0x02, 0x45, 0x00, 0x49, 0xd5,
  0x23, 0x8b, 0x22, 0x02, 0x36, 0x00, 0x48, 0xd5, 0x0f, 0x21, 0x21, 0x02,
  0xff, 0x16, 0x70, 0x2c, 0x70, 0x01, 0x00, 0x00, 0x2c, 0x00, 0x69, 0xd5,
  0x2c, 0x81, 0x02, 0x02, 0x40, 0x00, 0x6d, 0xd7, 0x40, 0x79, 0x7a, 0x04,
  0x2f, 0x00, 0x69, 0xd5, 0x2f, 0x83, 0x02, 0x02, 0x41, 0x00, 0x6d, 0xd7,
  0x41, 0x7b, 0x8a, 0x04, 0x32, 0x00, 0x46, 0xd7, 0x32, 0x09, 0xd1, 0x04,
  0x35, 0x00, 0x46, 0xd7, 0x35, 0x09, 0xcd, 0x04, 0x3a, 0x00, 0x48, 0xd5,
  0x36, 0x03, 0x05, 0x02, 0x81, 0x6c, 0x6e, 0x36, 0x8f, 0x70, 0x72, 0x36,
  0xf9, 0x70, 0x70, 0x2c, 0x84, 0x06, 0x86, 0x00, 0x2c, 0x00, 0x6d, 0xd7,
  0x2c, 0x11, 0xa2, 0x04, 0x1f, 0x00, 0x49, 0xd5, 0x1f, 0x8d, 0x22, 0x02,
  0x23, 0x00, 0x49, 0xd5, 0x23, 0x8f, 0x22, 0x02, 0x98, 0x1e, 0x76, 0x2c,
  0x32, 0x00, 0x69, 0xd5, 0x32, 0x85, 0x02, 0x02, 0x35, 0x00, 0x69, 0xd5,
  0x35, 0x87, 0x02, 0x02, 0x2f, 0x00, 0x6d, 0xd7, 0x2f, 0x41, 0xaa, 0x04,
  0xff, 0x16, 0x16, 0x2c, 0x78, 0x01, 0x00, 0x00, 0x37, 0x00, 0x46, 0xd7,
  0x37, 0x09, 0xe5, 0x04, 0x3a, 0x00, 0x46, 0xd7, 0x3a, 0x09, 0xe1, 0x04,
  0x81, 0x76, 0x78, 0x36, 0x3e, 0x00, 0x48, 0xd5, 0x3b, 0x03, 0x05, 0x02,
  0x71, 0x3f, 0x8c, 0xbf, 0x48, 0x00, 0x49, 0xd5, 0x24, 0x91, 0x22, 0x02,
  0x70, 0x3f, 0x8c, 0xbf, 0x49, 0x00, 0x49, 0xd5, 0x18, 0x93, 0x22, 0x02,
  0x81, 0x28, 0x7e, 0x36, 0x8f, 0x16, 0x7a, 0x36, 0xf9, 0x16, 0x16, 0x2c,
  0x84, 0x06, 0x86, 0x00, 0x37, 0x00, 0x69, 0xd5, 0x37, 0x89, 0x02, 0x02,
  0x44, 0x00, 0x6d, 0xd7, 0x44, 0x81, 0x0a, 0x05, 0xff, 0x20, 0x80, 0x2c,
  0x80, 0x01, 0x00, 0x00, 0x42, 0x00, 0x48, 0xd5, 0x14, 0x03, 0x05, 0x02,
  0x3a, 0x00, 0x69, 0xd5, 0x3a, 0x8b, 0x02, 0x02, 0x45, 0x00, 0x6d, 0xd7,
  0x45, 0x83, 0x0e, 0x05, 0x3c, 0x00, 0x46, 0xd7, 0x3c, 0x09, 0xf5, 0x04,
  0x3e, 0x00, 0x46, 0xd7, 0x3e, 0x09, 0x2d, 0x04, 0x8f, 0x80, 0x82, 0x36,
  0xf9, 0x80, 0x80, 0x2c, 0x84, 0x06, 0x86, 0x00, 0x37, 0x00, 0x6d, 0xd7,
  0x37, 0x59, 0xca, 0x04, 0x4a, 0x00, 0x49, 0xd5, 0x24, 0x95, 0x22, 0x02,
  0x4b, 0x00, 0x49, 0xd5, 0x18, 0x97, 0x22, 0x02, 0x43, 0x00, 0x48, 0xd5,
  0x14, 0x11, 0x21, 0x02, 0x3c, 0x00, 0x69, 0xd5, 0x3c, 0x3f, 0x02, 0x02,
  0x3e, 0x00, 0x69, 0xd5, 0x3e, 0x47, 0x02, 0x02, 0x3a, 0x00, 0x6d, 0xd7,
  0x3a, 0x5f, 0xd6, 0x04, 0x3f, 0x00, 0x46, 0xd7, 0x3f, 0x09, 0x05, 0x05,
  0x42, 0x00, 0x46, 0xd7, 0x42, 0x09, 0x01, 0x05, 0x47, 0x00, 0x48, 0xd5,
  0x43, 0x03, 0x05, 0x02, 0x4c, 0x00, 0x49, 0xd5, 0x24, 0x99, 0x22, 0x02,
  0x4d, 0x00, 0x49, 0xd5, 0x18, 0x9b, 0x22, 0x02, 0x58, 0x00, 0x48, 0xd5,
  0x14, 0x21, 0x21, 0x02, 0x3f, 0x00, 0x69, 0xd5, 0x3f, 0x91, 0x02, 0x02,
  0x48, 0x00, 0x6d, 0xd7, 0x48, 0x89, 0x7e, 0x04, 0x81, 0x86, 0x88, 0x36,
  0xff, 0x20, 0xb8, 0x2c, 0x90, 0x01, 0x00, 0x00, 0x42, 0x00, 0x69, 0xd5,
  0x42, 0x93, 0x02, 0x02, 0x49, 0x00, 0x6d, 0xd7, 0x49, 0x8b, 0x8e, 0x04,
  0xff, 0x20, 0x8a, 0x2c, 0x88, 0x01, 0x00, 0x00, 0x81, 0xb0, 0xb2, 0x36,
  0x5e, 0x00, 0x48, 0xd5, 0x58, 0x03, 0x05, 0x02, 0x8f, 0xb8, 0xba, 0x36,
  0xf9, 0xb8, 0xb8, 0x2c, 0x84, 0x06, 0x86, 0x00, 0x3f, 0x00, 0x6d, 0xd7,
  0x3f, 0x6f, 0xf2, 0x04, 0x8f, 0x8a, 0x8c, 0x36, 0xf9, 0x8a, 0x8a, 0x2c,
  0x84, 0x06, 0x86, 0x00, 0x24, 0x00, 0x49, 0xd5, 0x24, 0x9d, 0x22, 0x02,
  0x42, 0x00, 0x6d, 0xd7, 0x42, 0x75, 0xfa, 0x04, 0x18, 0x00, 0x49, 0xd5,
  0x18, 0x9f, 0x22, 0x02, 0x98, 0x28, 0x0c, 0x2c, 0x59, 0x00, 0x46, 0xd7,
  0x59, 0x09, 0x75, 0x05, 0xff, 0x20, 0x20, 0x2c, 0x98, 0x01, 0x00, 0x00,
  0x5e, 0x00, 0x46, 0xd7, 0x5e, 0x09, 0x71, 0x05, 0x44, 0x00, 0x46, 0xd7,
  0x44, 0x09, 0x19, 0x05, 0x47, 0x00, 0x46, 0xd7, 0x47, 0x09, 0x15, 0x05,
  0x0a, 0x00, 0x48, 0xd5, 0x06, 0x03, 0x05, 0x02, 0x81, 0x0c, 0x10, 0x36,
  0x50, 0x00, 0x49, 0xd5, 0x25, 0xa1, 0x22, 0x02, 0x59, 0x00, 0x69, 0xd5,
  0x59, 0x99, 0x02, 0x02, 0x4c, 0x00, 0x6d, 0xd7, 0x4c, 0x91, 0x2a, 0x05,
  0x8f, 0x20, 0x12, 0x36, 0xf9, 0x20, 0x20, 0x2c, 0x84, 0x06, 0x86, 0x00,
  0x51, 0x00, 0x49, 0xd5, 0x19, 0xa3, 0x22, 0x02, 0x5e, 0x00, 0x69, 0xd5,
  0x5e, 0x9b, 0x02, 0x02, 0x4d, 0x00, 0x6d, 0xd7, 0x4d, 0x93, 0x2e, 0x05,
  0x81, 0x2a, 0x16, 0x36, 0x44, 0x00, 0x69, 0xd5, 0x44, 0x95, 0x02, 0x02,
  0x47, 0x00, 0x69, 0xd5, 0x47, 0x97, 0x02, 0x02, 0x1e, 0x00, 0x48, 0xd5,
  0x15, 0x03, 0x05, 0x02, 0x08, 0x00, 0x46, 0xd7, 0x08, 0x09, 0x25, 0x04,
  0x0a, 0x00, 0x46, 0xd7, 0x0a, 0x09, 0x41, 0x04, 0xff, 0x22, 0x20, 0x2c,
  0xa0, 0x01, 0x00, 0x00, 0x52, 0x00, 0x49, 0xd5, 0x25, 0xa5, 0x22, 0x02,
  0x59, 0x00, 0x6d, 0xd7, 0x59, 0x7f, 0x12, 0x05, 0x53, 0x00, 0x49, 0xd5,
  0x19, 0xa7, 0x22, 0x02, 0x1f, 0x00, 0x48, 0xd5, 0x15, 0x11, 0x21, 0x02,
  0x08, 0x00, 0x69, 0xd5, 0x08, 0x49, 0x02, 0x02, 0xff, 0x22, 0x44, 0x2c,
  0xa8, 0x01, 0x00, 0x00, 0x5e, 0x00, 0x6d, 0xd7, 0x5e, 0x85, 0x1e, 0x05,
  0x0a, 0x00, 0x69, 0xd5, 0x0a, 0x31, 0x02, 0x02, 0x8f, 0x20, 0x3a, 0x36,
  0xf9, 0x20, 0x20, 0x2c, 0x84, 0x06, 0x86, 0x00, 0x81, 0x3e, 0x40, 0x36,
  0x8f, 0x44, 0x46, 0x36, 0xf9, 0x44, 0x44, 0x2c, 0x84, 0x06, 0x86, 0x00,
  0x54, 0x00, 0x49, 0xd5, 0x25, 0xa9, 0x22, 0x02, 0x55, 0x00, 0x49, 0xd5,
  0x19, 0xab, 0x22, 0x02, 0x28, 0x00, 0x48, 0xd5, 0x15, 0x21, 0x21, 0x02,
  0x0b, 0x00, 0x46, 0xd7, 0x0b, 0x09, 0x75, 0x04, 0x1e, 0x00, 0x46, 0xd7,
  0x1e, 0x09, 0x41, 0x04, 0xff, 0x22, 0x54, 0x2c, 0xb0, 0x01, 0x00, 0x00,
  0x20, 0x00, 0x46, 0xd7, 0x20, 0x09, 0x8d, 0x04, 0x81, 0x50, 0x52, 0x36,
  0x2d, 0x00, 0x48, 0xd5, 0x28, 0x03, 0x05, 0x02, 0x0b, 0x00, 0x69, 0xd5,
  0x0b, 0xa1, 0x02, 0x02, 0x50, 0x00, 0x6d, 0xd7, 0x50, 0x99, 0x92, 0x04,
  0x24, 0x00, 0x48, 0xd5, 0x1f, 0x03, 0x05, 0x02, 0x1e, 0x00, 0x69, 0xd5,
  0x1e, 0xa3, 0x02, 0x02, 0x51, 0x00, 0x6d, 0xd7, 0x51, 0x9b, 0x62, 0x04,
  0x8f, 0x54, 0x58, 0x36, 0xf9, 0x54, 0x54, 0x2c, 0x84, 0x06, 0x86, 0x00,
  0x20, 0x00, 0x69, 0xd5, 0x20, 0xa5, 0x02, 0x02, 0x25, 0x00, 0x49, 0xd5,
  0x25, 0xad, 0x22, 0x02, 0x83, 0x06, 0x06, 0x34, 0x0b, 0x00, 0x6d, 0xd7,
  0x0b, 0xb3, 0x22, 0x04, 0x29, 0x00, 0x46, 0xd7, 0x29, 0x09, 0xb1, 0x04,
  0x24, 0x00, 0x46, 0xd7, 0x24, 0x09, 0x89, 0x04, 0x1e, 0x00, 0x6d, 0xd7,
  0x1e, 0xbd, 0x2a, 0x04, 0x05, 0x04, 0x10, 0x98, 0x2e, 0x00, 0x47, 0xd7,
  0x04, 0x06, 0x0a, 0x02, 0x29, 0x00, 0x69, 0xd5, 0x29, 0xa9, 0x02, 0x02,
  0x03, 0x00, 0x47, 0xd7, 0x10, 0x06, 0x0a, 0x02, 0x29, 0x00, 0x6d, 0xd7,
  0x29, 0x17, 0x82, 0x04, 0x01, 0x00, 0xa1, 0xbf, 0x00, 0x10, 0x38, 0xe0,
  0x2e, 0x08, 0x02, 0x80, 0x00, 0x10, 0x38, 0xe0, 0x03, 0x3c, 0x02, 0x80,
  0x85, 0x04, 0x64, 0x34, 0xff, 0x64, 0x66, 0x4a, 0x00, 0x63, 0x01, 0x00,
  0x00, 0x10, 0x38, 0xe0, 0x33, 0x44, 0x03, 0x80, 0x54, 0x00, 0x6d, 0xd7,
  0x54, 0xa1, 0x4a, 0x05, 0x2d, 0x00, 0x46, 0xd7, 0x2d, 0x09, 0xa9, 0x04,
  0xb7, 0x0a, 0x5e, 0x4a, 0x24, 0x00, 0x69, 0xd5, 0x24, 0xa7, 0x02, 0x02,
  0x98, 0x2a, 0x68, 0x2c, 0xff, 0x22, 0x22, 0x2c, 0xb8, 0x01, 0x00, 0x00,
  0x2d, 0x00, 0x69, 0xd5, 0x2d, 0xab, 0x02, 0x02, 0x55, 0x00, 0x6d, 0xd7,
  0x55, 0xa3, 0x4e, 0x05, 0x98, 0x0a, 0x72, 0x4a, 0x40, 0x10, 0x38, 0xe0,
  0x04, 0x48, 0x02, 0x80, 0x83, 0x5e, 0x5e, 0x36, 0x81, 0x68, 0x6a, 0x36,
  0xff, 0x0a, 0x74, 0x4a, 0x40, 0x65, 0x01, 0x00, 0x00, 0x10, 0x38, 0xe0,
  0x3a, 0x4c, 0x03, 0x80, 0x38, 0x00, 0x48, 0xd5, 0x34, 0x03, 0x05, 0x02,
  0x8f, 0x22, 0x6e, 0x36, 0xf9, 0x22, 0x22, 0x2c, 0x84, 0x06, 0x86, 0x00,
  0xb8, 0x0a, 0x80, 0x4a, 0x83, 0x72, 0x72, 0x36, 0xff, 0x0a, 0x84, 0x4a,
  0x60, 0x65, 0x01, 0x00, 0x00, 0x10, 0x38, 0xe0, 0x42, 0x50, 0x03, 0x80,
  0x2d, 0x00, 0x6d, 0xd7, 0x2d, 0x3d, 0x92, 0x04, 0x83, 0x5e, 0x5e, 0x34,
  0x81, 0x2c, 0x82, 0x36, 0xff, 0x24, 0xac, 0x2c, 0xc0, 0x01, 0x00, 0x00,
  0x35, 0x00, 0x46, 0xd7, 0x35, 0x09, 0xdd, 0x04, 0x38, 0x00, 0x46, 0xd7,
  0x38, 0x09, 0x45, 0x04, 0x83, 0x80, 0x80, 0x36, 0x83, 0x72, 0x72, 0x34,
  0x5c, 0x00, 0x48, 0xd5, 0x16, 0x03, 0x05, 0x02, 0x19, 0x00, 0x49, 0xd5,
  0x19, 0x5f, 0x22, 0x02, 0x8f, 0xac, 0xb2, 0x36, 0xf9, 0xac, 0xac, 0x2c,
  0x84, 0x06, 0x86, 0x00, 0x35, 0x00, 0x69, 0xd5, 0x35, 0x4b, 0x02, 0x02,
  0x99, 0x0a, 0xba, 0x4a, 0x83, 0x80, 0x80, 0x34, 0x39, 0x00, 0x49, 0xd5,
  0x26, 0x73, 0x22, 0x02, 0x38, 0x00, 0x69, 0xd5, 0x38, 0x33, 0x02, 0x02,
  0x41, 0x00, 0x46, 0xd7, 0x41, 0x09, 0x65, 0x05, 0x5c, 0x00, 0x46, 0xd7,
  0x5c, 0x09, 0x59, 0x05, 0xb9, 0x0a, 0xbc, 0x4a, 0x83, 0xba, 0xba, 0x36,
  0x40, 0x00, 0x49, 0xd5, 0x1a, 0x81, 0x22, 0x02, 0x10, 0x00, 0x48, 0xd5,
  0x16, 0x11, 0x21, 0x02, 0xff, 0x24, 0x30, 0x2c, 0xc8, 0x01, 0x00, 0x00,
  0x41, 0x00, 0x69, 0xd5, 0x41, 0x73, 0x02, 0x02, 0x39, 0x00, 0x6d, 0xd7,
  0x39, 0xa9, 0x96, 0x04, 0x83, 0xbc, 0xbc, 0x36, 0x83, 0xba, 0xba, 0x34,
  0x5c, 0x00, 0x69, 0xd5, 0x5c, 0x81, 0x02, 0x02, 0x40, 0x00, 0x6d, 0xd7,
  0x40, 0xab, 0x66, 0x04, 0x1d, 0x00, 0x48, 0xd5, 0x10, 0x03, 0x05, 0x02,
  0x81, 0x20, 0x22, 0x36, 0x8f, 0x30, 0x32, 0x36, 0xf9, 0x30, 0x30, 0x2c,
  0x84, 0x06, 0x86, 0x00, 0x9a, 0x0a, 0x3c, 0x4a, 0x83, 0xbc, 0xbc, 0x34,
  0x41, 0x00, 0x6d, 0xd7, 0x41, 0x53, 0xd6, 0x04, 0x5d, 0x00, 0x49, 0xd5,
  0x26, 0xbb, 0x22, 0x02, 0xba, 0x0a, 0x40, 0x4a, 0x22, 0x00, 0x48, 0xd5,
  0x16, 0x21, 0x21, 0x02, 0x5c, 0x00, 0x6d, 0xd7, 0x5c, 0x5b, 0xe2, 0x04,
  0x11, 0x00, 0x46, 0xd7, 0x11, 0x09, 0x65, 0x04, 0xff, 0x24, 0x48, 0x2c,
  0xd0, 0x01, 0x00, 0x00, 0x1d, 0x00, 0x46, 0xd7, 0x1d, 0x09, 0x61, 0x04,
  0x83, 0x3c, 0x3c, 0x36, 0x5e, 0x00, 0x49, 0xd5, 0x1a, 0xbd, 0x22, 0x02,
  0x83, 0x40, 0x40, 0x36, 0x81, 0x44, 0x46, 0x36, 0x29, 0x00, 0x48, 0xd5,
  0x22, 0x03, 0x05, 0x02, 0x11, 0x00, 0x69, 0xd5, 0x11, 0xbb, 0x02, 0x02,
  0x8f, 0x48, 0x4a, 0x36, 0xf9, 0x48, 0x48, 0x2c, 0x84, 0x06, 0x86, 0x00,
  0x83, 0x3c, 0x3c, 0x34, 0x1d, 0x00, 0x69, 0xd5, 0x1d, 0xbd, 0x02, 0x02,
  0x83, 0x40, 0x40, 0x34, 0x9b, 0x0a, 0x54, 0x4a, 0x23, 0x00, 0x46, 0xd7,
  0x23, 0x09, 0x95, 0x04, 0x29, 0x00, 0x46, 0xd7, 0x29, 0x09, 0x91, 0x04,
  0xbb, 0x0a, 0x58, 0x4a, 0x1e, 0x00, 0x49, 0xd5, 0x26, 0x3d, 0x22, 0x02,
  0x98, 0x2c, 0x5a, 0x2c, 0x20, 0x00, 0x49, 0xd5, 0x1a, 0x41, 0x22, 0x02,
  0xff, 0x24, 0x24, 0x2c, 0xd8, 0x01, 0x00, 0x00, 0x83, 0x54, 0x54, 0x36,
  0x83, 0x58, 0x58, 0x36, 0x23, 0x00, 0x69, 0xd5, 0x23, 0x3d, 0x02, 0x02,
  0x1e, 0x00, 0x6d, 0xd7, 0x1e, 0x73, 0x76, 0x05, 0x35, 0x00, 0x48, 0xd5,
  0x2d, 0x03, 0x05, 0x02, 0x81, 0x5a, 0x5e, 0x36, 0x29, 0x00, 0x69, 0xd5,
  0x29, 0x41, 0x02, 0x02, 0x20, 0x00, 0x6d, 0xd7, 0x20, 0x81, 0x7a, 0x05,
  0x8f, 0x24, 0x66, 0x36, 0xf9, 0x24, 0x24, 0x2c, 0x84, 0x06, 0x86, 0x00,
  0x83, 0x54, 0x54, 0x34, 0x83, 0x58, 0x58, 0x34, 0x9c, 0x0a, 0x6e, 0x4a,
  0x23, 0x00, 0x6d, 0xd7, 0x23, 0x83, 0x46, 0x04, 0xbc, 0x0a, 0x70, 0x4a,
  0x81, 0x2e, 0x72, 0x36, 0x2f, 0x00, 0x46, 0xd7, 0x2f, 0x09, 0xcd, 0x04,
  0xff, 0x26, 0x74, 0x2c, 0xe0, 0x01, 0x00, 0x00, 0x29, 0x00, 0x6d, 0xd7,
  0x29, 0xb9, 0x76, 0x04, 0x35, 0x00, 0x46, 0xd7, 0x35, 0x09, 0x49, 0x04,
  0x26, 0x00, 0x49, 0xd5, 0x26, 0x55, 0x22, 0x02, 0x41, 0x00, 0x48, 0xd5,
  0x17, 0x03, 0x05, 0x02, 0x1a, 0x00, 0x49, 0xd5, 0x1a, 0x59, 0x22, 0x02,
  0x83, 0x6e, 0x6e, 0x36, 0x83, 0x70, 0x70, 0x36, 0x8f, 0x74, 0x80, 0x36,
  0xf9, 0x74, 0x74, 0x2c, 0x84, 0x06, 0x86, 0x00, 0x2f, 0x00, 0x69, 0xd5,
  0x2f, 0x4d, 0x02, 0x02, 0x9d, 0x0a, 0x84, 0x4a, 0x35, 0x00, 0x69, 0xd5,
  0x35, 0x35, 0x02, 0x02, 0x83, 0x6e, 0x6e, 0x34, 0x83, 0x70, 0x70, 0x34,
  0x39, 0x00, 0x46, 0xd7, 0x39, 0x09, 0x01, 0x05, 0x41, 0x00, 0x46, 0xd7,
  0x41, 0x09, 0xe9, 0x04, 0xbd, 0x0a, 0xa8, 0x4a, 0x83, 0x84, 0x84, 0x36,
  0x55, 0x00, 0x48, 0xd5, 0x17, 0x11, 0x21, 0x02, 0x37, 0x00, 0x49, 0xd5,
  0x27, 0x6f, 0x22, 0x02, 0xff, 0x26, 0xb2, 0x2c, 0xe8, 0x01, 0x00, 0x00,
  0x38, 0x00, 0x49, 0xd5, 0x1b, 0x71, 0x22, 0x02, 0x83, 0xa8, 0xa8, 0x36,
  0x83, 0x84, 0x84, 0x34, 0x81, 0xaa, 0xac, 0x36, 0x5d, 0x00, 0x48, 0xd5,
  0x55, 0x03, 0x05, 0x02, 0x39, 0x00, 0x69, 0xd5, 0x39, 0x6f, 0x02, 0x02,
  0x37, 0x00, 0x6d, 0xd7, 0x37, 0x3d, 0x9a, 0x04, 0x9e, 0x0a, 0xbc, 0x4a,
  0x8f, 0xb2, 0xb8, 0x36, 0xf9, 0xb2, 0xb2, 0x2c, 0x84, 0x06, 0x86, 0x00,
  0x41, 0x00, 0x69, 0xd5, 0x41, 0x71, 0x02, 0x02, 0x38, 0x00, 0x6d, 0xd7,
  0x38, 0x41, 0x6a, 0x04, 0x83, 0xa8, 0xa8, 0x34, 0x42, 0x00, 0x49, 0xd5,
  0x27, 0x85, 0x22, 0x02, 0xbe, 0x0a, 0x22, 0x4a, 0x83, 0xbc, 0xbc, 0x36,
  0x39, 0x00, 0x6d, 0xd7, 0x39, 0x47, 0xbe, 0x04, 0x56, 0x00, 0x46, 0xd7,
  0x56, 0x09, 0x71, 0x05, 0x5d, 0x00, 0x46, 0xd7, 0x5d, 0x09, 0x65, 0x05,
  0x12, 0x00, 0x48, 0xd5, 0x17, 0x21, 0x21, 0x02, 0xff, 0x26, 0x32, 0x2c,
  0xf0, 0x01, 0x00, 0x00, 0x54, 0x00, 0x49, 0xd5, 0x1b, 0xa9, 0x22, 0x02,
  0x41, 0x00, 0x6d, 0xd7, 0x41, 0x53, 0xd6, 0x04, 0x83, 0x22, 0x22, 0x36,
  0x83, 0xbc, 0xbc, 0x34, 0x56, 0x00, 0x69, 0xd5, 0x56, 0x85, 0x02, 0x02,
  0x81, 0x24, 0x30, 0x36, 0x1d, 0x00, 0x48, 0xd5, 0x12, 0x03, 0x05, 0x02,
  0x8f, 0x32, 0x34, 0x36, 0xf9, 0x32, 0x32, 0x2c, 0x84, 0x06, 0x86, 0x00,
  0x5d, 0x00, 0x69, 0xd5, 0x5d, 0xa9, 0x02, 0x02, 0x83, 0x22, 0x22, 0x34,
  0x9f, 0x0a, 0x3c, 0x4a, 0x5e, 0x00, 0x49, 0xd5, 0x27, 0xbd, 0x22, 0x02,
  0x18, 0x00, 0x46, 0xd7, 0x18, 0x09, 0x69, 0x04, 0xbf, 0x0a, 0x40, 0x4a,
  0x1d, 0x00, 0x46, 0xd7, 0x1d, 0x09, 0x65, 0x04, 0x98, 0x2e, 0x46, 0x2c,
  0x11, 0x00, 0x49, 0xd5, 0x1b, 0x23, 0x22, 0x02, 0xff, 0x26, 0x26, 0x2c,
  0xf8, 0x01, 0x00, 0x00, 0x83, 0x3c, 0x3c, 0x36, 0x18, 0x00, 0x69, 0xd5,
  0x18, 0xbd, 0x02, 0x02, 0x5e, 0x00, 0x6d, 0xd7, 0x5e, 0x6f, 0x0a, 0x05,
  0x83, 0x40, 0x40, 0x36, 0x81, 0x46, 0x48, 0x36, 0x26, 0x00, 0x48, 0xd5,
  0x23, 0x03, 0x05, 0x02, 0x1d, 0x00, 0x69, 0xd5, 0x1d, 0x23, 0x02, 0x02,
  0x11, 0x00, 0x6d, 0xd7, 0x11, 0x71, 0x52, 0x05, 0x8f, 0x26, 0x4a, 0x36,
  0xf9, 0x26, 0x26, 0x2c, 0x84, 0x06, 0x86, 0x00, 0x83, 0x3c, 0x3c, 0x34,
  0x83, 0x40, 0x40, 0x34, 0x18, 0x00, 0x6d, 0xd7, 0x18, 0x73, 0x5a, 0x05,
  0x24, 0x00, 0x46, 0xd7, 0x24, 0x09, 0x95, 0x04, 0x1d, 0x00, 0x6d, 0xd7,
  0x1d, 0x83, 0x76, 0x05, 0x26, 0x00, 0x46, 0xd7, 0x26, 0x09, 0x4d, 0x04,
  0x27, 0x00, 0x49, 0xd5, 0x27, 0x3d, 0x22, 0x02, 0x1b, 0x00, 0x49, 0xd5,
  0x1b, 0x41, 0x22, 0x02, 0x5e, 0x4f, 0xbc, 0x4a, 0x24, 0x00, 0x69, 0xd5,
  0x24, 0x4f, 0x02, 0x02, 0x26, 0x00, 0x69, 0xd5, 0x26, 0x37, 0x02, 0x02,
  0x11, 0x37, 0x22, 0x4a, 0x5e, 0x0b, 0xbc, 0x7e, 0xc0, 0x0a, 0x4e, 0x4a,
  0x18, 0x49, 0x30, 0x4a, 0x11, 0x0b, 0x22, 0x7e, 0x1d, 0x4d, 0x3a, 0x4a,
  0x83, 0x4e, 0x4e, 0x36, 0xff, 0x0a, 0x52, 0x4a, 0x60, 0x00, 0x00, 0x00,
  0x18, 0x0b, 0x30, 0x7e, 0x1d, 0x0b, 0x3a, 0x7e, 0x83, 0x4e, 0x4e, 0x34,
  0x2a, 0x00, 0x48, 0xd5, 0x0c, 0x05, 0x05, 0x02, 0x83, 0x52, 0x52, 0x36,
  0x83, 0x52, 0x52, 0x34, 0x33, 0x00, 0x48, 0xd5, 0x0c, 0x07, 0x05, 0x02,
  0x75, 0x3f, 0x8c, 0xbf, 0x09, 0x3b, 0x12, 0x10, 0x08, 0x31, 0x10, 0x10,
  0x74, 0x3f, 0x8c, 0xbf, 0x3d, 0x23, 0x7a, 0x10, 0x3c, 0xbd, 0x78, 0x10,
  0xff, 0x0a, 0x6a, 0x4a, 0x41, 0x00, 0x00, 0x00, 0x09, 0x7b, 0x12, 0x08,
  0x08, 0x79, 0x10, 0x08, 0x83, 0x6a, 0x6a, 0x36, 0xff, 0x0a, 0x6e, 0x4a,
  0x61, 0x00, 0x00, 0x00, 0x73, 0x3f, 0x8c, 0xbf, 0x09, 0x8b, 0x12, 0x10,
  0x08, 0x89, 0x10, 0x10, 0x83, 0x6a, 0x6a, 0x34, 0x83, 0x6e, 0x6e, 0x36,
  0x38, 0x00, 0x48, 0xd5, 0x5f, 0x05, 0x05, 0x02, 0x01, 0x11, 0x02, 0x06,
  0x83, 0x6e, 0x6e, 0x34, 0x3c, 0x00, 0x48, 0xd5, 0x5f, 0x07, 0x05, 0x02,
  0x01, 0x13, 0x02, 0x06, 0x72, 0x3f, 0x8c, 0xbf, 0xff, 0x90, 0x58, 0x2c,
  0x00, 0x02, 0x00, 0x00, 0xff, 0x90, 0x72, 0x2c, 0x08, 0x02, 0x00, 0x00,
  0x8f, 0x58, 0x5e, 0x36, 0xf9, 0x58, 0x58, 0x2c, 0x84, 0x06, 0x86, 0x00,
  0xff, 0x0a, 0x7a, 0x4a, 0x42, 0x00, 0x00, 0x00, 0x8f, 0x72, 0x74, 0x36,
  0xf9, 0x72, 0x72, 0x2c, 0x84, 0x06, 0x86, 0x00, 0x71, 0x3f, 0x8c, 0xbf,
  0x35, 0x00, 0x49, 0xd5, 0x4c, 0x6b, 0x22, 0x02, 0x27, 0x00, 0x49, 0xd5,
  0x4c, 0x4f, 0x22, 0x02, 0xff, 0x0a, 0x80, 0x4a, 0x62, 0x00, 0x00, 0x00,
  0x2a, 0x00, 0x46, 0xd7, 0x2a, 0x09, 0xbd, 0x04, 0x33, 0x00, 0x46, 0xd7,
  0x33, 0x09, 0xb1, 0x04, 0x83, 0x7a, 0x7a, 0x36, 0x38, 0x00, 0x46, 0xd7,
  0x38, 0x09, 0xe9, 0x04, 0x41, 0x00, 0x48, 0xd5, 0x57, 0x05, 0x05, 0x02,
  0xff, 0x90, 0x84, 0x2c, 0x10, 0x02, 0x00, 0x00, 0x3c, 0x00, 0x46, 0xd7,
  0x3c, 0x09, 0xe5, 0x04, 0x83, 0x80, 0x80, 0x36, 0x45, 0x00, 0x48, 0xd5,
  0x57, 0x07, 0x05, 0x02, 0x2a, 0x00, 0x69, 0xd5, 0x2a, 0x4f, 0x02, 0x02,
  0x70, 0x3f, 0x8c, 0xbf, 0x29, 0x00, 0x49, 0xd5, 0x50, 0x53, 0x22, 0x02,
  0x37, 0x00, 0x49, 0xd5, 0x50, 0x6f, 0x22, 0x02, 0x83, 0x7a, 0x7a, 0x34,
  0x38, 0x00, 0x69, 0xd5, 0x38, 0x6b, 0x02, 0x02, 0x8f, 0x84, 0x88, 0x36,
  0xf9, 0x84, 0x84, 0x2c, 0x84, 0x06, 0x86, 0x00, 0x83, 0x80, 0x80, 0x34,
  0x33, 0x00, 0x69, 0xd5, 0x33, 0x53, 0x02, 0x02, 0xff, 0x0a, 0xa8, 0x4a,
  0x43, 0x00, 0x00, 0x00, 0x3c, 0x00, 0x69, 0xd5, 0x3c, 0x6f, 0x02, 0x02,
  0x3d, 0x00, 0x49, 0xd5, 0x4c, 0x7b, 0x22, 0x02, 0x41, 0x00, 0x46, 0xd7,
  0x41, 0x09, 0x11, 0x05, 0xff, 0x0a, 0xac, 0x4a, 0x63, 0x00, 0x00, 0x00,
  0x45, 0x00, 0x46, 0xd7, 0x45, 0x09, 0x09, 0x05, 0x40, 0x00, 0x49, 0xd5,
  0x50, 0x81, 0x22, 0x02, 0x83, 0xa8, 0xa8, 0x36, 0x59, 0x00, 0x48, 0xd5,
  0x5a, 0x05, 0x05, 0x02, 0xff, 0x90, 0x90, 0x2c, 0x18, 0x02, 0x00, 0x00,
  0x5d, 0x00, 0x48, 0xd5, 0x5a, 0x07, 0x05, 0x02, 0x41, 0x00, 0x69, 0xd5,
  0x41, 0x7b, 0x02, 0x02, 0x3d, 0x00, 0x6d, 0xd7, 0x3d, 0x4f, 0xd6, 0x04,
  0x83, 0xac, 0xac, 0x36, 0x45, 0x00, 0x69, 0xd5, 0x45, 0x81, 0x02, 0x02,
  0x40, 0x00, 0x6d, 0xd7, 0x40, 0x53, 0xde, 0x04, 0x83, 0xa8, 0xa8, 0x34,
  0x8f, 0x90, 0xb8, 0x36, 0xf9, 0x90, 0x90, 0x2c, 0x84, 0x06, 0x86, 0x00,
  0xff, 0x0a, 0xbc, 0x4a, 0x44, 0x00, 0x00, 0x00, 0x83, 0xac, 0xac, 0x34,
  0xff, 0x0a, 0x10, 0x4a, 0x64, 0x00, 0x00, 0x00, 0x41, 0x00, 0x6d, 0xd7,
  0x41, 0x55, 0xe2, 0x04, 0x09, 0x00, 0x48, 0xd5, 0x0d, 0x05, 0x05, 0x02,
  0xff, 0x92, 0x22, 0x2c, 0x20, 0x02, 0x00, 0x00, 0x4c, 0x00, 0x49, 0xd5,
  0x4c, 0xa9, 0x22, 0x02, 0x45, 0x00, 0x6d, 0xd7, 0x45, 0x67, 0xf2, 0x04,
  0x59, 0x00, 0x46, 0xd7, 0x59, 0x09, 0x71, 0x05, 0x5d, 0x00, 0x46, 0xd7,
  0x5d, 0x09, 0x21, 0x05, 0x83, 0xbc, 0xbc, 0x36, 0x18, 0x00, 0x48, 0xd5,
  0x0d, 0x07, 0x05, 0x02, 0x50, 0x00, 0x49, 0xd5, 0x50, 0xad, 0x22, 0x02,
  0x83, 0x10, 0x10, 0x36, 0x8f, 0x22, 0x26, 0x36, 0xf9, 0x22, 0x22, 0x2c,
  0x84, 0x06, 0x86, 0x00, 0x59, 0x00, 0x69, 0xd5, 0x59, 0x99, 0x02, 0x02,
  0xff, 0x0a, 0x32, 0x4a, 0x45, 0x00, 0x00, 0x00, 0x83, 0xbc, 0xbc, 0x34,
  0x5d, 0x00, 0x69, 0xd5, 0x5d, 0xa1, 0x02, 0x02, 0x83, 0x10, 0x10, 0x34,
  0x09, 0x00, 0x46, 0xd7, 0x09, 0x09, 0x4d, 0x04, 0x18, 0x00, 0x46, 0xd7,
  0x18, 0x09, 0x45, 0x04, 0xff, 0x0a, 0x34, 0x4a, 0x65, 0x00, 0x00, 0x00,
  0x83, 0x32, 0x32, 0x36, 0x5e, 0x00, 0x49, 0xd5, 0x4d, 0xbd, 0x22, 0x02,
  0x1b, 0x00, 0x48, 0xd5, 0x1c, 0x05, 0x05, 0x02, 0xff, 0x92, 0x3a, 0x2c,
  0x28, 0x02, 0x00, 0x00, 0x08, 0x00, 0x49, 0xd5, 0x51, 0x11, 0x22, 0x02,
  0x20, 0x00, 0x48, 0xd5, 0x1c, 0x07, 0x05, 0x02, 0x83, 0x34, 0x34, 0x36,
  0x83, 0x32, 0x32, 0x34, 0x09, 0x00, 0x69, 0xd5, 0x09, 0xbd, 0x02, 0x02,
  0x5e, 0x00, 0x6d, 0xd7, 0x5e, 0x7b, 0x32, 0x05, 0xff, 0x0a, 0x48, 0x4a,
  0x46, 0x00, 0x00, 0x00, 0x8f, 0x3a, 0x3c, 0x36, 0xf9, 0x3a, 0x3a, 0x2c,
  0x84, 0x06, 0x86, 0x00, 0x18, 0x00, 0x69, 0xd5, 0x18, 0x11, 0x02, 0x02,
  0x08, 0x00, 0x6d, 0xd7, 0x08, 0x81, 0x42, 0x05, 0x83, 0x34, 0x34, 0x34,
  0x19, 0x00, 0x49, 0xd5, 0x4d, 0x33, 0x22, 0x02, 0xff, 0x0a, 0x4a, 0x4a,
  0x66, 0x00, 0x00, 0x00, 0x83, 0x48, 0x48, 0x36, 0x09, 0x00, 0x6d, 0xd7,
  0x09, 0x83, 0x66, 0x05, 0x1b, 0x00, 0x46, 0xd7, 0x1b, 0x09, 0x79, 0x04,
  0x20, 0x00, 0x46, 0xd7, 0x20, 0x09, 0x75, 0x04, 0x26, 0x00, 0x48, 0xd5,
  0x2b, 0x05, 0x05, 0x02, 0x50, 0x10, 0x38, 0xe0, 0x04, 0x37, 0x02, 0x80,
  0xff, 0x92, 0x4e, 0x2c, 0x30, 0x02, 0x00, 0x00, 0x2a, 0x00, 0x48, 0xd5,
  0x2b, 0x07, 0x05, 0x02, 0x1a, 0x00, 0x49, 0xd5, 0x51, 0x35, 0x22, 0x02,
  0xff, 0x0a, 0x58, 0x4a, 0x50, 0x65, 0x01, 0x00, 0x43, 0x03, 0x5e, 0x7e,
  0x00, 0x10, 0x38, 0xe0, 0x2c, 0x40, 0x03, 0x80, 0x18, 0x00, 0x6d, 0xd7,
  0x18, 0x8b, 0x76, 0x05, 0x83, 0x4a, 0x4a, 0x36, 0x83, 0x48, 0x48, 0x34,
  0x1b, 0x00, 0x69, 0xd5, 0x1b, 0x33, 0x02, 0x02, 0x8f, 0x4e, 0x52, 0x36,
  0xf9, 0x4e, 0x4e, 0x2c, 0x84, 0x06, 0x86, 0x00, 0x20, 0x00, 0x69, 0xd5,
  0x20, 0x35, 0x02, 0x02, 0xff, 0x0a, 0x66, 0x4a, 0x70, 0x65, 0x01, 0x00,
  0x83, 0x4a, 0x4a, 0x34, 0x24, 0x00, 0x49, 0xd5, 0x4d, 0x49, 0x22, 0x02,
  0x26, 0x00, 0x46, 0xd7, 0x26, 0x09, 0xa5, 0x04, 0x2a, 0x00, 0x46, 0xd7,
  0x2a, 0x09, 0x9d, 0x04, 0x25, 0x00, 0x49, 0xd5, 0x51, 0x4b, 0x22, 0x02,
  0x26, 0x00, 0x69, 0xd5, 0x26, 0x49, 0x02, 0x02, 0x24, 0x00, 0x6d, 0xd7,
  0x24, 0xbd, 0x66, 0x04, 0x2a, 0x00, 0x69, 0xd5, 0x2a, 0x4b, 0x02, 0x02,
  0x26, 0x00, 0x6d, 0xd7, 0x26, 0x13, 0x6e, 0x04, 0x1a, 0x03, 0x12, 0x7e,
  0x2a, 0x00, 0x6d, 0xd7, 0x2a, 0x31, 0x82, 0x04, 0x00, 0x10, 0x38, 0xe0,
  0x33, 0x18, 0x03, 0x80, 0xff, 0x0a, 0x22, 0x4a, 0x47, 0x00, 0x00, 0x00,
  0xff, 0x0a, 0x26, 0x4a, 0x67, 0x00, 0x00, 0x00, 0x1d, 0x00, 0x48, 0xd5,
  0x30, 0x05, 0x05, 0x02, 0xff, 0x92, 0x92, 0x2c, 0x38, 0x02, 0x00, 0x00,
  0x20, 0x00, 0x48, 0xd5, 0x30, 0x07, 0x05, 0x02, 0x25, 0x00, 0x6d, 0xd7,
  0x25, 0x11, 0x26, 0x04, 0xff, 0x0a, 0x4e, 0x4a, 0x48, 0x00, 0x00, 0x00,
  0x83, 0x22, 0x22, 0x36, 0x83, 0x26, 0x26, 0x36, 0xff, 0x0a, 0x52, 0x4a,
  0x68, 0x00, 0x00, 0x00, 0x8f, 0x92, 0x3c, 0x36, 0xf9, 0x92, 0x92, 0x2c,
  0x84, 0x06, 0x86, 0x00, 0x2c, 0x00, 0x48, 0xd5, 0x0e, 0x05, 0x05, 0x02,
  0xff, 0x94, 0x66, 0x2c, 0x40, 0x02, 0x00, 0x00, 0x83, 0x4e, 0x4e, 0x36,
  0x83, 0x22, 0x22, 0x34, 0x83, 0x26, 0x26, 0x34, 0x83, 0x52, 0x52, 0x36,
  0x3c, 0x00, 0x48, 0xd5, 0x0e, 0x07, 0x05, 0x02, 0x1d, 0x00, 0x46, 0xd7,
  0x1d, 0x09, 0x79, 0x04, 0x20, 0x00, 0x46, 0xd7, 0x20, 0x09, 0x25, 0x05,
  0x8f, 0x66, 0x6a, 0x36, 0xf9, 0x66, 0x66, 0x2c, 0x84, 0x06, 0x86, 0x00,
  0x83, 0x4e, 0x4e, 0x34, 0x4d, 0x00, 0x49, 0xd5, 0x4d, 0x23, 0x22, 0x02,
  0x51, 0x00, 0x49, 0xd5, 0x51, 0x27, 0x22, 0x02, 0x83, 0x52, 0x52, 0x34,
  0xff, 0x0a, 0x7a, 0x4a, 0x49, 0x00, 0x00, 0x00, 0x2c, 0x00, 0x46, 0xd7,
  0x2c, 0x09, 0xd5, 0x04, 0x3c, 0x00, 0x46, 0xd7, 0x3c, 0x09, 0xcd, 0x04,
  0xff, 0x0a, 0x88, 0x4a, 0x69, 0x00, 0x00, 0x00, 0x27, 0x00, 0x49, 0xd5,
  0x4e, 0x4f, 0x22, 0x02, 0x1d, 0x00, 0x69, 0xd5, 0x1d, 0x9b, 0x02, 0x02,
  0x20, 0x00, 0x69, 0xd5, 0x20, 0xa3, 0x02, 0x02, 0x29, 0x00, 0x49, 0xd5,
  0x52, 0x53, 0x22, 0x02, 0x45, 0x00, 0x48, 0xd5, 0x5b, 0x05, 0x05, 0x02,
  0x83, 0x7a, 0x7a, 0x36, 0x83, 0x88, 0x88, 0x36, 0xff, 0x94, 0x90, 0x2c,
  0x48, 0x02, 0x00, 0x00, 0x2c, 0x00, 0x69, 0xd5, 0x2c, 0x4f, 0x02, 0x02,
  0x27, 0x00, 0x6d, 0xd7, 0x27, 0x49, 0x36, 0x05, 0x4c, 0x00, 0x48, 0xd5,
  0x5b, 0x07, 0x05, 0x02, 0x3c, 0x00, 0x69, 0xd5, 0x3c, 0x53, 0x02, 0x02,
  0x29, 0x00, 0x6d, 0xd7, 0x29, 0x4b, 0x46, 0x05, 0x83, 0x7a, 0x7a, 0x34,
  0x83, 0x88, 0x88, 0x34, 0xff, 0x0a, 0x9a, 0x4a, 0x4a, 0x00, 0x00, 0x00,
  0x8f, 0x90, 0x92, 0x36, 0xf9, 0x90, 0x90, 0x2c, 0x84, 0x06, 0x86, 0x00,
  0xff, 0x0a, 0xa0, 0x4a, 0x6a, 0x00, 0x00, 0x00, 0x2c, 0x00, 0x6d, 0xd7,
  0x2c, 0x4d, 0x76, 0x04, 0x51, 0x00, 0x48, 0xd5, 0x07, 0x05, 0x05, 0x02,
  0x3d, 0x00, 0x49, 0xd5, 0x4e, 0x7b, 0x22, 0x02, 0xff, 0x94, 0xa8, 0x2c,
  0x50, 0x02, 0x00, 0x00, 0x3c, 0x00, 0x6d, 0xd7, 0x3c, 0x55, 0x82, 0x04,
  0x44, 0x00, 0x49, 0xd5, 0x52, 0x89, 0x22, 0x02, 0x83, 0x9a, 0x9a, 0x36,
  0x59, 0x00, 0x48, 0xd5, 0x07, 0x07, 0x05, 0x02, 0x45, 0x00, 0x46, 0xd7,
  0x45, 0x09, 0x25, 0x05, 0x4c, 0x00, 0x46, 0xd7, 0x4c, 0x09, 0x21, 0x05,
  0x83, 0xa0, 0xa0, 0x36, 0x8f, 0xa8, 0xac, 0x36, 0xf9, 0xa8, 0xa8, 0x2c,
  0x84, 0x06, 0x86, 0x00, 0x83, 0x9a, 0x9a, 0x34, 0xff, 0x0a, 0xb8, 0x4a,
  0x4b, 0x00, 0x00, 0x00, 0x45, 0x00, 0x69, 0xd5, 0x45, 0x7b, 0x02, 0x02,
  0x4c, 0x00, 0x69, 0xd5, 0x4c, 0x89, 0x02, 0x02, 0x83, 0xa0, 0xa0, 0x34,
  0x51, 0x00, 0x46, 0xd7, 0x51, 0x09, 0x59, 0x05, 0x59, 0x00, 0x46, 0xd7,
  0x59, 0x09, 0x51, 0x05, 0xff, 0x0a, 0xba, 0x4a, 0x6b, 0x00, 0x00, 0x00,
  0x4d, 0x00, 0x49, 0xd5, 0x4e, 0x9b, 0x22, 0x02, 0x83, 0xb8, 0xb8, 0x36,
  0x5e, 0x00, 0x48, 0xd5, 0x21, 0x05, 0x05, 0x02, 0xff, 0x94, 0x94, 0x2c,
  0x58, 0x02, 0x00, 0x00, 0x50, 0x00, 0x49, 0xd5, 0x52, 0xa1, 0x22, 0x02,
  0x09, 0x00, 0x48, 0xd5, 0x21, 0x07, 0x05, 0x02, 0x83, 0xba, 0xba, 0x36,
  0x51, 0x00, 0x69, 0xd5, 0x51, 0x9b, 0x02, 0x02, 0x4d, 0x00, 0x6d, 0xd7,
  0x4d, 0x4f, 0xf6, 0x04, 0x83, 0xb8, 0xb8, 0x34, 0x8f, 0x94, 0x10, 0x36,
  0xf9, 0x94, 0x94, 0x2c, 0x84, 0x06, 0x86, 0x00, 0x59, 0x00, 0x69, 0xd5,
  0x59, 0xa1, 0x02, 0x02, 0x50, 0x00, 0x6d, 0xd7, 0x50, 0x53, 0x12, 0x05,
  0xff, 0x0a, 0x22, 0x4a, 0x4c, 0x00, 0x00, 0x00, 0x83, 0xba, 0xba, 0x34,
  0xff, 0x0a, 0x26, 0x4a, 0x6c, 0x00, 0x00, 0x00, 0x4e, 0x00, 0x49, 0xd5,
  0x4e, 0xb9, 0x22, 0x02, 0x51, 0x00, 0x6d, 0xd7, 0x51, 0x59, 0x16, 0x05,
  0x5e, 0x00, 0x46, 0xd7, 0x5e, 0x09, 0x21, 0x04, 0x09, 0x00, 0x46, 0xd7,
  0x09, 0x09, 0x29, 0x05, 0x1d, 0x00, 0x48, 0xd5, 0x0f, 0x05, 0x05, 0x02,
  0xff, 0x96, 0x3c, 0x2c, 0x60, 0x02, 0x00, 0x00, 0x83, 0x22, 0x22, 0x36,
  0x24, 0x00, 0x48, 0xd5, 0x0f, 0x07, 0x05, 0x02, 0x52, 0x00, 0x49, 0xd5,
  0x52, 0xbb, 0x22, 0x02, 0x59, 0x00, 0x6d, 0xd7, 0x59, 0x79, 0x32, 0x05,
  0x83, 0x26, 0x26, 0x36, 0x5e, 0x00, 0x69, 0xd5, 0x5e, 0x9d, 0x02, 0x02,
  0x8f, 0x3c, 0x40, 0x36, 0xf9, 0x3c, 0x3c, 0x2c, 0x84, 0x06, 0x86, 0x00,
  0x83, 0x22, 0x22, 0x34, 0x09, 0x00, 0x69, 0xd5, 0x09, 0xa5, 0x02, 0x02,
  0xff, 0x0a, 0x4a, 0x4a, 0x4d, 0x00, 0x00, 0x00, 0x83, 0x26, 0x26, 0x34,
  0x1d, 0x00, 0x46, 0xd7, 0x1d, 0x09, 0x81, 0x04, 0x24, 0x00, 0x46, 0xd7,
  0x24, 0x09, 0x79, 0x04, 0xff, 0x0a, 0x4c, 0x4a, 0x6d, 0x00, 0x00, 0x00,
  0x11, 0x00, 0x49, 0xd5, 0x4f, 0x23, 0x22, 0x02, 0x27, 0x00, 0x48, 0xd5,
  0x31, 0x05, 0x05, 0x02, 0xff, 0x96, 0x52, 0x2c, 0x68, 0x02, 0x00, 0x00,
  0x83, 0x4a, 0x4a, 0x36, 0x13, 0x00, 0x49, 0xd5, 0x53, 0x27, 0x22, 0x02,
  0x2c, 0x00, 0x48, 0xd5, 0x31, 0x07, 0x05, 0x02, 0x83, 0x4c, 0x4c, 0x36,
  0x1d, 0x00, 0x69, 0xd5, 0x1d, 0x23, 0x02, 0x02, 0x11, 0x00, 0x6d, 0xd7,
  0x11, 0x9b, 0x3a, 0x05, 0x8f, 0x52, 0x54, 0x36, 0xf9, 0x52, 0x52, 0x2c,
  0x84, 0x06, 0x86, 0x00, 0x83, 0x4a, 0x4a, 0x34, 0x24, 0x00, 0x69, 0xd5,
  0x24, 0x27, 0x02, 0x02, 0x13, 0x00, 0x6d, 0xd7, 0x13, 0xa1, 0x4a, 0x05,
  0xff, 0x0a, 0x66, 0x4a, 0x4e, 0x00, 0x00, 0x00, 0x83, 0x4c, 0x4c, 0x34,
  0xff, 0x0a, 0x6a, 0x4a, 0x6e, 0x00, 0x00, 0x00, 0x27, 0x00, 0x46, 0xd7,
  0x27, 0x09, 0xa9, 0x04, 0x1d, 0x00, 0x6d, 0xd7, 0x1d, 0xa3, 0x7a, 0x05,
  0x2c, 0x00, 0x46, 0xd7, 0x2c, 0x09, 0xa5, 0x04, 0x25, 0x00, 0x49, 0xd5,
  0x4f, 0x4b, 0x22, 0x02, 0x3c, 0x00, 0x48, 0xd5, 0x36, 0x05, 0x05, 0x02,
  0xff, 0x96, 0x7a, 0x2c, 0x70, 0x02, 0x00, 0x00, 0x83, 0x66, 0x66, 0x36,
  0x45, 0x00, 0x48, 0xd5, 0x36, 0x07, 0x05, 0x02, 0x24, 0x00, 0x6d, 0xd7,
  0x24, 0xb3, 0x26, 0x04, 0x26, 0x00, 0x49, 0xd5, 0x53, 0x4d, 0x22, 0x02,
  0x83, 0x6a, 0x6a, 0x36, 0x27, 0x00, 0x69, 0xd5, 0x27, 0x4b, 0x02, 0x02,
  0x8f, 0x7a, 0x88, 0x36, 0xf9, 0x7a, 0x7a, 0x2c, 0x84, 0x06, 0x86, 0x00,
  0x83, 0x66, 0x66, 0x34, 0x2c, 0x00, 0x69, 0xd5, 0x2c, 0x4d, 0x02, 0x02,
  0xff, 0x0a, 0x90, 0x4a, 0x4f, 0x00, 0x00, 0x00, 0x83, 0x6a, 0x6a, 0x34,
  0x3c, 0x00, 0x46, 0xd7, 0x3c, 0x09, 0x11, 0x05, 0xff, 0x0a, 0x92, 0x4a,
  0x6f, 0x00, 0x00, 0x00, 0x45, 0x00, 0x46, 0xd7, 0x45, 0x09, 0xf5, 0x04,
  0x33, 0x00, 0x49, 0xd5, 0x4f, 0x67, 0x22, 0x02, 0x4a, 0x00, 0x48, 0xd5,
  0x3b, 0x05, 0x05, 0x02, 0xff, 0x96, 0x96, 0x2c, 0x78, 0x02, 0x00, 0x00,
  0x83, 0x90, 0x90, 0x36, 0x35, 0x00, 0x49, 0xd5, 0x53, 0x6b, 0x22, 0x02,
  0x4d, 0x00, 0x48, 0xd5, 0x3b, 0x07, 0x05, 0x02, 0x83, 0x92, 0x92, 0x36,
  0x3c, 0x00, 0x69, 0xd5, 0x3c, 0x67, 0x02, 0x02, 0x33, 0x00, 0x6d, 0xd7,
  0x33, 0x23, 0x96, 0x04, 0x8f, 0x96, 0x98, 0x36, 0xf9, 0x96, 0x96, 0x2c,
  0x84, 0x06, 0x86, 0x00, 0x83, 0x90, 0x90, 0x34, 0x45, 0x00, 0x69, 0xd5,
  0x45, 0x6b, 0x02, 0x02, 0x35, 0x00, 0x6d, 0xd7, 0x35, 0x27, 0x9a, 0x04,
  0xff, 0x0a, 0x9c, 0x4a, 0x50, 0x00, 0x00, 0x00, 0x83, 0x92, 0x92, 0x34,
  0xff, 0x0a, 0xa0, 0x4a, 0x70, 0x00, 0x00, 0x00, 0x4a, 0x00, 0x46, 0xd7,
  0x4a, 0x09, 0x31, 0x05, 0x4d, 0x00, 0x46, 0xd7, 0x4d, 0x09, 0x2d, 0x05,
  0x3c, 0x00, 0x6d, 0xd7, 0x3c, 0x3b, 0x9e, 0x04, 0x4f, 0x00, 0x49, 0xd5,
  0x4f, 0x91, 0x22, 0x02, 0x51, 0x00, 0x48, 0xd5, 0x14, 0x05, 0x05, 0x02,
  0x83, 0x9c, 0x9c, 0x36, 0x56, 0x00, 0x48, 0xd5, 0x14, 0x07, 0x05, 0x02,
  0x45, 0x00, 0x6d, 0xd7, 0x45, 0x49, 0xb2, 0x04, 0x53, 0x00, 0x49, 0xd5,
  0x53, 0x93, 0x22, 0x02, 0x83, 0xa0, 0xa0, 0x36, 0x4a, 0x00, 0x69, 0xd5,
  0x4a, 0x9f, 0x02, 0x02, 0x83, 0x9c, 0x9c, 0x34, 0x4d, 0x00, 0x69, 0xd5,
  0x4d, 0xa7, 0x02, 0x02, 0x83, 0xa0, 0xa0, 0x34, 0xff, 0x0a, 0xb2, 0x4a,
  0x51, 0x00, 0x00, 0x00, 0x83, 0xb2, 0xb2, 0x36, 0xff, 0x0a, 0xb8, 0x4a,
  0x71, 0x00, 0x00, 0x00, 0x83, 0xb2, 0xb2, 0x34, 0x83, 0xb8, 0xb8, 0x36,
  0x83, 0xb8, 0xb8, 0x34, 0x5d, 0x00, 0x48, 0xd5, 0x2f, 0x05, 0x05, 0x02,
  0x72, 0x3f, 0x8c, 0xbf, 0xff, 0x6e, 0xbc, 0x2c, 0x88, 0x02, 0x00, 0x00,
  0xff, 0x6e, 0xa4, 0x2c, 0x80, 0x02, 0x00, 0x00, 0x8f, 0xbc, 0x10, 0x36,
  0x8f, 0xa4, 0xa8, 0x36, 0x09, 0x00, 0x48, 0xd5, 0x2f, 0x07, 0x05, 0x02,
  0xf9, 0xa4, 0xa4, 0x2c, 0x84, 0x06, 0x86, 0x00, 0xf9, 0xbc, 0xbc, 0x2c,
  0x84, 0x06, 0x86, 0x00, 0x71, 0x3f, 0x8c, 0xbf, 0x4e, 0x00, 0x49, 0xd5,
  0x40, 0x9d, 0x22, 0x02, 0x59, 0x00, 0x49, 0xd5, 0x40, 0xb3, 0x22, 0x02,
  0xff, 0x0a, 0x22, 0x4a, 0x52, 0x00, 0x00, 0x00, 0x5d, 0x00, 0x46, 0xd7,
  0x5d, 0x09, 0x21, 0x04, 0x51, 0x00, 0x46, 0xd7, 0x51, 0x09, 0x51, 0x05,
  0x56, 0x00, 0x46, 0xd7, 0x56, 0x09, 0x49, 0x05, 0x09, 0x00, 0x46, 0xd7,
  0x09, 0x09, 0x79, 0x05, 0xff, 0x0a, 0x26, 0x4a, 0x72, 0x00, 0x00, 0x00,
  0x83, 0x22, 0x22, 0x36, 0x1d, 0x00, 0x48, 0xd5, 0x58, 0x05, 0x05, 0x02,
  0x5d, 0x00, 0x69, 0xd5, 0x5d, 0xb3, 0x02, 0x02, 0x51, 0x00, 0x69, 0xd5,
  0x51, 0x9d, 0x02, 0x02, 0x4e, 0x00, 0x6d, 0xd7, 0x4e, 0x67, 0x3e, 0x05,
  0xff, 0x6e, 0x3c, 0x2c, 0x90, 0x02, 0x00, 0x00, 0x83, 0x26, 0x26, 0x36,
  0x83, 0x22, 0x22, 0x34, 0x24, 0x00, 0x48, 0xd5, 0x58, 0x07, 0x05, 0x02,
  0x8f, 0x3c, 0x40, 0x36, 0xf9, 0x3c, 0x3c, 0x2c, 0x84, 0x06, 0x86, 0x00,
  0x51, 0x00, 0x6d, 0xd7, 0x51, 0x79, 0x2a, 0x05, 0x83, 0x26, 0x26, 0x34,
  0x11, 0x00, 0x49, 0xd5, 0x40, 0x23, 0x22, 0x02, 0xff, 0x0a, 0x4a, 0x4a,
  0x53, 0x00, 0x00, 0x00, 0x1d, 0x00, 0x46, 0xd7, 0x1d, 0x09, 0x81, 0x04,
  0x24, 0x00, 0x46, 0xd7, 0x24, 0x09, 0x79, 0x04, 0x83, 0x4a, 0x4a, 0x36,
  0x1d, 0x00, 0x69, 0xd5, 0x1d, 0x23, 0x02, 0x02, 0x11, 0x00, 0x6d, 0xd7,
  0x11, 0x9d, 0x66, 0x05, 0xff, 0x0a, 0x4c, 0x4a, 0x73, 0x00, 0x00, 0x00,
  0x70, 0x3f, 0x8c, 0xbf, 0x5c, 0x00, 0x49, 0xd5, 0x18, 0xb9, 0x22, 0x02,
  0x50, 0x00, 0x49, 0xd5, 0x18, 0xa1, 0x22, 0x02, 0x13, 0x00, 0x49, 0xd5,
  0x18, 0x27, 0x22, 0x02, 0x83, 0x4a, 0x4a, 0x34, 0x27, 0x00, 0x48, 0xd5,
  0x06, 0x05, 0x05, 0x02, 0xff, 0x6e, 0x6e, 0x2c, 0x98, 0x02, 0x00, 0x00,
  0x83, 0x4c, 0x4c, 0x36, 0x2a, 0x00, 0x48, 0xd5, 0x06, 0x07, 0x05, 0x02,
  0x09, 0x00, 0x69, 0xd5, 0x09, 0xb9, 0x02, 0x02, 0x1d, 0x00, 0x6d, 0xd7,
  0x1d, 0xa3, 0x76, 0x05, 0x56, 0x00, 0x69, 0xd5, 0x56, 0xa1, 0x02, 0x02,
  0x50, 0x00, 0x6d, 0xd7, 0x50, 0x6b, 0x4e, 0x05, 0x24, 0x00, 0x69, 0xd5,
  0x24, 0x27, 0x02, 0x02, 0x40, 0x00, 0x49, 0xd5, 0x40, 0x4b, 0x22, 0x02,
  0x8f, 0x6e, 0x52, 0x36, 0xf9, 0x6e, 0x6e, 0x2c, 0x84, 0x06, 0x86, 0x00,
  0x83, 0x4c, 0x4c, 0x34, 0xff, 0x0a, 0x58, 0x4a, 0x54, 0x00, 0x00, 0x00,
  0x13, 0x00, 0x6d, 0xd7, 0x13, 0xa1, 0x72, 0x05, 0xff, 0x0a, 0x66, 0x4a,
  0x74, 0x00, 0x00, 0x00, 0x56, 0x00, 0x6d, 0xd7, 0x56, 0x8b, 0x36, 0x05,
  0x35, 0x00, 0x48, 0xd5, 0x15, 0x05, 0x05, 0x02, 0x27, 0x00, 0x46, 0xd7,
  0x27, 0x09, 0xa5, 0x04, 0x2a, 0x00, 0x46, 0xd7, 0x2a, 0x09, 0xdd, 0x04,
  0xff, 0x70, 0x6e, 0x2c, 0xa0, 0x02, 0x00, 0x00, 0x18, 0x00, 0x49, 0xd5,
  0x18, 0x4d, 0x22, 0x02, 0x3d, 0x00, 0x48, 0xd5, 0x15, 0x07, 0x05, 0x02,
  0x83, 0x58, 0x58, 0x36, 0x83, 0x66, 0x66, 0x36, 0x24, 0x00, 0x6d, 0xd7,
  0x24, 0xad, 0x26, 0x04, 0x27, 0x00, 0x69, 0xd5, 0x27, 0x81, 0x02, 0x02,
  0x8f, 0x6e, 0x78, 0x36, 0xf9, 0x6e, 0x6e, 0x2c, 0x84, 0x06, 0x86, 0x00,
  0x2a, 0x00, 0x69, 0xd5, 0x2a, 0x31, 0x02, 0x02, 0x83, 0x58, 0x58, 0x34,
  0x83, 0x66, 0x66, 0x34, 0x35, 0x00, 0x46, 0xd7, 0x35, 0x09, 0xf1, 0x04,
  0x3d, 0x00, 0x46, 0xd7, 0x3d, 0x09, 0xdd, 0x04, 0xff, 0x0a, 0x88, 0x4a,
  0x75, 0x00, 0x00, 0x00, 0x45, 0x00, 0x48, 0xd5, 0x1f, 0x05, 0x05, 0x02,
  0xff, 0x70, 0x90, 0x2c, 0xa8, 0x02, 0x00, 0x00, 0x2c, 0x00, 0x49, 0xd5,
  0x41, 0x59, 0x22, 0x02, 0x33, 0x00, 0x49, 0xd5, 0x19, 0x67, 0x22, 0x02,
  0x4a, 0x00, 0x48, 0xd5, 0x1f, 0x07, 0x05, 0x02, 0x83, 0x88, 0x88, 0x36,
  0x8f, 0x90, 0x92, 0x36, 0xf9, 0x90, 0x90, 0x2c, 0x84, 0x06, 0x86, 0x00,
  0x35, 0x00, 0x69, 0xd5, 0x35, 0x59, 0x02, 0x02, 0x2c, 0x00, 0x6d, 0xd7,
  0x2c, 0x23, 0x02, 0x05, 0xff, 0x0a, 0x80, 0x4a, 0x55, 0x00, 0x00, 0x00,
  0x3d, 0x00, 0x69, 0xd5, 0x3d, 0x67, 0x02, 0x02, 0x33, 0x00, 0x6d, 0xd7,
  0x33, 0x27, 0x62, 0x04, 0x83, 0x88, 0x88, 0x34, 0xff, 0x0a, 0x96, 0x4a,
  0x56, 0x00, 0x00, 0x00, 0x45, 0x00, 0x46, 0xd7, 0x45, 0x09, 0x25, 0x05,
  0x4a, 0x00, 0x46, 0xd7, 0x4a, 0x09, 0x21, 0x05, 0xff, 0x0a, 0x98, 0x4a,
  0x76, 0x00, 0x00, 0x00, 0x83, 0x80, 0x80, 0x36, 0x35, 0x00, 0x6d, 0xd7,
  0x35, 0x3b, 0x9e, 0x04, 0x4d, 0x00, 0x48, 0xd5, 0x28, 0x05, 0x05, 0x02,
  0xff, 0x70, 0x9c, 0x2c, 0xb0, 0x02, 0x00, 0x00, 0x44, 0x00, 0x49, 0xd5,
  0x19, 0x89, 0x22, 0x02, 0x83, 0x96, 0x96, 0x36, 0x3d, 0x00, 0x6d, 0xd7,
  0x3d, 0x49, 0xaa, 0x04, 0x50, 0x00, 0x48, 0xd5, 0x28, 0x07, 0x05, 0x02,
  0x83, 0x98, 0x98, 0x36, 0x83, 0x80, 0x80, 0x34, 0x8f, 0x9c, 0x9e, 0x36,
  0xf9, 0x9c, 0x9c, 0x2c, 0x84, 0x06, 0x86, 0x00, 0x4a, 0x00, 0x69, 0xd5,
  0x4a, 0x89, 0x02, 0x02, 0x83, 0x96, 0x96, 0x34, 0xff, 0x0a, 0xa2, 0x4a,
  0x57, 0x00, 0x00, 0x00, 0x83, 0x98, 0x98, 0x34, 0x40, 0x00, 0x49, 0xd5,
  0x41, 0x81, 0x22, 0x02, 0x4d, 0x00, 0x46, 0xd7, 0x4d, 0x09, 0x3d, 0x05,
  0x50, 0x00, 0x46, 0xd7, 0x50, 0x09, 0x39, 0x05, 0xff, 0x0a, 0xa4, 0x4a,
  0x77, 0x00, 0x00, 0x00, 0x4b, 0x00, 0x49, 0xd5, 0x41, 0x97, 0x22, 0x02,
  0x83, 0xa2, 0xa2, 0x36, 0x53, 0x00, 0x48, 0xd5, 0x34, 0x05, 0x05, 0x02,
  0xff, 0x70, 0x70, 0x2c, 0xb8, 0x02, 0x00, 0x00, 0x60, 0x10, 0x38, 0xe0,
  0x04, 0x24, 0x02, 0x80, 0x4c, 0x00, 0x49, 0xd5, 0x19, 0x99, 0x22, 0x02,
  0x45, 0x00, 0x69, 0xd5, 0x45, 0x81, 0x02, 0x02, 0x83, 0xa4, 0xa4, 0x36,
  0xff, 0x0a, 0xac, 0x4a, 0x80, 0x65, 0x01, 0x00, 0x4d, 0x00, 0x69, 0xd5,
  0x4d, 0x97, 0x02, 0x02, 0x4b, 0x00, 0x6d, 0xd7, 0x4b, 0x59, 0x02, 0x05,
  0x50, 0x00, 0x69, 0xd5, 0x50, 0x99, 0x02, 0x02, 0x4b, 0x03, 0x10, 0x7e,
  0x50, 0x00, 0x6d, 0xd7, 0x50, 0x7b, 0x2a, 0x05, 0x00, 0x10, 0x38, 0xe0,
  0x56, 0x48, 0x03, 0x80, 0x83, 0xa2, 0xa2, 0x34, 0xff, 0x0a, 0x22, 0x4a,
  0xa0, 0x65, 0x01, 0x00, 0x5f, 0x03, 0x26, 0x7e, 0x00, 0x10, 0x38, 0xe0,
  0x11, 0x5c, 0x03, 0x80, 0x8f, 0x70, 0xa8, 0x36, 0x09, 0x00, 0x48, 0xd5,
  0x34, 0x07, 0x05, 0x02, 0x4c, 0x00, 0x6d, 0xd7, 0x4c, 0x67, 0x12, 0x05,
  0xf9, 0x70, 0x70, 0x2c, 0x84, 0x06, 0x86, 0x00, 0x83, 0xa4, 0xa4, 0x34,
  0x4d, 0x00, 0x6d, 0xd7, 0x4d, 0x6b, 0x16, 0x05, 0xff, 0x0a, 0x30, 0x4a,
  0x58, 0x00, 0x00, 0x00, 0x41, 0x00, 0x49, 0xd5, 0x41, 0xa3, 0x22, 0x02,
  0xff, 0x0a, 0x3a, 0x4a, 0x78, 0x00, 0x00, 0x00, 0x1e, 0x00, 0x48, 0xd5,
  0x16, 0x05, 0x05, 0x02, 0x53, 0x00, 0x46, 0xd7, 0x53, 0x09, 0x51, 0x05,
  0xff, 0x72, 0x40, 0x2c, 0xc0, 0x02, 0x00, 0x00, 0x2a, 0x00, 0x48, 0xd5,
  0x16, 0x07, 0x05, 0x02, 0x09, 0x00, 0x46, 0xd7, 0x09, 0x09, 0xe1, 0x04,
  0x19, 0x00, 0x49, 0xd5, 0x19, 0xa5, 0x22, 0x02, 0x83, 0x30, 0x30, 0x36,
  0x83, 0x3a, 0x3a, 0x36, 0x53, 0x00, 0x69, 0xd5, 0x53, 0x83, 0x02, 0x02,
  0x8f, 0x40, 0x52, 0x36, 0xf9, 0x40, 0x40, 0x2c, 0x84, 0x06, 0x86, 0x00,
  0x09, 0x00, 0x69, 0xd5, 0x09, 0x33, 0x02, 0x02, 0xff, 0x0a, 0x58, 0x4a,
  0x59, 0x00, 0x00, 0x00, 0x83, 0x30, 0x30, 0x34, 0x83, 0x3a, 0x3a, 0x34,
  0x1e, 0x00, 0x46, 0xd7, 0x1e, 0x09, 0xa5, 0x04, 0xff, 0x0a, 0x66, 0x4a,
  0x79, 0x00, 0x00, 0x00, 0x2a, 0x00, 0x46, 0xd7, 0x2a, 0x09, 0x81, 0x04,
  0x35, 0x00, 0x48, 0xd5, 0x10, 0x05, 0x05, 0x02, 0x83, 0x58, 0x58, 0x36,
  0xff, 0x72, 0x6e, 0x2c, 0xc8, 0x02, 0x00, 0x00, 0x18, 0x00, 0x49, 0xd5,
  0x42, 0x31, 0x22, 0x02, 0x1d, 0x00, 0x49, 0xd5, 0x1a, 0x3b, 0x22, 0x02,
  0x3c, 0x00, 0x48, 0xd5, 0x10, 0x07, 0x05, 0x02, 0x83, 0x66, 0x66, 0x36,
  0x83, 0x58, 0x58, 0x34, 0x8f, 0x6e, 0x70, 0x36, 0xf9, 0x6e, 0x6e, 0x2c,
  0x84, 0x06, 0x86, 0x00, 0xff, 0x0a, 0x7a, 0x4a, 0x5a, 0x00, 0x00, 0x00,
  0x1e, 0x00, 0x69, 0xd5, 0x1e, 0x31, 0x02, 0x02, 0x18, 0x00, 0x6d, 0xd7,
  0x18, 0x11, 0x06, 0x05, 0x2a, 0x00, 0x69, 0xd5, 0x2a, 0x3b, 0x02, 0x02,
  0x1d, 0x00, 0x6d, 0xd7, 0x1d, 0x99, 0x66, 0x04, 0x83, 0x66, 0x66, 0x34,
  0x2c, 0x00, 0x49, 0xd5, 0x42, 0x59, 0x22, 0x02, 0x35, 0x00, 0x46, 0xd7,
  0x35, 0x09, 0xe1, 0x04, 0x3c, 0x00, 0x46, 0xd7, 0x3c, 0x09, 0xdd, 0x04,
  0xff, 0x0a, 0x80, 0x4a, 0x7a, 0x00, 0x00, 0x00, 0x83, 0x7a, 0x7a, 0x36,
  0x41, 0x00, 0x48, 0xd5, 0x22, 0x05, 0x05, 0x02, 0x1e, 0x00, 0x6d, 0xd7,
  0x1e, 0x9b, 0x4e, 0x05, 0xff, 0x72, 0x88, 0x2c, 0xd0, 0x02, 0x00, 0x00,
  0x4c, 0x00, 0x48, 0xd5, 0x22, 0x07, 0x05, 0x02, 0x33, 0x00, 0x49, 0xd5,
  0x1a, 0x67, 0x22, 0x02, 0x2a, 0x00, 0x6d, 0xd7, 0x2a, 0xa1, 0x26, 0x04,
  0x35, 0x00, 0x69, 0xd5, 0x35, 0x59, 0x02, 0x02, 0x83, 0x80, 0x80, 0x36,
  0x83, 0x7a, 0x7a, 0x34, 0x8f, 0x88, 0x8a, 0x36, 0xf9, 0x88, 0x88, 0x2c,
  0x84, 0x06, 0x86, 0x00, 0x3c, 0x00, 0x69, 0xd5, 0x3c, 0x67, 0x02, 0x02,
  0xff, 0x0a, 0x9a, 0x4a, 0x5b, 0x00, 0x00, 0x00, 0x83, 0x80, 0x80, 0x34,
  0x3d, 0x00, 0x49, 0xd5, 0x42, 0x7b, 0x22, 0x02, 0x41, 0x00, 0x46, 0xd7,
  0x41, 0x09, 0x15, 0x05, 0xff, 0x0a, 0x9c, 0x4a, 0x7b, 0x00, 0x00, 0x00,
  0x4c, 0x00, 0x46, 0xd7, 0x4c, 0x09, 0x11, 0x05, 0x4f, 0x00, 0x48, 0xd5,
  0x2d, 0x05, 0x05, 0x02, 0xff, 0x72, 0x72, 0x2c, 0xd8, 0x02, 0x00, 0x00,
  0x83, 0x9a, 0x9a, 0x36, 0x40, 0x00, 0x49, 0xd5, 0x1a, 0x81, 0x22, 0x02,
  0x51, 0x00, 0x48, 0xd5, 0x2d, 0x07, 0x05, 0x02, 0x41, 0x00, 0x69, 0xd5,
  0x41, 0x7b, 0x02, 0x02, 0x3d, 0x00, 0x6d, 0xd7, 0x3d, 0x31, 0xb2, 0x04,
  0x83, 0x9c, 0x9c, 0x36, 0x8f, 0x72, 0xa0, 0x36, 0xf9, 0x72, 0x72, 0x2c,
  0x84, 0x06, 0x86, 0x00, 0x83, 0x9a, 0x9a, 0x34, 0x4c, 0x00, 0x69, 0xd5,
  0x4c, 0x81, 0x02, 0x02, 0x40, 0x00, 0x6d, 0xd7, 0x40, 0x3b, 0xce, 0x04,
  0xff, 0x0a, 0xa4, 0x4a, 0x5c, 0x00, 0x00, 0x00, 0xff, 0x0a, 0xa6, 0x4a,
  0x7c, 0x00, 0x00, 0x00, 0x83, 0x9c, 0x9c, 0x34, 0x4f, 0x00, 0x46, 0xd7,
  0x4f, 0x09, 0x41, 0x05, 0x41, 0x00, 0x6d, 0xd7, 0x41, 0x3d, 0xd6, 0x04,
  0x51, 0x00, 0x46, 0xd7, 0x51, 0x09, 0xe5, 0x04, 0x42, 0x00, 0x49, 0xd5,
  0x42, 0x9b, 0x22, 0x02, 0x54, 0x00, 0x48, 0xd5, 0x17, 0x05, 0x05, 0x02,
  0xff, 0x74, 0xac, 0x2c, 0xe0, 0x02, 0x00, 0x00, 0x08, 0x00, 0x48, 0xd5,
  0x17, 0x07, 0x05, 0x02, 0x83, 0xa4, 0xa4, 0x36, 0x4c, 0x00, 0x6d, 0xd7,
  0x4c, 0x55, 0xf2, 0x04, 0x83, 0xa6, 0xa6, 0x36, 0x1a, 0x00, 0x49, 0xd5,
  0x1a, 0x9d, 0x22, 0x02, 0x4f, 0x00, 0x69, 0xd5, 0x4f, 0x85, 0x02, 0x02,
  0x8f, 0xac, 0xb2, 0x36, 0xf9, 0xac, 0xac, 0x2c, 0x84, 0x06, 0x86, 0x00,
  0x83, 0xa4, 0xa4, 0x34, 0x83, 0xa6, 0xa6, 0x34, 0xff, 0x0a, 0x12, 0x4a,
  0x5d, 0x00, 0x00, 0x00, 0x51, 0x00, 0x69, 0xd5, 0x51, 0x35, 0x02, 0x02,
  0xff, 0x0a, 0x22, 0x4a, 0x7d, 0x00, 0x00, 0x00, 0x54, 0x00, 0x46, 0xd7,
  0x54, 0x09, 0x65, 0x05, 0x08, 0x00, 0x46, 0xd7, 0x08, 0x09, 0x59, 0x05,
  0x52, 0x00, 0x49, 0xd5, 0x43, 0xa5, 0x22, 0x02, 0x53, 0x00, 0x49, 0xd5,
  0x1b, 0xa7, 0x22, 0x02, 0x83, 0x12, 0x12, 0x36, 0x18, 0x00, 0x48, 0xd5,
  0x55, 0x05, 0x05, 0x02, 0xff, 0x74, 0x32, 0x2c, 0xe8, 0x02, 0x00, 0x00,
  0x1d, 0x00, 0x48, 0xd5, 0x55, 0x07, 0x05, 0x02, 0x83, 0x22, 0x22, 0x36,
  0x54, 0x00, 0x69, 0xd5, 0x54, 0xa5, 0x02, 0x02, 0x52, 0x00, 0x6d, 0xd7,
  0x52, 0x7b, 0x0a, 0x05, 0x08, 0x00, 0x69, 0xd5, 0x08, 0xa7, 0x02, 0x02,
  0x53, 0x00, 0x6d, 0xd7, 0x53, 0x81, 0x6a, 0x04, 0x83, 0x12, 0x12, 0x34,
  0x8f, 0x32, 0x34, 0x36, 0xf9, 0x32, 0x32, 0x2c, 0x84, 0x06, 0x86, 0x00,
  0xff, 0x0a, 0x3c, 0x4a, 0x5e, 0x00, 0x00, 0x00, 0x83, 0x22, 0x22, 0x34,
  0xff, 0x0a, 0x40, 0x4a, 0x7e, 0x00, 0x00, 0x00, 0x54, 0x00, 0x6d, 0xd7,
  0x54, 0x83, 0x3e, 0x05, 0x29, 0x00, 0x48, 0xd5, 0x12, 0x05, 0x05, 0x02,
  0xff, 0x74, 0x54, 0x2c, 0xf0, 0x02, 0x00, 0x00, 0x09, 0x00, 0x49, 0xd5,
  0x43, 0x13, 0x22, 0x02, 0x18, 0x00, 0x46, 0xd7, 0x18, 0x09, 0x69, 0x04,
  0x08, 0x00, 0x6d, 0xd7, 0x08, 0x99, 0x46, 0x05, 0x1d, 0x00, 0x46, 0xd7,
  0x1d, 0x09, 0x65, 0x04, 0x33, 0x00, 0x48, 0xd5, 0x12, 0x07, 0x05, 0x02,
  0x83, 0x3c, 0x3c, 0x36, 0x11, 0x00, 0x49, 0xd5, 0x1b, 0x23, 0x22, 0x02,
  0x83, 0x40, 0x40, 0x36, 0x8f, 0x54, 0x58, 0x36, 0xf9, 0x54, 0x54, 0x2c,
  0x84, 0x06, 0x86, 0x00, 0x18, 0x00, 0x69, 0xd5, 0x18, 0x13, 0x02, 0x02,
  0xff, 0x0a, 0x6a, 0x4a, 0x5f, 0x00, 0x00, 0x00, 0x83, 0x3c, 0x3c, 0x34,
  0x1d, 0x00, 0x69, 0xd5, 0x1d, 0x23, 0x02, 0x02, 0x83, 0x40, 0x40, 0x34,
  0x29, 0x00, 0x46, 0xd7, 0x29, 0x09, 0xb1, 0x04, 0x33, 0x00, 0x46, 0xd7,
  0x33, 0x09, 0xa9, 0x04, 0xff, 0x0a, 0x6e, 0x4a, 0x7f, 0x00, 0x00, 0x00,
  0x83, 0x6a, 0x6a, 0x36, 0x1e, 0x00, 0x49, 0xd5, 0x43, 0x3d, 0x22, 0x02,
  0x38, 0x00, 0x48, 0xd5, 0x23, 0x05, 0x05, 0x02, 0xff, 0x74, 0x74, 0x2c,
  0xf8, 0x02, 0x00, 0x00, 0x20, 0x00, 0x49, 0xd5, 0x1b, 0x41, 0x22, 0x02,
  0x3c, 0x00, 0x48, 0xd5, 0x23, 0x07, 0x05, 0x02, 0x83, 0x6e, 0x6e, 0x36,
  0x83, 0x6a, 0x6a, 0x34, 0x29, 0x00, 0x69, 0xd5, 0x29, 0x3d, 0x02, 0x02,
  0x1e, 0x00, 0x6d, 0xd7, 0x1e, 0xa5, 0x26, 0x04, 0x8f, 0x74, 0x72, 0x36,
  0xf9, 0x74, 0x74, 0x2c, 0x84, 0x06, 0x86, 0x00, 0x33, 0x00, 0x69, 0xd5,
  0x33, 0x41, 0x02, 0x02, 0x20, 0x00, 0x6d, 0xd7, 0x20, 0xa7, 0x46, 0x04,
  0x83, 0x6e, 0x6e, 0x34, 0x43, 0x00, 0x49, 0xd5, 0x43, 0x6b, 0x22, 0x02,
  0x38, 0x00, 0x46, 0xd7, 0x38, 0x09, 0xe5, 0x04, 0x3c, 0x00, 0x46, 0xd7,
  0x3c, 0x09, 0xe9, 0x04, 0x29, 0x00, 0x6d, 0xd7, 0x29, 0xa9, 0x62, 0x04,
  0x1b, 0x00, 0x49, 0xd5, 0x1b, 0x6f, 0x22, 0x02, 0x1e, 0x87, 0x3c, 0x4a,
  0x33, 0x00, 0x6d, 0xd7, 0x33, 0x11, 0x76, 0x04, 0x38, 0x00, 0x69, 0xd5,
  0x38, 0x87, 0x02, 0x02, 0x3c, 0x00, 0x69, 0xd5, 0x3c, 0x37, 0x02, 0x02,
  0x20, 0x37, 0x40, 0x4a, 0x1e, 0x0b, 0x3c, 0x7e, 0xff, 0x0a, 0x7a, 0x4a,
  0x80, 0x00, 0x00, 0x00, 0x29, 0x71, 0x52, 0x4a, 0x20, 0x0b, 0x40, 0x7e,
  0x3e, 0x3d, 0x7c, 0x10, 0x83, 0x7a, 0x7a, 0x36, 0x33, 0x79, 0x66, 0x4a,
  0x29, 0x0b, 0x52, 0x7e, 0x3f, 0x41, 0x7e, 0x10, 0x83, 0x7a, 0x7a, 0x34,
  0x33, 0x0b, 0x66, 0x7e, 0x0a, 0x53, 0x14, 0x10, 0x0b, 0x67, 0x16, 0x10,
  0x0a, 0x7d, 0x14, 0x08, 0xff, 0x0a, 0x7c, 0x4a, 0xa0, 0x00, 0x00, 0x00,
  0x42, 0x00, 0x48, 0xd5, 0x0c, 0x0b, 0x05, 0x02, 0x0b, 0x7f, 0x16, 0x08,
  0x3f, 0x00, 0x48, 0xd5, 0x0c, 0x09, 0x05, 0x02, 0x0a, 0x8d, 0x14, 0x10,
  0x83, 0x7c, 0x7c, 0x36, 0xff, 0x0a, 0x86, 0x4a, 0x81, 0x00, 0x00, 0x00,
  0x0b, 0x8f, 0x16, 0x10, 0xff, 0x0a, 0x88, 0x4a, 0xa1, 0x00, 0x00, 0x00,
  0x01, 0x15, 0x02, 0x06, 0x83, 0x7c, 0x7c, 0x34, 0x83, 0x86, 0x86, 0x36,
  0x45, 0x00, 0x48, 0xd5, 0x13, 0x09, 0x05, 0x02, 0x83, 0x88, 0x88, 0x36,
  0x01, 0x17, 0x02, 0x06, 0x83, 0x86, 0x86, 0x34, 0x4c, 0x00, 0x48, 0xd5,
  0x13, 0x0b, 0x05, 0x02, 0x83, 0x88, 0x88, 0x34, 0x72, 0x3f, 0x8c, 0xbf,
  0xff, 0x48, 0x80, 0x2c, 0x00, 0x03, 0x00, 0x00, 0xff, 0x48, 0x8c, 0x2c,
  0x08, 0x03, 0x00, 0x00, 0x8f, 0x80, 0x82, 0x36, 0xf9, 0x80, 0x80, 0x2c,
  0x84, 0x06, 0x86, 0x00, 0xff, 0x0a, 0x9a, 0x4a, 0x82, 0x00, 0x00, 0x00,
  0x8f, 0x8c, 0x8e, 0x36, 0xf9, 0x8c, 0x8c, 0x2c, 0x84, 0x06, 0x86, 0x00,
  0xff, 0x0a, 0x9c, 0x4a, 0xa2, 0x00, 0x00, 0x00, 0x3f, 0x00, 0x46, 0xd7,
  0x3f, 0x09, 0x05, 0x05, 0x42, 0x00, 0x46, 0xd7, 0x42, 0x09, 0x01, 0x05,
  0x83, 0x9a, 0x9a, 0x36, 0x4f, 0x00, 0x48, 0xd5, 0x57, 0x09, 0x05, 0x02,
  0x45, 0x00, 0x46, 0xd7, 0x45, 0x09, 0x1d, 0x05, 0x4c, 0x00, 0x46, 0xd7,
  0x4c, 0x09, 0x19, 0x05, 0xff, 0x48, 0xa0, 0x2c, 0x10, 0x03, 0x00, 0x00,
  0x83, 0x9c, 0x9c, 0x36, 0x52, 0x00, 0x48, 0xd5, 0x57, 0x0b, 0x05, 0x02,
  0x83, 0x9a, 0x9a, 0x34, 0x8f, 0xa0, 0xa2, 0x36, 0xf9, 0xa0, 0xa0, 0x2c,
  0x84, 0x06, 0x86, 0x00, 0x83, 0x9c, 0x9c, 0x34, 0x71, 0x3f, 0x8c, 0xbf,
  0x3d, 0x00, 0x49, 0xd5, 0x48, 0x7b, 0x22, 0x02, 0x43, 0x00, 0x49, 0xd5,
  0x48, 0x87, 0x22, 0x02, 0x4d, 0x00, 0x49, 0xd5, 0x48, 0x9b, 0x22, 0x02,
  0x4f, 0x00, 0x46, 0xd7, 0x4f, 0x09, 0x45, 0x05, 0xff, 0x0a, 0xa6, 0x4a,
  0x83, 0x00, 0x00, 0x00, 0x52, 0x00, 0x46, 0xd7, 0x52, 0x09, 0x41, 0x05,
  0x3f, 0x00, 0x69, 0xd5, 0x3f, 0x7b, 0x02, 0x02, 0x70, 0x3f, 0x8c, 0xbf,
  0x3e, 0x00, 0x49, 0xd5, 0x5c, 0x7d, 0x22, 0x02, 0x45, 0x00, 0x69, 0xd5,
  0x45, 0x87, 0x02, 0x02, 0x4e, 0x00, 0x49, 0xd5, 0x5c, 0x9d, 0x22, 0x02,
  0x44, 0x00, 0x49, 0xd5, 0x5c, 0x89, 0x22, 0x02, 0x4f, 0x00, 0x69, 0xd5,
  0x4f, 0x9b, 0x02, 0x02, 0x4d, 0x00, 0x6d, 0xd7, 0x4d, 0x7b, 0x0e, 0x05,
  0x83, 0xa6, 0xa6, 0x36, 0xff, 0x0a, 0xa8, 0x4a, 0xa3, 0x00, 0x00, 0x00,
  0x42, 0x00, 0x69, 0xd5, 0x42, 0x7d, 0x02, 0x02, 0x56, 0x00, 0x48, 0xd5,
  0x5a, 0x09, 0x05, 0x02, 0xff, 0x48, 0x48, 0x2c, 0x18, 0x03, 0x00, 0x00,
  0x52, 0x00, 0x69, 0xd5, 0x52, 0x9d, 0x02, 0x02, 0x4e, 0x00, 0x6d, 0xd7,
  0x4e, 0x7d, 0x12, 0x05, 0x4c, 0x00, 0x69, 0xd5, 0x4c, 0x89, 0x02, 0x02,
  0x08, 0x00, 0x48, 0xd5, 0x5a, 0x0b, 0x05, 0x02, 0x83, 0xa6, 0xa6, 0x34,
  0x83, 0xa8, 0xa8, 0x36, 0x4f, 0x00, 0x6d, 0xd7, 0x4f, 0x7f, 0x16, 0x05,
  0x8f, 0x48, 0xb2, 0x36, 0xf9, 0x48, 0x48, 0x2c, 0x84, 0x06, 0x86, 0x00,
  0xff, 0x0a, 0x12, 0x4a, 0x84, 0x00, 0x00, 0x00, 0xff, 0x0a, 0x14, 0x4a,
  0xa4, 0x00, 0x00, 0x00, 0x48, 0x00, 0x49, 0xd5, 0x48, 0xa7, 0x22, 0x02,
  0x0b, 0x00, 0x48, 0xd5, 0x0d, 0x09, 0x05, 0x02, 0xff, 0x4a, 0x22, 0x2c,
  0x20, 0x03, 0x00, 0x00, 0x52, 0x00, 0x6d, 0xd7, 0x52, 0x85, 0x32, 0x05,
  0x83, 0xa8, 0xa8, 0x34, 0x56, 0x00, 0x46, 0xd7, 0x56, 0x09, 0x65, 0x05,
  0x19, 0x00, 0x48, 0xd5, 0x0d, 0x0b, 0x05, 0x02, 0x08, 0x00, 0x46, 0xd7,
  0x08, 0x09, 0x91, 0x04, 0x83, 0x12, 0x12, 0x36, 0x83, 0x14, 0x14, 0x36,
  0x8f, 0x22, 0x30, 0x36, 0xf9, 0x22, 0x22, 0x2c, 0x84, 0x06, 0x86, 0x00,
  0x5c, 0x00, 0x49, 0xd5, 0x5c, 0xa9, 0x22, 0x02, 0x56, 0x00, 0x69, 0xd5,
  0x56, 0x91, 0x02, 0x02, 0xff, 0x0a, 0x34, 0x4a, 0x85, 0x00, 0x00, 0x00,
  0x83, 0x12, 0x12, 0x34, 0x83, 0x14, 0x14, 0x34, 0x0b, 0x00, 0x46, 0xd7,
  0x0b, 0x09, 0x61, 0x04, 0x19, 0x00, 0x46, 0xd7, 0x19, 0x09, 0x45, 0x04,
  0x08, 0x00, 0x69, 0xd5, 0x08, 0xb9, 0x02, 0x02, 0xff, 0x0a, 0x36, 0x4a,
  0xa5, 0x00, 0x00, 0x00, 0x83, 0x34, 0x34, 0x36, 0x09, 0x00, 0x49, 0xd5,
  0x49, 0x13, 0x22, 0x02, 0x0a, 0x00, 0x49, 0xd5, 0x5d, 0x15, 0x22, 0x02,
  0x1d, 0x00, 0x48, 0xd5, 0x1c, 0x09, 0x05, 0x02, 0xff, 0x4a, 0x3c, 0x2c,
  0x28, 0x03, 0x00, 0x00, 0x24, 0x00, 0x48, 0xd5, 0x1c, 0x0b, 0x05, 0x02,
  0x83, 0x36, 0x36, 0x36, 0x83, 0x34, 0x34, 0x34, 0x0b, 0x00, 0x69, 0xd5,
  0x0b, 0x13, 0x02, 0x02, 0x09, 0x00, 0x6d, 0xd7, 0x09, 0x9b, 0x22, 0x05,
  0x19, 0x00, 0x69, 0xd5, 0x19, 0x15, 0x02, 0x02, 0xff, 0x0a, 0x52, 0x4a,
  0x86, 0x00, 0x00, 0x00, 0x0a, 0x00, 0x6d, 0xd7, 0x0a, 0x9d, 0x72, 0x05,
  0x8f, 0x3c, 0x40, 0x36, 0xf9, 0x3c, 0x3c, 0x2c, 0x84, 0x06, 0x86, 0x00,
  0x83, 0x36, 0x36, 0x34, 0x1a, 0x00, 0x49, 0xd5, 0x49, 0x35, 0x22, 0x02,
  0xff, 0x0a, 0x54, 0x4a, 0xa6, 0x00, 0x00, 0x00, 0x0b, 0x00, 0x6d, 0xd7,
  0x0b, 0x9f, 0x5a, 0x05, 0x2c, 0x00, 0x48, 0xd5, 0x2b, 0x09, 0x05, 0x02,
  0x83, 0x52, 0x52, 0x36, 0xff, 0x4a, 0x66, 0x2c, 0x30, 0x03, 0x00, 0x00,
  0x1d, 0x00, 0x46, 0xd7, 0x1d, 0x09, 0x81, 0x04, 0x70, 0x10, 0x38, 0xe0,
  0x04, 0x3c, 0x02, 0x80, 0x19, 0x00, 0x6d, 0xd7, 0x19, 0xa5, 0x22, 0x04,
  0x24, 0x00, 0x46, 0xd7, 0x24, 0x09, 0x79, 0x04, 0xff, 0x0a, 0x70, 0x4a,
  0x90, 0x65, 0x01, 0x00, 0x00, 0x10, 0x38, 0xe0, 0x38, 0x40, 0x03, 0x80,
  0x37, 0x00, 0x48, 0xd5, 0x2b, 0x0b, 0x05, 0x02, 0x1b, 0x00, 0x49, 0xd5,
  0x5d, 0x37, 0x22, 0x02, 0x83, 0x54, 0x54, 0x36, 0x83, 0x52, 0x52, 0x34,
  0x8f, 0x66, 0x6a, 0x36, 0xff, 0x0a, 0x72, 0x4a, 0xb0, 0x65, 0x01, 0x00,
  0x00, 0x10, 0x38, 0xe0, 0x39, 0x44, 0x03, 0x80, 0xf9, 0x66, 0x66, 0x2c,
  0x84, 0x06, 0x86, 0x00, 0x1d, 0x00, 0x69, 0xd5, 0x1d, 0x35, 0x02, 0x02,
  0xff, 0x0a, 0x74, 0x4a, 0x87, 0x00, 0x00, 0x00, 0x24, 0x00, 0x69, 0xd5,
  0x24, 0x37, 0x02, 0x02, 0x83, 0x54, 0x54, 0x34, 0x29, 0x00, 0x49, 0xd5,
  0x49, 0x53, 0x22, 0x02, 0x2c, 0x00, 0x46, 0xd7, 0x2c, 0x09, 0xd5, 0x04,
  0x37, 0x00, 0x46, 0xd7, 0x37, 0x09, 0xcd, 0x04, 0xff, 0x0a, 0x90, 0x4a,
  0xa7, 0x00, 0x00, 0x00, 0x83, 0x74, 0x74, 0x36, 0x4c, 0x00, 0x48, 0xd5,
  0x30, 0x09, 0x05, 0x02, 0xff, 0x4a, 0x4a, 0x2c, 0x38, 0x03, 0x00, 0x00,
  0x2a, 0x00, 0x49, 0xd5, 0x5d, 0x55, 0x22, 0x02, 0x4e, 0x00, 0x48, 0xd5,
  0x30, 0x0b, 0x05, 0x02, 0x2c, 0x00, 0x69, 0xd5, 0x2c, 0x53, 0x02, 0x02,
  0x29, 0x00, 0x6d, 0xd7, 0x29, 0x13, 0x6a, 0x04, 0x83, 0x90, 0x90, 0x36,
  0x83, 0x74, 0x74, 0x34, 0x8f, 0x4a, 0x9a, 0x36, 0xf9, 0x4a, 0x4a, 0x2c,
  0x84, 0x06, 0x86, 0x00, 0x37, 0x00, 0x69, 0xd5, 0x37, 0x55, 0x02, 0x02,
  0x2a, 0x00, 0x6d, 0xd7, 0x2a, 0x15, 0x6e, 0x04, 0xff, 0x0a, 0x9e, 0x4a,
  0x88, 0x00, 0x00, 0x00, 0xff, 0x0a, 0xa0, 0x4a, 0xa8, 0x00, 0x00, 0x00,
  0x83, 0x90, 0x90, 0x34, 0x49, 0x00, 0x49, 0xd5, 0x49, 0x75, 0x22, 0x02,
  0x2c, 0x00, 0x6d, 0xd7, 0x2c, 0x17, 0x76, 0x04, 0x4c, 0x00, 0x46, 0xd7,
  0x4c, 0x09, 0x35, 0x05, 0x4e, 0x00, 0x46, 0xd7, 0x4e, 0x09, 0x95, 0x04,
  0x51, 0x00, 0x48, 0xd5, 0x0e, 0x09, 0x05, 0x02, 0xff, 0x4c, 0xa4, 0x2c,
  0x40, 0x03, 0x00, 0x00, 0x54, 0x00, 0x48, 0xd5, 0x0e, 0x0b, 0x05, 0x02,
  0x83, 0x9e, 0x9e, 0x36, 0x83, 0xa0, 0xa0, 0x36, 0x37, 0x00, 0x6d, 0xd7,
  0x37, 0x33, 0x92, 0x04, 0x5d, 0x00, 0x49, 0xd5, 0x5d, 0x91, 0x22, 0x02,
  0x4c, 0x00, 0x69, 0xd5, 0x4c, 0x93, 0x02, 0x02, 0x8f, 0xa4, 0xa6, 0x36,
  0xf9, 0xa4, 0xa4, 0x2c, 0x84, 0x06, 0x86, 0x00, 0x83, 0x9e, 0x9e, 0x34,
  0x83, 0xa0, 0xa0, 0x34, 0xff, 0x0a, 0xac, 0x4a, 0x89, 0x00, 0x00, 0x00,
  0x4e, 0x00, 0x69, 0xd5, 0x4e, 0xbb, 0x02, 0x02, 0xff, 0x0a, 0xb2, 0x4a,
  0xa9, 0x00, 0x00, 0x00, 0x51, 0x00, 0x46, 0xd7, 0x51, 0x09, 0x4d, 0x05,
  0x54, 0x00, 0x46, 0xd7, 0x54, 0x09, 0x49, 0x05, 0x4f, 0x00, 0x49, 0xd5,
  0x4a, 0x9f, 0x22, 0x02, 0x50, 0x00, 0x49, 0xd5, 0x5e, 0xa1, 0x22, 0x02,
  0x83, 0xac, 0xac, 0x36, 0x5c, 0x00, 0x48, 0xd5, 0x5b, 0x09, 0x05, 0x02,
  0x09, 0x00, 0x48, 0xd5, 0x5b, 0x0b, 0x05, 0x02, 0x83, 0xb2, 0xb2, 0x36,
  0x51, 0x00, 0x69, 0xd5, 0x51, 0x9f, 0x02, 0x02, 0x4f, 0x00, 0x6d, 0xd7,
  0x4f, 0x53, 0x26, 0x05, 0x54, 0x00, 0x69, 0xd5, 0x54, 0xa1, 0x02, 0x02,
  0x50, 0x00, 0x6d, 0xd7, 0x50, 0x55, 0x76, 0x05, 0xff, 0x4c, 0xba, 0x2c,
  0x48, 0x03, 0x00, 0x00, 0x83, 0xac, 0xac, 0x34, 0x83, 0xb2, 0xb2, 0x34,
  0xff, 0x0a, 0x14, 0x4a, 0x8a, 0x00, 0x00, 0x00, 0x51, 0x00, 0x6d, 0xd7,
  0x51, 0x59, 0x32, 0x05, 0xff, 0x0a, 0x16, 0x4a, 0xaa, 0x00, 0x00, 0x00,
  0x8f, 0xba, 0x10, 0x36, 0x11, 0x00, 0x48, 0xd5, 0x07, 0x09, 0x05, 0x02,
  0xf9, 0xba, 0xba, 0x2c, 0x84, 0x06, 0x86, 0x00, 0x56, 0x00, 0x49, 0xd5,
  0x4a, 0xad, 0x22, 0x02, 0x54, 0x00, 0x6d, 0xd7, 0x54, 0x6f, 0x3a, 0x05,
  0xff, 0x4c, 0x30, 0x2c, 0x50, 0x03, 0x00, 0x00, 0x59, 0x00, 0x49, 0xd5,
  0x5e, 0xb3, 0x22, 0x02, 0x83, 0x14, 0x14, 0x36, 0x1a, 0x00, 0x48, 0xd5,
  0x07, 0x0b, 0x05, 0x02, 0x83, 0x16, 0x16, 0x36, 0x5c, 0x00, 0x46, 0xd7,
  0x5c, 0x09, 0x21, 0x04, 0x09, 0x00, 0x46, 0xd7, 0x09, 0x09, 0x75, 0x05,
  0x8f, 0x30, 0x32, 0x36, 0xf9, 0x30, 0x30, 0x2c, 0x84, 0x06, 0x86, 0x00,
  0x83, 0x14, 0x14, 0x34, 0xff, 0x0a, 0x36, 0x4a, 0x8b, 0x00, 0x00, 0x00,
  0x83, 0x16, 0x16, 0x34, 0x5c, 0x00, 0x69, 0xd5, 0x5c, 0xad, 0x02, 0x02,
  0x09, 0x00, 0x69, 0xd5, 0x09, 0xb3, 0x02, 0x02, 0xff, 0x0a, 0x3a, 0x4a,
  0xab, 0x00, 0x00, 0x00, 0x11, 0x00, 0x46, 0xd7, 0x11, 0x09, 0x65, 0x04,
  0x1a, 0x00, 0x46, 0xd7, 0x1a, 0x09, 0x61, 0x04, 0x0a, 0x00, 0x49, 0xd5,
  0x4a, 0x15, 0x22, 0x02, 0x83, 0x36, 0x36, 0x36, 0x0b, 0x00, 0x49, 0xd5,
  0x5e, 0x17, 0x22, 0x02, 0x1e, 0x00, 0x48, 0xd5, 0x21, 0x09, 0x05, 0x02,
  0xff, 0x4c, 0x4c, 0x2c, 0x58, 0x03, 0x00, 0x00, 0x24, 0x00, 0x48, 0xd5,
  0x21, 0x0b, 0x05, 0x02, 0x83, 0x3a, 0x3a, 0x36, 0x11, 0x00, 0x69, 0xd5,
  0x11, 0x15, 0x02, 0x02, 0x0a, 0x00, 0x6d, 0xd7, 0x0a, 0x9f, 0x5a, 0x05,
  0x83, 0x36, 0x36, 0x34, 0x1a, 0x00, 0x69, 0xd5, 0x1a, 0x17, 0x02, 0x02,
  0x0b, 0x00, 0x6d, 0xd7, 0x0b, 0xa1, 0x66, 0x05, 0x8f, 0x4c, 0x40, 0x36,
  0xf9, 0x4c, 0x4c, 0x2c, 0x84, 0x06, 0x86, 0x00, 0xff, 0x0a, 0x4a, 0x4a,
  0x8c, 0x00, 0x00, 0x00, 0x83, 0x3a, 0x3a, 0x34, 0x4a, 0x00, 0x49, 0xd5,
  0x4a, 0x37, 0x22, 0x02, 0x11, 0x00, 0x6d, 0xd7, 0x11, 0xa3, 0x72, 0x05,
  0x29, 0x00, 0x48, 0xd5, 0x0f, 0x09, 0x05, 0x02, 0xff, 0x4e, 0x54, 0x2c,
  0x60, 0x03, 0x00, 0x00, 0x1e, 0x00, 0x46, 0xd7, 0x1e, 0x09, 0x81, 0x04,
  0x24, 0x00, 0x46, 0xd7, 0x24, 0x09, 0x99, 0x04, 0xff, 0x0a, 0x4c, 0x4a,
  0xac, 0x00, 0x00, 0x00, 0x1a, 0x00, 0x6d, 0xd7, 0x1a, 0xa9, 0x26, 0x04,
  0x83, 0x4a, 0x4a, 0x36, 0x33, 0x00, 0x48, 0xd5, 0x0f, 0x0b, 0x05, 0x02,
  0x5e, 0x00, 0x49, 0xd5, 0x5e, 0x3b, 0x22, 0x02, 0x8f, 0x54, 0x58, 0x36,
  0xf9, 0x54, 0x54, 0x2c, 0x84, 0x06, 0x86, 0x00, 0x1e, 0x00, 0x69, 0xd5,
  0x1e, 0x95, 0x02, 0x02, 0x83, 0x4c, 0x4c, 0x36, 0xff, 0x0a, 0x6a, 0x4a,
  0x8d, 0x00, 0x00, 0x00, 0x83, 0x4a, 0x4a, 0x34, 0x24, 0x00, 0x69, 0xd5,
  0x24, 0xbd, 0x02, 0x02, 0x29, 0x00, 0x46, 0xd7, 0x29, 0x09, 0xb1, 0x04,
  0x33, 0x00, 0x46, 0xd7, 0x33, 0x09, 0xa9, 0x04, 0xff, 0x0a, 0x6e, 0x4a,
  0xad, 0x00, 0x00, 0x00, 0x83, 0x4c, 0x4c, 0x34, 0x83, 0x6a, 0x6a, 0x36,
  0x25, 0x00, 0x49, 0xd5, 0x4b, 0x4b, 0x22, 0x02, 0x38, 0x00, 0x48, 0xd5,
  0x31, 0x09, 0x05, 0x02, 0xff, 0x4e, 0x72, 0x2c, 0x68, 0x03, 0x00, 0x00,
  0x48, 0x00, 0x48, 0xd5, 0x31, 0x0b, 0x05, 0x02, 0x83, 0x6e, 0x6e, 0x36,
  0x26, 0x00, 0x49, 0xd5, 0x5f, 0x4d, 0x22, 0x02, 0x83, 0x6a, 0x6a, 0x34,
  0x29, 0x00, 0x69, 0xd5, 0x29, 0x4b, 0x02, 0x02, 0x25, 0x00, 0x6d, 0xd7,
  0x25, 0x15, 0x2a, 0x05, 0xff, 0x0a, 0x92, 0x4a, 0x8e, 0x00, 0x00, 0x00,
  0x8f, 0x72, 0x74, 0x36, 0xf9, 0x72, 0x72, 0x2c, 0x84, 0x06, 0x86, 0x00,
  0x83, 0x6e, 0x6e, 0x34, 0x33, 0x00, 0x69, 0xd5, 0x33, 0x4d, 0x02, 0x02,
  0x26, 0x00, 0x6d, 0xd7, 0x26, 0x17, 0x7a, 0x05, 0x35, 0x00, 0x49, 0xd5,
  0x4b, 0x6b, 0x22, 0x02, 0xff, 0x0a, 0x94, 0x4a, 0xae, 0x00, 0x00, 0x00,
  0x83, 0x92, 0x92, 0x36, 0x38, 0x00, 0x46, 0xd7, 0x38, 0x09, 0xe9, 0x04,
  0x29, 0x00, 0x6d, 0xd7, 0x29, 0x23, 0x7a, 0x04, 0x48, 0x00, 0x46, 0xd7,
  0x48, 0x09, 0xe5, 0x04, 0x4c, 0x00, 0x48, 0xd5, 0x36, 0x09, 0x05, 0x02,
  0x37, 0x00, 0x49, 0xd5, 0x5f, 0x6f, 0x22, 0x02, 0xff, 0x4e, 0x9a, 0x2c,
  0x70, 0x03, 0x00, 0x00, 0x4f, 0x00, 0x48, 0xd5, 0x36, 0x0b, 0x05, 0x02,
  0x33, 0x00, 0x6d, 0xd7, 0x33, 0x35, 0x92, 0x04, 0x83, 0x94, 0x94, 0x36,
  0x83, 0x92, 0x92, 0x34, 0x38, 0x00, 0x69, 0xd5, 0x38, 0x6b, 0x02, 0x02,
  0x48, 0x00, 0x69, 0xd5, 0x48, 0x6f, 0x02, 0x02, 0xff, 0x0a, 0xa0, 0x4a,
  0x8f, 0x00, 0x00, 0x00, 0x8f, 0x9a, 0x9c, 0x36, 0xf9, 0x9a, 0x9a, 0x2c,
  0x84, 0x06, 0x86, 0x00, 0x83, 0x94, 0x94, 0x34, 0x49, 0x00, 0x49, 0xd5,
  0x4b, 0x93, 0x22, 0x02, 0xff, 0x0a, 0xa2, 0x4a, 0xaf, 0x00, 0x00, 0x00,
  0x52, 0x00, 0x48, 0xd5, 0x3b, 0x09, 0x05, 0x02, 0x83, 0xa0, 0xa0, 0x36,
  0x4c, 0x00, 0x46, 0xd7, 0x4c, 0x09, 0x39, 0x05, 0xff, 0x4e, 0x4e, 0x2c,
  0x78, 0x03, 0x00, 0x00, 0x4f, 0x00, 0x46, 0xd7, 0x4f, 0x09, 0x35, 0x05,
  0x4a, 0x00, 0x49, 0xd5, 0x5f, 0x95, 0x22, 0x02, 0x54, 0x00, 0x48, 0xd5,
  0x3b, 0x0b, 0x05, 0x02, 0x83, 0xa2, 0xa2, 0x36, 0x83, 0xa0, 0xa0, 0x34,
  0x4c, 0x00, 0x69, 0xd5, 0x4c, 0x93, 0x02, 0x02, 0x49, 0x00, 0x6d, 0xd7,
  0x49, 0x4b, 0xd6, 0x04, 0xff, 0x0a, 0xac, 0x4a, 0x90, 0x00, 0x00, 0x00,
  0x8f, 0x4e, 0xa6, 0x36, 0xf9, 0x4e, 0x4e, 0x2c, 0x84, 0x06, 0x86, 0x00,
  0x4f, 0x00, 0x69, 0xd5, 0x4f, 0x95, 0x02, 0x02, 0x4a, 0x00, 0x6d, 0xd7,
  0x4a, 0x4d, 0xde, 0x04, 0x83, 0xa2, 0xa2, 0x34, 0x4b, 0x00, 0x49, 0xd5,
  0x4b, 0xa1, 0x22, 0x02, 0xff, 0x0a, 0xb2, 0x4a, 0xb0, 0x00, 0x00, 0x00,
  0x83, 0xac, 0xac, 0x36, 0x52, 0x00, 0x46, 0xd7, 0x52, 0x09, 0x4d, 0x05,
  0x4c, 0x00, 0x6d, 0xd7, 0x4c, 0x53, 0xe2, 0x04, 0x54, 0x00, 0x46, 0xd7,
  0x54, 0x09, 0x9d, 0x04, 0x5c, 0x00, 0x48, 0xd5, 0x14, 0x09, 0x05, 0x02,
  0x08, 0x00, 0x48, 0xd5, 0x14, 0x0b, 0x05, 0x02, 0x5f, 0x00, 0x49, 0xd5,
  0x5f, 0xa3, 0x22, 0x02, 0x4f, 0x00, 0x6d, 0xd7, 0x4f, 0x67, 0x22, 0x05,
  0x83, 0xb2, 0xb2, 0x36, 0x83, 0xac, 0xac, 0x34, 0x52, 0x00, 0x69, 0xd5,
  0x52, 0x97, 0x02, 0x02, 0x54, 0x00, 0x69, 0xd5, 0x54, 0xbf, 0x02, 0x02,
  0xff, 0x0a, 0x12, 0x4a, 0x91, 0x00, 0x00, 0x00, 0x83, 0xb2, 0xb2, 0x34,
  0x83, 0x12, 0x12, 0x36, 0xff, 0x0a, 0x14, 0x4a, 0xb1, 0x00, 0x00, 0x00,
  0x83, 0x12, 0x12, 0x34, 0x83, 0x14, 0x14, 0x36, 0x83, 0x14, 0x14, 0x34,
  0x0b, 0x00, 0x48, 0xd5, 0x2f, 0x09, 0x05, 0x02, 0x72, 0x3f, 0x8c, 0xbf,
  0xff, 0x78, 0x22, 0x2c, 0x88, 0x03, 0x00, 0x00, 0xff, 0x78, 0xba, 0x2c,
  0x80, 0x03, 0x00, 0x00, 0x8f, 0x22, 0x30, 0x36, 0x19, 0x00, 0x48, 0xd5,
  0x2f, 0x0b, 0x05, 0x02, 0x8f, 0xba, 0xbc, 0x36, 0xf9, 0xba, 0xba, 0x2c,
  0x84, 0x06, 0x86, 0x00, 0xf9, 0x22, 0x22, 0x2c, 0x84, 0x06, 0x86, 0x00,
  0x71, 0x3f, 0x8c, 0xbf, 0x56, 0x00, 0x49, 0xd5, 0x40, 0xad, 0x22, 0x02,
  0x09, 0x00, 0x49, 0xd5, 0x40, 0x13, 0x22, 0x02, 0xff, 0x0a, 0x34, 0x4a,
  0x92, 0x00, 0x00, 0x00, 0x0b, 0x00, 0x46, 0xd7, 0x0b, 0x09, 0x61, 0x04,
  0x5c, 0x00, 0x46, 0xd7, 0x5c, 0x09, 0x79, 0x05, 0x08, 0x00, 0x46, 0xd7,
  0x08, 0x09, 0x75, 0x05, 0xff, 0x0a, 0x36, 0x4a, 0xb2, 0x00, 0x00, 0x00,
  0x19, 0x00, 0x46, 0xd7, 0x19, 0x09, 0x45, 0x04, 0x83, 0x34, 0x34, 0x36,
  0x0b, 0x00, 0x69, 0xd5, 0x0b, 0x13, 0x02, 0x02, 0x1d, 0x00, 0x48, 0xd5,
  0x58, 0x09, 0x05, 0x02, 0x70, 0x3f, 0x8c, 0xbf, 0x0a, 0x00, 0x49, 0xd5,
  0x44, 0x15, 0x22, 0x02, 0x5c, 0x00, 0x69, 0xd5, 0x5c, 0xad, 0x02, 0x02,
  0x56, 0x00, 0x6d, 0xd7, 0x56, 0x93, 0x2e, 0x05, 0x59, 0x00, 0x49, 0xd5,
  0x44, 0xb3, 0x22, 0x02, 0x83, 0x36, 0x36, 0x36, 0xff, 0x78, 0x3c, 0x2c,
  0x90, 0x03, 0x00, 0x00, 0x83, 0x34, 0x34, 0x34, 0x24, 0x00, 0x48, 0xd5,
  0x58, 0x0b, 0x05, 0x02, 0x19, 0x00, 0x69, 0xd5, 0x19, 0x15, 0x02, 0x02,
  0x08, 0x00, 0x69, 0xd5, 0x08, 0xb3, 0x02, 0x02, 0x59, 0x00, 0x6d, 0xd7,
  0x59, 0x95, 0x7e, 0x05, 0x83, 0x36, 0x36, 0x34, 0x5c, 0x00, 0x6d, 0xd7,
  0x5c, 0x99, 0x4a, 0x05, 0x8f, 0x3c, 0x40, 0x36, 0xf9, 0x3c, 0x3c, 0x2c,
  0x84, 0x06, 0x86, 0x00, 0x1a, 0x00, 0x49, 0xd5, 0x40, 0x35, 0x22, 0x02,
  0xff, 0x0a, 0x4a, 0x4a, 0x93, 0x00, 0x00, 0x00, 0xff, 0x0a, 0x4c, 0x4a,
  0xb3, 0x00, 0x00, 0x00, 0x1b, 0x00, 0x49, 0xd5, 0x44, 0x37, 0x22, 0x02,
  0x08, 0x00, 0x6d, 0xd7, 0x08, 0x9f, 0x52, 0x05, 0x1d, 0x00, 0x46, 0xd7,
  0x1d, 0x09, 0x81, 0x04, 0x27, 0x00, 0x48, 0xd5, 0x06, 0x09, 0x05, 0x02,
  0xff, 0x78, 0x78, 0x2c, 0x98, 0x03, 0x00, 0x00, 0x24, 0x00, 0x46, 0xd7,
  0x24, 0x09, 0x79, 0x04, 0x83, 0x4a, 0x4a, 0x36, 0x2a, 0x00, 0x48, 0xd5,
  0x06, 0x0b, 0x05, 0x02, 0x83, 0x4c, 0x4c, 0x36, 0x1d, 0x00, 0x69, 0xd5,
  0x1d, 0x35, 0x02, 0x02, 0x1a, 0x00, 0x6d, 0xd7, 0x1a, 0xad, 0x26, 0x04,
  0x8f, 0x78, 0x52, 0x36, 0xf9, 0x78, 0x78, 0x2c, 0x84, 0x06, 0x86, 0x00,
  0x24, 0x00, 0x69, 0xd5, 0x24, 0x37, 0x02, 0x02, 0x1b, 0x00, 0x6d, 0xd7,
  0x1b, 0xb3, 0x2a, 0x04, 0x83, 0x4a, 0x4a, 0x34, 0xff, 0x0a, 0x58, 0x4a,
  0x94, 0x00, 0x00, 0x00, 0x83, 0x4c, 0x4c, 0x34, 0xff, 0x0a, 0x66, 0x4a,
  0xb4, 0x00, 0x00, 0x00, 0x27, 0x00, 0x46, 0xd7, 0x27, 0x09, 0xa5, 0x04,
  0x2a, 0x00, 0x46, 0xd7, 0x2a, 0x09, 0xf1, 0x04, 0x1d, 0x00, 0x6d, 0xd7,
  0x1d, 0xb9, 0x2e, 0x04, 0x35, 0x00, 0x48, 0xd5, 0x15, 0x09, 0x05, 0x02,
  0xff, 0x7a, 0x6e, 0x2c, 0xa0, 0x03, 0x00, 0x00, 0x40, 0x00, 0x49, 0xd5,
  0x40, 0x4b, 0x22, 0x02, 0x39, 0x00, 0x48, 0xd5, 0x15, 0x0b, 0x05, 0x02,
  0x83, 0x58, 0x58, 0x36, 0x24, 0x00, 0x6d, 0xd7, 0x24, 0x11, 0x66, 0x04,
  0x44, 0x00, 0x49, 0xd5, 0x44, 0x4d, 0x22, 0x02, 0x83, 0x66, 0x66, 0x36,
  0x8f, 0x6e, 0x70, 0x36, 0xf9, 0x6e, 0x6e, 0x2c, 0x84, 0x06, 0x86, 0x00,
  0x27, 0x00, 0x69, 0xd5, 0x27, 0x81, 0x02, 0x02, 0xff, 0x0a, 0x74, 0x4a,
  0x95, 0x00, 0x00, 0x00, 0x83, 0x58, 0x58, 0x34, 0x2a, 0x00, 0x69, 0xd5,
  0x2a, 0x89, 0x02, 0x02, 0x83, 0x66, 0x66, 0x34, 0x35, 0x00, 0x46, 0xd7,
  0x35, 0x09, 0xe1, 0x04, 0x39, 0x00, 0x46, 0xd7, 0x39, 0x09, 0xdd, 0x04,
  0xff, 0x0a, 0x78, 0x4a, 0xb5, 0x00, 0x00, 0x00, 0x83, 0x74, 0x74, 0x36,
  0x2c, 0x00, 0x49, 0xd5, 0x41, 0x59, 0x22, 0x02, 0x33, 0x00, 0x49, 0xd5,
  0x45, 0x67, 0x22, 0x02, 0x49, 0x00, 0x48, 0xd5, 0x1f, 0x0b, 0x05, 0x02,
  0x83, 0x78, 0x78, 0x36, 0x83, 0x74, 0x74, 0x34, 0x35, 0x00, 0x69, 0xd5,
  0x35, 0x59, 0x02, 0x02, 0x2c, 0x00, 0x6d, 0xd7, 0x2c, 0x35, 0x02, 0x05,
  0x40, 0x00, 0x48, 0xd5, 0x1f, 0x09, 0x05, 0x02, 0x39, 0x00, 0x69, 0xd5,
  0x39, 0x67, 0x02, 0x02, 0x33, 0x00, 0x6d, 0xd7, 0x33, 0x37, 0x12, 0x05,
  0xff, 0x7a, 0x88, 0x2c, 0xa8, 0x03, 0x00, 0x00, 0x83, 0x78, 0x78, 0x34,
  0xff, 0x0a, 0x94, 0x4a, 0x96, 0x00, 0x00, 0x00, 0x3a, 0x00, 0x49, 0xd5,
  0x41, 0x75, 0x22, 0x02, 0xff, 0x0a, 0x96, 0x4a, 0xb6, 0x00, 0x00, 0x00,
  0x35, 0x00, 0x6d, 0xd7, 0x35, 0x3b, 0x9e, 0x04, 0x4c, 0x00, 0x48, 0xd5,
  0x28, 0x09, 0x05, 0x02, 0xff, 0x7a, 0x9a, 0x2c, 0xb0, 0x03, 0x00, 0x00,
  0x8f, 0x88, 0x90, 0x36, 0xf9, 0x88, 0x88, 0x2c, 0x84, 0x06, 0x86, 0x00,
  0x3c, 0x00, 0x49, 0xd5, 0x45, 0x79, 0x22, 0x02, 0x39, 0x00, 0x6d, 0xd7,
  0x39, 0x49, 0xaa, 0x04, 0x83, 0x94, 0x94, 0x36, 0x4f, 0x00, 0x48, 0xd5,
  0x28, 0x0b, 0x05, 0x02, 0x83, 0x96, 0x96, 0x36, 0x8f, 0x9a, 0x9c, 0x36,
  0x01, 0x00, 0xa1, 0xbf, 0x10, 0x10, 0x38, 0xe0, 0x2e, 0x08, 0x02, 0x80,
  0x10, 0x10, 0x38, 0xe0, 0x03, 0x18, 0x02, 0x80, 0xf9, 0x9a, 0x9a, 0x2c,
  0x84, 0x06, 0x86, 0x00, 0x40, 0x00, 0x46, 0xd7, 0x40, 0x09, 0x21, 0x05,
  0x49, 0x00, 0x46, 0xd7, 0x49, 0x09, 0x11, 0x05, 0xff, 0x64, 0x64, 0x4a,
  0x10, 0x63, 0x01, 0x00, 0x00, 0x10, 0x38, 0xe0, 0x32, 0x24, 0x03, 0x80,
  0x83, 0x94, 0x94, 0x34, 0x83, 0x96, 0x96, 0x34, 0x4c, 0x00, 0x46, 0xd7,
  0x4c, 0x09, 0x39, 0x05, 0xff, 0x0a, 0xa0, 0x4a, 0x97, 0x00, 0x00, 0x00,
  0x4f, 0x00, 0x46, 0xd7, 0x4f, 0x09, 0x35, 0x05, 0x40, 0x00, 0x69, 0xd5,
  0x40, 0x75, 0x02, 0x02, 0x49, 0x00, 0x69, 0xd5, 0x49, 0x79, 0x02, 0x02,
  0xff, 0x0a, 0xa2, 0x4a, 0xb7, 0x00, 0x00, 0x00, 0x4a, 0x00, 0x49, 0xd5,
  0x41, 0x95, 0x22, 0x02, 0x4b, 0x00, 0x49, 0xd5, 0x45, 0x97, 0x22, 0x02,
  0x83, 0xa0, 0xa0, 0x36, 0x52, 0x00, 0x48, 0xd5, 0x34, 0x09, 0x05, 0x02,
  0xff, 0x7a, 0x7a, 0x2c, 0xb8, 0x03, 0x00, 0x00, 0x54, 0x00, 0x48, 0xd5,
  0x34, 0x0b, 0x05, 0x02, 0x80, 0x10, 0x38, 0xe0, 0x04, 0x5c, 0x02, 0x80,
  0x83, 0xa2, 0xa2, 0x36, 0x4c, 0x00, 0x69, 0xd5, 0x4c, 0x95, 0x02, 0x02,
  0x4a, 0x00, 0x6d, 0xd7, 0x4a, 0x59, 0xea, 0x04, 0x4f, 0x00, 0x69, 0xd5,
  0x4f, 0x97, 0x02, 0x02, 0xff, 0x0a, 0xac, 0x4a, 0xc0, 0x65, 0x01, 0x00,
  0x4f, 0x00, 0x6d, 0xd7, 0x4f, 0x73, 0x26, 0x05, 0x00, 0x10, 0x38, 0xe0,
  0x56, 0x37, 0x03, 0x80, 0x4b, 0x00, 0x6d, 0xd7, 0x4b, 0x67, 0xf2, 0x04,
  0x83, 0xa0, 0xa0, 0x34, 0x8f, 0x7a, 0xa6, 0x36, 0xf9, 0x7a, 0x7a, 0x2c,
  0x84, 0x06, 0x86, 0x00, 0x83, 0xa2, 0xa2, 0x34, 0x4c, 0x00, 0x6d, 0xd7,
  0x4c, 0x6b, 0x02, 0x05, 0x41, 0x00, 0x49, 0xd5, 0x41, 0xa1, 0x22, 0x02,
  0x52, 0x00, 0x46, 0xd7, 0x52, 0x09, 0x4d, 0x05, 0x54, 0x00, 0x46, 0xd7,
  0x54, 0x09, 0xf5, 0x04, 0xff, 0x0a, 0x7a, 0x4a, 0xe0, 0x65, 0x01, 0x00,
  0x45, 0x00, 0x49, 0xd5, 0x45, 0xa3, 0x22, 0x02, 0x52, 0x00, 0x69, 0xd5,
  0x52, 0x83, 0x02, 0x02, 0x52, 0x03, 0x80, 0x7e, 0x00, 0x10, 0x38, 0xe0,
  0x3d, 0x50, 0x03, 0x80, 0xff, 0x0a, 0x78, 0x4a, 0x98, 0x00, 0x00, 0x00,
  0xff, 0x0a, 0x88, 0x4a, 0xb8, 0x00, 0x00, 0x00, 0x48, 0x00, 0x48, 0xd5,
  0x16, 0x09, 0x05, 0x02, 0xff, 0x7c, 0x92, 0x2c, 0xc0, 0x03, 0x00, 0x00,
  0x54, 0x00, 0x69, 0xd5, 0x54, 0x8b, 0x02, 0x02, 0x4e, 0x00, 0x48, 0xd5,
  0x16, 0x0b, 0x05, 0x02, 0x83, 0x78, 0x78, 0x36, 0x83, 0x88, 0x88, 0x36,
  0x8f, 0x92, 0x9a, 0x36, 0xf9, 0x92, 0x92, 0x2c, 0x84, 0x06, 0x86, 0x00,
  0x83, 0x78, 0x78, 0x34, 0x83, 0x88, 0x88, 0x34, 0x48, 0x00, 0x46, 0xd7,
  0x48, 0x09, 0x35, 0x05, 0x4e, 0x00, 0x46, 0xd7, 0x4e, 0x09, 0x25, 0x05,
  0x3c, 0x00, 0x49, 0xd5, 0x42, 0x79, 0x22, 0x02, 0x44, 0x00, 0x49, 0xd5,
  0x46, 0x89, 0x22, 0x02, 0x56, 0x00, 0x48, 0xd5, 0x10, 0x09, 0x05, 0x02,
  0xff, 0x7c, 0xb2, 0x2c, 0xc8, 0x03, 0x00, 0x00, 0x48, 0x00, 0x69, 0xd5,
  0x48, 0x79, 0x02, 0x02, 0x3c, 0x00, 0x6d, 0xd7, 0x3c, 0x95, 0x06, 0x05,
  0x4e, 0x00, 0x69, 0xd5, 0x4e, 0x89, 0x02, 0x02, 0x44, 0x00, 0x6d, 0xd7,
  0x44, 0x97, 0x16, 0x05, 0x8f, 0xb2, 0x06, 0x36, 0x11, 0x00, 0x48, 0xd5,
  0x10, 0x0b, 0x05, 0x02, 0xf9, 0xb2, 0xb2, 0x2c, 0x84, 0x06, 0x86, 0x00,
  0xff, 0x0a, 0x3a, 0x4a, 0x9a, 0x00, 0x00, 0x00, 0x48, 0x00, 0x6d, 0xd7,
  0x48, 0x99, 0x02, 0x05, 0x56, 0x00, 0x46, 0xd7, 0x56, 0x09, 0x0d, 0x04,
  0xff, 0x0a, 0x3c, 0x4a, 0xba, 0x00, 0x00, 0x00, 0x4e, 0x00, 0x6d, 0xd7,
  0x4e, 0x9f, 0x52, 0x05, 0xff, 0x0a, 0x9e, 0x4a, 0x99, 0x00, 0x00, 0x00,
  0xff, 0x0a, 0xa8, 0x4a, 0xb9, 0x00, 0x00, 0x00, 0x11, 0x00, 0x46, 0xd7,
  0x11, 0x09, 0x65, 0x05, 0x83, 0x3a, 0x3a, 0x36, 0x20, 0x00, 0x48, 0xd5,
  0x22, 0x09, 0x05, 0x02, 0xff, 0x7c, 0x52, 0x2c, 0xd0, 0x03, 0x00, 0x00,
  0x83, 0x3c, 0x3c, 0x36, 0x83, 0x9e, 0x9e, 0x36, 0x2c, 0x00, 0x48, 0xd5,
  0x22, 0x0b, 0x05, 0x02, 0x83, 0xa8, 0xa8, 0x36, 0x83, 0x3a, 0x3a, 0x34,
  0x8f, 0x52, 0x54, 0x36, 0xf9, 0x52, 0x52, 0x2c, 0x84, 0x06, 0x86, 0x00,
  0x83, 0x3c, 0x3c, 0x34, 0x83, 0x9e, 0x9e, 0x34, 0x83, 0xa8, 0xa8, 0x34,
  0xff, 0x0a, 0x5c, 0x4a, 0x9b, 0x00, 0x00, 0x00, 0x1d, 0x00, 0x49, 0xd5,
  0x42, 0x3b, 0x22, 0x02, 0x20, 0x00, 0x46, 0xd7, 0x20, 0x09, 0xa9, 0x04,
  0x2c, 0x00, 0x46, 0xd7, 0x2c, 0x09, 0xa5, 0x04, 0xff, 0x0a, 0x64, 0x4a,
  0xbb, 0x00, 0x00, 0x00, 0x1e, 0x00, 0x49, 0xd5, 0x46, 0x3d, 0x22, 0x02,
  0x4f, 0x00, 0x49, 0xd5, 0x42, 0x9f, 0x22, 0x02, 0x54, 0x00, 0x49, 0xd5,
  0x46, 0xa9, 0x22, 0x02, 0x83, 0x5c, 0x5c, 0x36, 0x33, 0x00, 0x48, 0xd5,
  0x2d, 0x09, 0x05, 0x02, 0xff, 0x7c, 0x7c, 0x2c, 0xd8, 0x03, 0x00, 0x00,
  0x20, 0x00, 0x69, 0xd5, 0x20, 0x3b, 0x02, 0x02, 0x83, 0x64, 0x64, 0x36,
  0x2c, 0x00, 0x69, 0xd5, 0x2c, 0x3d, 0x02, 0x02, 0x1d, 0x00, 0x6d, 0xd7,
  0x1d, 0x79, 0x3e, 0x05, 0x3c, 0x00, 0x48, 0xd5, 0x2d, 0x0b, 0x05, 0x02,
  0x56, 0x00, 0x69, 0xd5, 0x56, 0x9f, 0x02, 0x02, 0x11, 0x00, 0x69, 0xd5,
  0x11, 0xa9, 0x02, 0x02, 0x1e, 0x00, 0x6d, 0xd7, 0x1e, 0x89, 0x52, 0x05,
  0x83, 0x5c, 0x5c, 0x34, 0x8f, 0x7c, 0x6a, 0x36, 0xf9, 0x7c, 0x7c, 0x2c,
  0x84, 0x06, 0x86, 0x00, 0x83, 0x64, 0x64, 0x34, 0xff, 0x0a, 0x7a, 0x4a,
  0x9c, 0x00, 0x00, 0x00, 0x20, 0x00, 0x6d, 0xd7, 0x20, 0x91, 0x5a, 0x05,
  0x40, 0x00, 0x48, 0xd5, 0x17, 0x09, 0x05, 0x02, 0xff, 0x7e, 0x82, 0x2c,
  0xe0, 0x03, 0x00, 0x00, 0x42, 0x00, 0x49, 0xd5, 0x42, 0x5d, 0x22, 0x02,
  0x2c, 0x00, 0x6d, 0xd7, 0x2c, 0x9d, 0x46, 0x04, 0x33, 0x00, 0x46, 0xd7,
  0x33, 0x09, 0xd5, 0x04, 0x3c, 0x00, 0x46, 0xd7, 0x3c, 0x09, 0xf9, 0x04,
  0xff, 0x0a, 0x7c, 0x4a, 0xbc, 0x00, 0x00, 0x00, 0x46, 0x00, 0x49, 0xd5,
  0x46, 0x65, 0x22, 0x02, 0x45, 0x00, 0x48, 0xd5, 0x17, 0x0b, 0x05, 0x02,
  0x83, 0x7a, 0x7a, 0x36, 0x8f, 0x82, 0x88, 0x36, 0xf9, 0x82, 0x82, 0x2c,
  0x84, 0x06, 0x86, 0x00, 0x33, 0x00, 0x69, 0xd5, 0x33, 0x85, 0x02, 0x02,
  0x83, 0x7c, 0x7c, 0x36, 0x3c, 0x00, 0x69, 0xd5, 0x3c, 0x8d, 0x02, 0x02,
  0x83, 0x7a, 0x7a, 0x34, 0x40, 0x00, 0x46, 0xd7, 0x40, 0x09, 0x11, 0x05,
  0x45, 0x00, 0x46, 0xd7, 0x45, 0x09, 0x05, 0x05, 0xff, 0x0a, 0x90, 0x4a,
  0xbd, 0x00, 0x00, 0x00, 0x83, 0x7c, 0x7c, 0x34, 0x49, 0x00, 0x48, 0xd5,
  0x55, 0x09, 0x05, 0x02, 0xff, 0x7e, 0x94, 0x2c, 0xe8, 0x03, 0x00, 0x00,
  0x3d, 0x00, 0x49, 0xd5, 0x43, 0x7b, 0x22, 0x02, 0x83, 0x90, 0x90, 0x36,
  0x4c, 0x00, 0x48, 0xd5, 0x55, 0x0b, 0x05, 0x02, 0x3e, 0x00, 0x49, 0xd5,
  0x47, 0x7d, 0x22, 0x02, 0x8f, 0x94, 0x96, 0x36, 0xf9, 0x94, 0x94, 0x2c,
  0x84, 0x06, 0x86, 0x00, 0x40, 0x00, 0x69, 0xd5, 0x40, 0x7b, 0x02, 0x02,
  0x3d, 0x00, 0x6d, 0xd7, 0x3d, 0x3b, 0x0a, 0x05, 0x83, 0x90, 0x90, 0x34,
  0x45, 0x00, 0x69, 0xd5, 0x45, 0x7d, 0x02, 0x02, 0x3e, 0x00, 0x6d, 0xd7,
  0x3e, 0x3d, 0x1a, 0x05, 0xff, 0x0a, 0x8c, 0x4a, 0x9d, 0x00, 0x00, 0x00,
  0xff, 0x0a, 0x9a, 0x4a, 0x9e, 0x00, 0x00, 0x00, 0x49, 0x00, 0x46, 0xd7,
  0x49, 0x09, 0x2d, 0x05, 0x4c, 0x00, 0x46, 0xd7, 0x4c, 0x09, 0x29, 0x05,
  0x48, 0x00, 0x49, 0xd5, 0x47, 0x91, 0x22, 0x02, 0xff, 0x0a, 0x9c, 0x4a,
  0xbe, 0x00, 0x00, 0x00, 0x40, 0x00, 0x6d, 0xd7, 0x40, 0x41, 0xce, 0x04,
  0x4f, 0x00, 0x48, 0xd5, 0x12, 0x09, 0x05, 0x02, 0xff, 0x7e, 0xa8, 0x2c,
  0xf0, 0x03, 0x00, 0x00, 0x83, 0x8c, 0x8c, 0x36, 0x83, 0x9a, 0x9a, 0x36,
  0x45, 0x00, 0x6d, 0xd7, 0x45, 0x59, 0xf2, 0x04, 0x59, 0x00, 0x48, 0xd5,
  0x12, 0x0b, 0x05, 0x02, 0x4c, 0x00, 0x69, 0xd5, 0x4c, 0x91, 0x02, 0x02,
  0x83, 0x9c, 0x9c, 0x36, 0x8f, 0xa8, 0xac, 0x36, 0xf9, 0xa8, 0xa8, 0x2c,
  0x84, 0x06, 0x86, 0x00, 0x83, 0x8c, 0x8c, 0x34, 0x83, 0x9a, 0x9a, 0x34,
  0xff, 0x0a, 0x06, 0x4a, 0x9f, 0x00, 0x00, 0x00, 0x83, 0x9c, 0x9c, 0x34,
  0xff, 0x0a, 0x22, 0x4a, 0xbf, 0x00, 0x00, 0x00, 0x4f, 0x00, 0x46, 0xd7,
  0x4f, 0x09, 0x59, 0x05, 0x59, 0x00, 0x46, 0xd7, 0x59, 0x09, 0x51, 0x05,
  0x46, 0x00, 0x49, 0xd5, 0x43, 0x8d, 0x22, 0x02, 0x4d, 0x00, 0x49, 0xd5,
  0x43, 0x9b, 0x22, 0x02, 0x1d, 0x00, 0x48, 0xd5, 0x23, 0x09, 0x05, 0x02,
  0x83, 0x06, 0x06, 0x36, 0xff, 0x7e, 0x7e, 0x2c, 0xf8, 0x03, 0x00, 0x00,
  0x4e, 0x00, 0x49, 0xd5, 0x47, 0x9d, 0x22, 0x02, 0x83, 0x22, 0x22, 0x36,
  0x20, 0x00, 0x48, 0xd5, 0x23, 0x0b, 0x05, 0x02, 0x49, 0x00, 0x69, 0xd5,
  0x49, 0x8d, 0x02, 0x02, 0x4f, 0x00, 0x69, 0xd5, 0x4f, 0x9b, 0x02, 0x02,
  0x4d, 0x00, 0x6d, 0xd7, 0x4d, 0x7b, 0x1a, 0x05, 0x83, 0x06, 0x06, 0x34,
  0x8f, 0x7e, 0x3c, 0x36, 0xf9, 0x7e, 0x7e, 0x2c, 0x84, 0x06, 0x86, 0x00,
  0x59, 0x00, 0x69, 0xd5, 0x59, 0x9d, 0x02, 0x02, 0x4e, 0x00, 0x6d, 0xd7,
  0x4e, 0x7d, 0x22, 0x05, 0x83, 0x22, 0x22, 0x34, 0x43, 0x00, 0x49, 0xd5,
  0x43, 0x07, 0x22, 0x02, 0x1d, 0x00, 0x46, 0xd7, 0x1d, 0x09, 0x79, 0x04,
  0x4f, 0x00, 0x6d, 0xd7, 0x4f, 0x81, 0x26, 0x05, 0x20, 0x00, 0x46, 0xd7,
  0x20, 0x09, 0xfd, 0x04, 0x47, 0x00, 0x49, 0xd5, 0x47, 0x23, 0x22, 0x02,
  0x59, 0x00, 0x6d, 0xd7, 0x59, 0x8b, 0x32, 0x05, 0x4d, 0x87, 0x9a, 0x4a,
  0x1d, 0x00, 0x69, 0xd5, 0x1d, 0x87, 0x02, 0x02, 0x4e, 0x8f, 0x9c, 0x4a,
  0x20, 0x00, 0x69, 0xd5, 0x20, 0x8f, 0x02, 0x02, 0x4d, 0x0b, 0x9a, 0x7e,
  0x4e, 0x0b, 0x9c, 0x7e, 0x4f, 0x3b, 0x9e, 0x4a, 0x59, 0x41, 0xb2, 0x4a,
  0x4f, 0x0b, 0x9e, 0x7e, 0x59, 0x0b, 0xb2, 0x7e, 0x75, 0x3f, 0x8c, 0xbf,
  0x08, 0x9f, 0x10, 0x10, 0x09, 0xb3, 0x12, 0x10, 0x74, 0x3f, 0x8c, 0xbf,
  0x18, 0x9b, 0x30, 0x10, 0x19, 0x9d, 0x32, 0x10, 0x29, 0x00, 0x48, 0xd5,
  0x0c, 0x0d, 0x05, 0x02, 0x08, 0x31, 0x10, 0x08, 0x09, 0x33, 0x12, 0x08,
  0x0c, 0x00, 0x48, 0xd5, 0x0c, 0x0f, 0x05, 0x02, 0x73, 0x3f, 0x8c, 0xbf,
  0x08, 0x49, 0x10, 0x10, 0xff, 0x0a, 0x48, 0x4a, 0xc0, 0x00, 0x00, 0x00,
  0x09, 0x4b, 0x12, 0x10, 0xff, 0x0a, 0x4a, 0x4a, 0xe0, 0x00, 0x00, 0x00,
  0xff, 0x0a, 0x5c, 0x4a, 0xc1, 0x00, 0x00, 0x00, 0x01, 0x11, 0x02, 0x06,
  0x83, 0x48, 0x48, 0x36, 0x83, 0x4a, 0x4a, 0x36, 0xff, 0x0a, 0x64, 0x4a,
  0xe1, 0x00, 0x00, 0x00, 0x83, 0x5c, 0x5c, 0x36, 0x01, 0x13, 0x02, 0x06,
  0x83, 0x48, 0x48, 0x34, 0x33, 0x00, 0x48, 0xd5, 0x13, 0x0d, 0x05, 0x02,
  0x83, 0x4a, 0x4a, 0x34, 0x83, 0x64, 0x64, 0x36, 0x83, 0x5c, 0x5c, 0x34,
  0x13, 0x00, 0x48, 0xd5, 0x13, 0x0f, 0x05, 0x02, 0x72, 0x3f, 0x8c, 0xbf,
  0xff, 0xb8, 0x6a, 0x2c, 0x08, 0x04, 0x00, 0x00, 0xff, 0xb8, 0x54, 0x2c,
  0x00, 0x04, 0x00, 0x00, 0x83, 0x64, 0x64, 0x34, 0x8f, 0x6a, 0x78, 0x36,
  0xf9, 0x6a, 0x6a, 0x2c, 0x84, 0x06, 0x86, 0x00, 0x8f, 0x54, 0x58, 0x36,
  0xff, 0x0a, 0x7a, 0x4a, 0xc2, 0x00, 0x00, 0x00, 0xf9, 0x54, 0x54, 0x2c,
  0x84, 0x06, 0x86, 0x00, 0xff, 0x0a, 0x7c, 0x4a, 0xe2, 0x00, 0x00, 0x00,
  0x33, 0x00, 0x46, 0xd7, 0x33, 0x09, 0xf1, 0x04, 0x13, 0x00, 0x46, 0xd7,
  0x13, 0x09, 0xd5, 0x04, 0x29, 0x00, 0x46, 0xd7, 0x29, 0x09, 0xb1, 0x04,
  0x3f, 0x00, 0x48, 0xd5, 0x57, 0x0d, 0x05, 0x02, 0x83, 0x7a, 0x7a, 0x36,
  0xff, 0xb8, 0x80, 0x2c, 0x10, 0x04, 0x00, 0x00, 0x0c, 0x00, 0x46, 0xd7,
  0x0c, 0x09, 0xa9, 0x04, 0x83, 0x7c, 0x7c, 0x36, 0x71, 0x3f, 0x8c, 0xbf,
  0x2e, 0x00, 0x49, 0xd5, 0x37, 0x5d, 0x22, 0x02, 0x57, 0x00, 0x48, 0xd5,
  0x57, 0x0f, 0x05, 0x02, 0x24, 0x00, 0x49, 0xd5, 0x37, 0x49, 0x22, 0x02,
  0x83, 0x7a, 0x7a, 0x34, 0x8f, 0x80, 0x82, 0x36, 0xf9, 0x80, 0x80, 0x2c,
  0x84, 0x06, 0x86, 0x00, 0x83, 0x7c, 0x7c, 0x34, 0x33, 0x00, 0x69, 0xd5,
  0x33, 0x5d, 0x02, 0x02, 0x29, 0x00, 0x69, 0xd5, 0x29, 0x49, 0x02, 0x02,
  0x3d, 0x00, 0x49, 0xd5, 0x37, 0x7b, 0x22, 0x02, 0x3f, 0x00, 0x46, 0xd7,
  0x3f, 0x09, 0x05, 0x05, 0x57, 0x00, 0x46, 0xd7, 0x57, 0x09, 0x01, 0x05,
  0xff, 0x0a, 0x84, 0x4a, 0xc3, 0x00, 0x00, 0x00, 0xff, 0x0a, 0x86, 0x4a,
  0xe3, 0x00, 0x00, 0x00, 0x3f, 0x00, 0x69, 0xd5, 0x3f, 0x7b, 0x02, 0x02,
  0x3d, 0x00, 0x6d, 0xd7, 0x3d, 0x49, 0xba, 0x04, 0x83, 0x84, 0x84, 0x36,
  0x83, 0x86, 0x86, 0x36, 0x70, 0x3f, 0x8c, 0xbf, 0x3e, 0x00, 0x49, 0xd5,
  0x50, 0x7d, 0x22, 0x02, 0x32, 0x00, 0x49, 0xd5, 0x50, 0x65, 0x22, 0x02,
  0x25, 0x00, 0x49, 0xd5, 0x50, 0x4b, 0x22, 0x02, 0x44, 0x00, 0x48, 0xd5,
  0x5a, 0x0d, 0x05, 0x02, 0xff, 0xb8, 0xb8, 0x2c, 0x18, 0x04, 0x00, 0x00,
  0x5a, 0x00, 0x48, 0xd5, 0x5a, 0x0f, 0x05, 0x02, 0x83, 0x84, 0x84, 0x34,
  0x83, 0x86, 0x86, 0x34, 0x3f, 0x00, 0x6d, 0xd7, 0x3f, 0x53, 0xce, 0x04,
  0x57, 0x00, 0x69, 0xd5, 0x57, 0x7d, 0x02, 0x02, 0xff, 0x0a, 0x8c, 0x4a,
  0xc4, 0x00, 0x00, 0x00, 0x13, 0x00, 0x69, 0xd5, 0x13, 0x65, 0x02, 0x02,
  0x0c, 0x00, 0x69, 0xd5, 0x0c, 0x4b, 0x02, 0x02, 0x3e, 0x00, 0x6d, 0xd7,
  0x3e, 0x4b, 0xca, 0x04, 0x8f, 0xb8, 0x8a, 0x36, 0xf9, 0xb8, 0xb8, 0x2c,
  0x84, 0x06, 0x86, 0x00, 0x37, 0x00, 0x49, 0xd5, 0x37, 0x85, 0x22, 0x02,
  0x50, 0x00, 0x49, 0xd5, 0x50, 0x87, 0x22, 0x02, 0xff, 0x0a, 0x8e, 0x4a,
  0xe4, 0x00, 0x00, 0x00, 0x83, 0x8c, 0x8c, 0x36, 0x48, 0x00, 0x48, 0xd5,
  0x0d, 0x0d, 0x05, 0x02, 0xff, 0xba, 0x92, 0x2c, 0x20, 0x04, 0x00, 0x00,
  0x0d, 0x00, 0x48, 0xd5, 0x0d, 0x0f, 0x05, 0x02, 0x44, 0x00, 0x46, 0xd7,
  0x44, 0x09, 0x15, 0x05, 0x57, 0x00, 0x6d, 0xd7, 0x57, 0x19, 0x4e, 0x04,
  0x5a, 0x00, 0x46, 0xd7, 0x5a, 0x09, 0x71, 0x05, 0x83, 0x8e, 0x8e, 0x36,
  0x83, 0x8c, 0x8c, 0x34, 0x8f, 0x92, 0x94, 0x36, 0xf9, 0x92, 0x92, 0x2c,
  0x84, 0x06, 0x86, 0x00, 0xff, 0x0a, 0x96, 0x4a, 0xc5, 0x00, 0x00, 0x00,
  0x44, 0x00, 0x69, 0xd5, 0x44, 0x6f, 0x02, 0x02, 0x5a, 0x00, 0x69, 0xd5,
  0x5a, 0xa1, 0x02, 0x02, 0x83, 0x8e, 0x8e, 0x34, 0x46, 0x00, 0x49, 0xd5,
  0x38, 0x8d, 0x22, 0x02, 0x48, 0x00, 0x46, 0xd7, 0x48, 0x09, 0x29, 0x05,
  0xff, 0x0a, 0x98, 0x4a, 0xe5, 0x00, 0x00, 0x00, 0x0d, 0x00, 0x46, 0xd7,
  0x0d, 0x09, 0x25, 0x05, 0x83, 0x96, 0x96, 0x36, 0x4d, 0x00, 0x48, 0xd5,
  0x1c, 0x0d, 0x05, 0x02, 0xff, 0xba, 0x9c, 0x2c, 0x28, 0x04, 0x00, 0x00,
  0x47, 0x00, 0x49, 0xd5, 0x51, 0x8f, 0x22, 0x02, 0x1c, 0x00, 0x48, 0xd5,
  0x1c, 0x0f, 0x05, 0x02, 0x48, 0x00, 0x69, 0xd5, 0x48, 0x8d, 0x02, 0x02,
  0x46, 0x00, 0x6d, 0xd7, 0x46, 0x7b, 0xde, 0x04, 0x83, 0x98, 0x98, 0x36,
  0x83, 0x96, 0x96, 0x34, 0x8f, 0x9c, 0x9e, 0x36, 0xf9, 0x9c, 0x9c, 0x2c,
  0x84, 0x06, 0x86, 0x00, 0x0d, 0x00, 0x69, 0xd5, 0x0d, 0x8f, 0x02, 0x02,
  0x47, 0x00, 0x6d, 0xd7, 0x47, 0x7d, 0x42, 0x05, 0xff, 0x0a, 0xa0, 0x4a,
  0xc6, 0x00, 0x00, 0x00, 0xff, 0x0a, 0xa8, 0x4a, 0xe6, 0x00, 0x00, 0x00,
  0x83, 0x98, 0x98, 0x34, 0x4b, 0x00, 0x49, 0xd5, 0x38, 0x97, 0x22, 0x02,
  0x48, 0x00, 0x6d, 0xd7, 0x48, 0x7f, 0x12, 0x05, 0x4d, 0x00, 0x46, 0xd7,
  0x4d, 0x09, 0x3d, 0x05, 0x1c, 0x00, 0x46, 0xd7, 0x1c, 0x09, 0x39, 0x05,
  0x56, 0x00, 0x48, 0xd5, 0x2b, 0x0d, 0x05, 0x02, 0x2b, 0x00, 0x48, 0xd5,
  0x2b, 0x0f, 0x05, 0x02, 0x90, 0x10, 0x38, 0xe0, 0x04, 0x3c, 0x02, 0x80,
  0x83, 0xa0, 0xa0, 0x36, 0x0d, 0x00, 0x6d, 0xd7, 0x0d, 0xaf, 0x6a, 0x05,
  0xff, 0x0a, 0xb4, 0x4a, 0xd0, 0x65, 0x01, 0x00, 0x00, 0x10, 0x38, 0xe0,
  0x5a, 0x40, 0x03, 0x80, 0xff, 0xba, 0xae, 0x2c, 0x30, 0x04, 0x00, 0x00,
  0x83, 0xa8, 0xa8, 0x36, 0x4c, 0x00, 0x49, 0xd5, 0x51, 0x99, 0x22, 0x02,
  0x4d, 0x00, 0x69, 0xd5, 0x4d, 0x97, 0x02, 0x02, 0x83, 0xa0, 0xa0, 0x34,
  0xff, 0x0a, 0xb8, 0x4a, 0xf0, 0x65, 0x01, 0x00, 0x8f, 0xae, 0xb2, 0x36,
  0x50, 0x00, 0x49, 0xd5, 0x38, 0xa1, 0x22, 0x02, 0x56, 0x00, 0x46, 0xd7,
  0x56, 0x09, 0x65, 0x05, 0x56, 0x00, 0x69, 0xd5, 0x56, 0xa1, 0x02, 0x02,
  0x50, 0x00, 0x6d, 0xd7, 0x50, 0x8d, 0x2e, 0x05, 0x56, 0x00, 0x6d, 0xd7,
  0x56, 0x91, 0x36, 0x05, 0x00, 0x10, 0x38, 0xe0, 0x5c, 0x48, 0x03, 0x80,
  0xf9, 0xae, 0xae, 0x2c, 0x84, 0x06, 0x86, 0x00, 0x83, 0xa8, 0xa8, 0x34,
  0x1c, 0x00, 0x69, 0xd5, 0x1c, 0x99, 0x02, 0x02, 0xff, 0x0a, 0x06, 0x4a,
  0xc7, 0x00, 0x00, 0x00, 0xff, 0x0a, 0x08, 0x4a, 0xe7, 0x00, 0x00, 0x00,
  0x08, 0x00, 0x48, 0xd5, 0x30, 0x0d, 0x05, 0x02, 0xff, 0xba, 0xba, 0x2c,
  0x38, 0x04, 0x00, 0x00, 0x2b, 0x00, 0x46, 0xd7, 0x2b, 0x09, 0x5d, 0x05,
  0x54, 0x00, 0x49, 0xd5, 0x51, 0xa9, 0x22, 0x02, 0x30, 0x00, 0x48, 0xd5,
  0x30, 0x0f, 0x05, 0x02, 0x83, 0x06, 0x06, 0x36, 0xff, 0x0a, 0x18, 0x4a,
  0xc8, 0x00, 0x00, 0x00, 0x83, 0x08, 0x08, 0x36, 0x8f, 0xba, 0x12, 0x36,
  0xf9, 0xba, 0xba, 0x2c, 0x84, 0x06, 0x86, 0x00, 0x2b, 0x00, 0x69, 0xd5,
  0x2b, 0xa9, 0x02, 0x02, 0x54, 0x00, 0x6d, 0xd7, 0x54, 0x8f, 0x32, 0x05,
  0x83, 0x06, 0x06, 0x34, 0x83, 0x18, 0x18, 0x36, 0x83, 0x08, 0x08, 0x34,
  0x08, 0x00, 0x46, 0xd7, 0x08, 0x09, 0x25, 0x04, 0x30, 0x00, 0x46, 0xd7,
  0x30, 0x09, 0x75, 0x05, 0x11, 0x00, 0x48, 0xd5, 0x0e, 0x0d, 0x05, 0x02,
  0xff, 0xbc, 0x26, 0x2c, 0x40, 0x04, 0x00, 0x00, 0x0e, 0x00, 0x48, 0xd5,
  0x0e, 0x0f, 0x05, 0x02, 0x38, 0x00, 0x49, 0xd5, 0x38, 0x07, 0x22, 0x02,
  0x2b, 0x00, 0x6d, 0xd7, 0x2b, 0x1b, 0x72, 0x04, 0xff, 0x0a, 0x1a, 0x4a,
  0xe8, 0x00, 0x00, 0x00, 0x83, 0x18, 0x18, 0x34, 0x51, 0x00, 0x49, 0xd5,
  0x51, 0x09, 0x22, 0x02, 0x8f, 0x26, 0x30, 0x36, 0xf9, 0x26, 0x26, 0x2c,
  0x84, 0x06, 0x86, 0x00, 0x08, 0x00, 0x69, 0xd5, 0x08, 0x71, 0x02, 0x02,
  0xff, 0x0a, 0x32, 0x4a, 0xc9, 0x00, 0x00, 0x00, 0x83, 0x1a, 0x1a, 0x36,
  0x0c, 0x00, 0x49, 0xd5, 0x39, 0x19, 0x22, 0x02, 0x30, 0x00, 0x69, 0xd5,
  0x30, 0xa3, 0x02, 0x02, 0x11, 0x00, 0x46, 0xd7, 0x11, 0x09, 0x61, 0x04,
  0x0e, 0x00, 0x46, 0xd7, 0x0e, 0x09, 0x4d, 0x04, 0xff, 0x0a, 0x38, 0x4a,
  0xe9, 0x00, 0x00, 0x00, 0x83, 0x32, 0x32, 0x36, 0x83, 0x1a, 0x1a, 0x34,
  0x1d, 0x00, 0x48, 0xd5, 0x5b, 0x0d, 0x05, 0x02, 0xff, 0xbc, 0x3c, 0x2c,
  0x48, 0x04, 0x00, 0x00, 0x5b, 0x00, 0x48, 0xd5, 0x5b, 0x0f, 0x05, 0x02,
  0x11, 0x00, 0x69, 0xd5, 0x11, 0x19, 0x02, 0x02, 0x0c, 0x00, 0x6d, 0xd7,
  0x0c, 0xa1, 0xe2, 0x04, 0x83, 0x38, 0x38, 0x36, 0x83, 0x32, 0x32, 0x34,
  0x0d, 0x00, 0x49, 0xd5, 0x52, 0x1b, 0x22, 0x02, 0x8f, 0x3c, 0x40, 0x36,
  0xf9, 0x3c, 0x3c, 0x2c, 0x84, 0x06, 0x86, 0x00, 0xff, 0x0a, 0x48, 0x4a,
  0xca, 0x00, 0x00, 0x00, 0xff, 0x0a, 0x4a, 0x4a, 0xea, 0x00, 0x00, 0x00,
  0x83, 0x38, 0x38, 0x34, 0x11, 0x00, 0x6d, 0xd7, 0x11, 0xad, 0x22, 0x04,
  0x19, 0x00, 0x49, 0xd5, 0x39, 0x33, 0x22, 0x02, 0x0e, 0x00, 0x69, 0xd5,
  0x0e, 0x1b, 0x02, 0x02, 0x0d, 0x00, 0x6d, 0xd7, 0x0d, 0xa9, 0x46, 0x05,
  0x29, 0x00, 0x48, 0xd5, 0x07, 0x0d, 0x05, 0x02, 0x1d, 0x00, 0x46, 0xd7,
  0x1d, 0x09, 0x81, 0x04, 0x5b, 0x00, 0x46, 0xd7, 0x5b, 0x09, 0x79, 0x04,
  0xff, 0xbc, 0x54, 0x2c, 0x50, 0x04, 0x00, 0x00, 0x83, 0x48, 0x48, 0x36,
  0x83, 0x4a, 0x4a, 0x36, 0x1c, 0x00, 0x49, 0xd5, 0x52, 0x39, 0x22, 0x02,
  0x07, 0x00, 0x48, 0xd5, 0x07, 0x0f, 0x05, 0x02, 0x0e, 0x00, 0x6d, 0xd7,
  0x0e, 0x57, 0xc2, 0x04, 0x1d, 0x00, 0x69, 0xd5, 0x1d, 0x33, 0x02, 0x02,
  0x8f, 0x54, 0x56, 0x36, 0xf9, 0x54, 0x54, 0x2c, 0x84, 0x06, 0x86, 0x00,
  0x83, 0x48, 0x48, 0x34, 0x83, 0x4a, 0x4a, 0x34, 0x5b, 0x00, 0x69, 0xd5,
  0x5b, 0x39, 0x02, 0x02, 0xff, 0x0a, 0x58, 0x4a, 0xcb, 0x00, 0x00, 0x00,
  0xff, 0x0a, 0x5c, 0x4a, 0xeb, 0x00, 0x00, 0x00, 0x29, 0x00, 0x46, 0xd7,
  0x29, 0x09, 0xad, 0x04, 0x07, 0x00, 0x46, 0xd7, 0x07, 0x09, 0xa9, 0x04,
  0x24, 0x00, 0x49, 0xd5, 0x39, 0x49, 0x22, 0x02, 0x25, 0x00, 0x49, 0xd5,
  0x52, 0x4b, 0x22, 0x02, 0x30, 0x00, 0x48, 0xd5, 0x21, 0x0d, 0x05, 0x02,
  0xff, 0xbc, 0xbc, 0x2c, 0x58, 0x04, 0x00, 0x00, 0x83, 0x58, 0x58, 0x36,
  0x21, 0x00, 0x48, 0xd5, 0x21, 0x0f, 0x05, 0x02, 0x83, 0x5c, 0x5c, 0x36,
  0x29, 0x00, 0x69, 0xd5, 0x29, 0x49, 0x02, 0x02, 0x24, 0x00, 0x6d, 0xd7,
  0x24, 0x19, 0x66, 0x04, 0x07, 0x00, 0x69, 0xd5, 0x07, 0x4b, 0x02, 0x02,
  0x25, 0x00, 0x6d, 0xd7, 0x25, 0x1b, 0x72, 0x04, 0x8f, 0xbc, 0x64, 0x36,
  0xf9, 0xbc, 0xbc, 0x2c, 0x84, 0x06, 0x86, 0x00, 0x83, 0x58, 0x58, 0x34,
  0xff, 0x0a, 0x66, 0x4a, 0xcc, 0x00, 0x00, 0x00, 0x83, 0x5c, 0x5c, 0x34,
  0xff, 0x0a, 0x6a, 0x4a, 0xec, 0x00, 0x00, 0x00, 0x29, 0x00, 0x6d, 0xd7,
  0x29, 0x23, 0x76, 0x04, 0x37, 0x00, 0x48, 0xd5, 0x0f, 0x0d, 0x05, 0x02,
  0x30, 0x00, 0x46, 0xd7, 0x30, 0x09, 0xc9, 0x04, 0xff, 0xbe, 0x70, 0x2c,
  0x60, 0x04, 0x00, 0x00, 0x21, 0x00, 0x46, 0xd7, 0x21, 0x09, 0x79, 0x05,
  0x07, 0x00, 0x6d, 0xd7, 0x07, 0x1d, 0x6e, 0x05, 0x39, 0x00, 0x49, 0xd5,
  0x39, 0x59, 0x22, 0x02, 0x83, 0x66, 0x66, 0x36, 0x0f, 0x00, 0x48, 0xd5,
  0x0f, 0x0f, 0x05, 0x02, 0x52, 0x00, 0x49, 0xd5, 0x52, 0x5d, 0x22, 0x02,
  0x83, 0x6a, 0x6a, 0x36, 0x8f, 0x70, 0x88, 0x36, 0xf9, 0x70, 0x70, 0x2c,
  0x84, 0x06, 0x86, 0x00, 0x30, 0x00, 0x69, 0xd5, 0x30, 0x73, 0x02, 0x02,
  0xff, 0x0a, 0x8a, 0x4a, 0xcd, 0x00, 0x00, 0x00, 0x83, 0x66, 0x66, 0x34,
  0x21, 0x00, 0x69, 0xd5, 0x21, 0xa5, 0x02, 0x02, 0x83, 0x6a, 0x6a, 0x34,
  0x37, 0x00, 0x46, 0xd7, 0x37, 0x09, 0x11, 0x05, 0x0f, 0x00, 0x46, 0xd7,
  0x0f, 0x09, 0xe1, 0x04, 0xff, 0x0a, 0x8c, 0x4a, 0xed, 0x00, 0x00, 0x00,
  0x83, 0x8a, 0x8a, 0x36, 0x33, 0x00, 0x49, 0xd5, 0x3a, 0x67, 0x22, 0x02,
  0x47, 0x00, 0x48, 0xd5, 0x31, 0x0d, 0x05, 0x02, 0xff, 0xbe, 0x98, 0x2c,
  0x68, 0x04, 0x00, 0x00, 0x35, 0x00, 0x49, 0xd5, 0x53, 0x6b, 0x22, 0x02,
  0x31, 0x00, 0x48, 0xd5, 0x31, 0x0f, 0x05, 0x02, 0x83, 0x8c, 0x8c, 0x36,
  0x83, 0x8a, 0x8a, 0x34, 0x37, 0x00, 0x69, 0xd5, 0x37, 0x67, 0x02, 0x02,
  0x33, 0x00, 0x6d, 0xd7, 0x33, 0x49, 0xe6, 0x04, 0xff, 0x0a, 0x9c, 0x4a,
  0xce, 0x00, 0x00, 0x00, 0x8f, 0x98, 0x9a, 0x36, 0xf9, 0x98, 0x98, 0x2c,
  0x84, 0x06, 0x86, 0x00, 0x0f, 0x00, 0x69, 0xd5, 0x0f, 0x6b, 0x02, 0x02,
  0x35, 0x00, 0x6d, 0xd7, 0x35, 0x4b, 0x4a, 0x05, 0x83, 0x8c, 0x8c, 0x34,
  0x45, 0x00, 0x49, 0xd5, 0x3a, 0x8b, 0x22, 0x02, 0xff, 0x0a, 0x9e, 0x4a,
  0xee, 0x00, 0x00, 0x00, 0x83, 0x9c, 0x9c, 0x36, 0x37, 0x00, 0x6d, 0xd7,
  0x37, 0x53, 0xc2, 0x04, 0x47, 0x00, 0x46, 0xd7, 0x47, 0x09, 0x35, 0x05,
  0x31, 0x00, 0x46, 0xd7, 0x31, 0x09, 0x31, 0x05, 0x50, 0x00, 0x48, 0xd5,
  0x36, 0x0d, 0x05, 0x02, 0xff, 0xbe, 0xa2, 0x2c, 0x70, 0x04, 0x00, 0x00,
  0x36, 0x00, 0x48, 0xd5, 0x36, 0x0f, 0x05, 0x02, 0x46, 0x00, 0x49, 0xd5,
  0x53, 0x8d, 0x22, 0x02, 0x0f, 0x00, 0x6d, 0xd7, 0x0f, 0x0f, 0x86, 0x04,
  0x83, 0x9e, 0x9e, 0x36, 0x83, 0x9c, 0x9c, 0x34, 0x47, 0x00, 0x69, 0xd5,
  0x47, 0x8b, 0x02, 0x02, 0xff, 0x0a, 0xa8, 0x4a, 0xcf, 0x00, 0x00, 0x00,
  0x8f, 0xa2, 0xa4, 0x36, 0xf9, 0xa2, 0xa2, 0x2c, 0x84, 0x06, 0x86, 0x00,
  0x31, 0x00, 0x69, 0xd5, 0x31, 0x8d, 0x02, 0x02, 0x83, 0x9e, 0x9e, 0x34,
  0x4e, 0x00, 0x49, 0xd5, 0x3a, 0x9d, 0x22, 0x02, 0xff, 0x0a, 0xac, 0x4a,
  0xef, 0x00, 0x00, 0x00, 0x83, 0xa8, 0xa8, 0x36, 0x50, 0x00, 0x46, 0xd7,
  0x50, 0x09, 0x49, 0x05, 0x36, 0x00, 0x46, 0xd7, 0x36, 0x09, 0x45, 0x05,
  0x57, 0x00, 0x48, 0xd5, 0x3b, 0x0d, 0x05, 0x02, 0xff, 0xbe, 0xbe, 0x2c,
  0x78, 0x04, 0x00, 0x00, 0x4f, 0x00, 0x49, 0xd5, 0x53, 0x9f, 0x22, 0x02,
  0x3b, 0x00, 0x48, 0xd5, 0x3b, 0x0f, 0x05, 0x02, 0x83, 0xac, 0xac, 0x36,
  0x83, 0xa8, 0xa8, 0x34, 0x50, 0x00, 0x69, 0xd5, 0x50, 0x9d, 0x02, 0x02,
  0x4e, 0x00, 0x6d, 0xd7, 0x4e, 0x67, 0x16, 0x05, 0xff, 0x0a, 0xb4, 0x4a,
  0xd0, 0x00, 0x00, 0x00, 0x8f, 0xbe, 0xb2, 0x36, 0xf9, 0xbe, 0xbe, 0x2c,
  0x84, 0x06, 0x86, 0x00, 0x36, 0x00, 0x69, 0xd5, 0x36, 0x9f, 0x02, 0x02,
  0x4f, 0x00, 0x6d, 0xd7, 0x4f, 0x6b, 0x1a, 0x05, 0x83, 0xac, 0xac, 0x34,
  0x3a, 0x00, 0x49, 0xd5, 0x3a, 0xa9, 0x22, 0x02, 0xff, 0x0a, 0xb6, 0x4a,
  0xf0, 0x00, 0x00, 0x00, 0x83, 0xb4, 0xb4, 0x36, 0x50, 0x00, 0x6d, 0xd7,
  0x50, 0x6f, 0x1e, 0x05, 0x57, 0x00, 0x46, 0xd7, 0x57, 0x09, 0x65, 0x05,
  0x3b, 0x00, 0x46, 0xd7, 0x3b, 0x09, 0x7d, 0x05, 0x5c, 0x00, 0x48, 0xd5,
  0x14, 0x0d, 0x05, 0x02, 0x14, 0x00, 0x48, 0xd5, 0x14, 0x0f, 0x05, 0x02,
  0x53, 0x00, 0x49, 0xd5, 0x53, 0xad, 0x22, 0x02, 0x36, 0x00, 0x6d, 0xd7,
  0x36, 0x1f, 0xc6, 0x04, 0x83, 0xb6, 0xb6, 0x36, 0x83, 0xb4, 0xb4, 0x34,
  0x57, 0x00, 0x69, 0xd5, 0x57, 0x75, 0x02, 0x02, 0x3b, 0x00, 0x69, 0xd5,
  0x3b, 0xa7, 0x02, 0x02, 0x83, 0xb6, 0xb6, 0x34, 0xff, 0x0a, 0xbe, 0x4a,
  0xd1, 0x00, 0x00, 0x00, 0x83, 0xbe, 0xbe, 0x36, 0xff, 0x0a, 0x06, 0x4a,
  0xf1, 0x00, 0x00, 0x00, 0x83, 0xbe, 0xbe, 0x34, 0x83, 0x06, 0x06, 0x36,
  0x83, 0x06, 0x06, 0x34, 0x04, 0x00, 0x48, 0xd5, 0x2f, 0x0d, 0x05, 0x02,
  0x72, 0x3f, 0x8c, 0xbf, 0xff, 0x78, 0x0e, 0x2c, 0x88, 0x04, 0x00, 0x00,
  0xff, 0x78, 0xba, 0x2c, 0x80, 0x04, 0x00, 0x00, 0x8f, 0x0e, 0x10, 0x36,
  0x8f, 0xba, 0xbc, 0x36, 0xf9, 0xba, 0xba, 0x2c, 0x84, 0x06, 0x86, 0x00,
  0x2f, 0x00, 0x48, 0xd5, 0x2f, 0x0f, 0x05, 0x02, 0xf9, 0x0e, 0x0e, 0x2c,
  0x84, 0x06, 0x86, 0x00, 0x71, 0x3f, 0x8c, 0xbf, 0x5a, 0x00, 0x49, 0xd5,
  0x40, 0xb5, 0x22, 0x02, 0x5f, 0x00, 0x49, 0xd5, 0x40, 0xbf, 0x22, 0x02,
  0xff, 0x0a, 0x12, 0x4a, 0xd2, 0x00, 0x00, 0x00, 0x04, 0x00, 0x46, 0xd7,
  0x04, 0x09, 0x21, 0x04, 0x5c, 0x00, 0x46, 0xd7, 0x5c, 0x09, 0x79, 0x05,
  0x14, 0x00, 0x46, 0xd7, 0x14, 0x09, 0x75, 0x05, 0xff, 0x0a, 0x18, 0x4a,
  0xf2, 0x00, 0x00, 0x00, 0x2f, 0x00, 0x46, 0xd7, 0x2f, 0x09, 0x1d, 0x04,
  0x83, 0x12, 0x12, 0x36, 0x04, 0x00, 0x69, 0xd5, 0x04, 0xbf, 0x02, 0x02,
  0x0d, 0x00, 0x48, 0xd5, 0x58, 0x0d, 0x05, 0x02, 0x5c, 0x00, 0x69, 0xd5,
  0x5c, 0xb5, 0x02, 0x02, 0x5a, 0x00, 0x6d, 0xd7, 0x5a, 0x9d, 0xea, 0x04,
  0x83, 0x18, 0x18, 0x36, 0xff, 0x78, 0x1c, 0x2c, 0x90, 0x04, 0x00, 0x00,
  0x83, 0x12, 0x12, 0x34, 0x58, 0x00, 0x48, 0xd5, 0x58, 0x0f, 0x05, 0x02,
  0x83, 0x18, 0x18, 0x34, 0x5c, 0x00, 0x6d, 0xd7, 0x5c, 0xa1, 0x5e, 0x05,
  0x8f, 0x1c, 0x1e, 0x36, 0xf9, 0x1c, 0x1c, 0x2c, 0x84, 0x06, 0x86, 0x00,
  0x09, 0x00, 0x49, 0xd5, 0x40, 0x13, 0x22, 0x02, 0xff, 0x0a, 0x22, 0x4a,
  0xd3, 0x00, 0x00, 0x00, 0x70, 0x3f, 0x8c, 0xbf, 0x5b, 0x00, 0x49, 0xd5,
  0x48, 0xb7, 0x22, 0x02, 0x0d, 0x00, 0x46, 0xd7, 0x0d, 0x09, 0x3d, 0x04,
  0x03, 0x00, 0x49, 0xd5, 0x48, 0x07, 0x22, 0x02, 0x0c, 0x00, 0x49, 0xd5,
  0x48, 0x19, 0x22, 0x02, 0x58, 0x00, 0x46, 0xd7, 0x58, 0x09, 0x39, 0x04,
  0xff, 0x0a, 0x26, 0x4a, 0xf3, 0x00, 0x00, 0x00, 0x83, 0x22, 0x22, 0x36,
  0x14, 0x00, 0x69, 0xd5, 0x14, 0xb7, 0x02, 0x02, 0x5b, 0x00, 0x6d, 0xd7,
  0x5b, 0x9f, 0x4e, 0x05, 0x0d, 0x00, 0x69, 0xd5, 0x0d, 0x13, 0x02, 0x02,
  0x09, 0x00, 0x6d, 0xd7, 0x09, 0xb5, 0x7e, 0x05, 0x2f, 0x00, 0x69, 0xd5,
  0x2f, 0x07, 0x02, 0x02, 0x58, 0x00, 0x69, 0xd5, 0x58, 0x19, 0x02, 0x02,
  0xff, 0x78, 0x78, 0x2c, 0x98, 0x04, 0x00, 0x00, 0x83, 0x26, 0x26, 0x36,
  0x83, 0x22, 0x22, 0x34, 0x0c, 0x00, 0x6d, 0xd7, 0x0c, 0xb7, 0x0e, 0x04,
  0x14, 0x00, 0x6d, 0xd7, 0x14, 0x6d, 0xee, 0x04, 0x0d, 0x00, 0x6d, 0xd7,
  0x0d, 0xb9, 0x12, 0x04, 0xff, 0x0a, 0x32, 0x4a, 0xd4, 0x00, 0x00, 0x00,
  0x8f, 0x78, 0x30, 0x36, 0xf9, 0x78, 0x78, 0x2c, 0x84, 0x06, 0x86, 0x00,
  0xff, 0x0a, 0x38, 0x4a, 0xf4, 0x00, 0x00, 0x00, 0x83, 0x26, 0x26, 0x34,
  0x40, 0x00, 0x49, 0xd5, 0x40, 0x23, 0x22, 0x02, 0x58, 0x00, 0x6d, 0xd7,
  0x58, 0x29, 0xbe, 0x04, 0x14, 0x00, 0x48, 0xd5, 0x06, 0x0d, 0x05, 0x02,
  0x06, 0x00, 0x48, 0xd5, 0x06, 0x0f, 0x05, 0x02, 0x1d, 0x00, 0x48, 0xd5,
  0x15, 0x0d, 0x05, 0x02, 0xff, 0x7a, 0x3c, 0x2c, 0xa0, 0x04, 0x00, 0x00,
  0x83, 0x32, 0x32, 0x36, 0x15, 0x00, 0x48, 0xd5, 0x15, 0x0f, 0x05, 0x02,
  0x83, 0x38, 0x38, 0x36, 0x48, 0x00, 0x49, 0xd5, 0x48, 0x27, 0x22, 0x02,
  0x14, 0x00, 0x46, 0xd7, 0x14, 0x09, 0x61, 0x04, 0x06, 0x00, 0x46, 0xd7,
  0x06, 0x09, 0xf1, 0x04, 0x8f, 0x3c, 0x40, 0x36, 0xf9, 0x3c, 0x3c, 0x2c,
  0x84, 0x06, 0x86, 0x00, 0x83, 0x32, 0x32, 0x34, 0xff, 0x0a, 0x42, 0x4a,
  0xd5, 0x00, 0x00, 0x00, 0x83, 0x38, 0x38, 0x34, 0x14, 0x00, 0x69, 0xd5,
  0x14, 0x81, 0x02, 0x02, 0xff, 0x0a, 0x48, 0x4a, 0xf5, 0x00, 0x00, 0x00,
  0x06, 0x00, 0x69, 0xd5, 0x06, 0x91, 0x02, 0x02, 0x1d, 0x00, 0x46, 0xd7,
  0x1d, 0x09, 0x81, 0x04, 0x15, 0x00, 0x46, 0xd7, 0x15, 0x09, 0x79, 0x04,
  0x19, 0x00, 0x49, 0xd5, 0x41, 0x33, 0x22, 0x02, 0x83, 0x42, 0x42, 0x36,
  0x1c, 0x00, 0x49, 0xd5, 0x49, 0x39, 0x22, 0x02, 0x83, 0x48, 0x48, 0x36,
  0x25, 0x00, 0x48, 0xd5, 0x1f, 0x0d, 0x05, 0x02, 0xff, 0x7a, 0x52, 0x2c,
  0xa8, 0x04, 0x00, 0x00, 0x1f, 0x00, 0x48, 0xd5, 0x1f, 0x0f, 0x05, 0x02,
  0x1d, 0x00, 0x69, 0xd5, 0x1d, 0x33, 0x02, 0x02, 0x19, 0x00, 0x6d, 0xd7,
  0x19, 0x13, 0x02, 0x05, 0x83, 0x42, 0x42, 0x34, 0x15, 0x00, 0x69, 0xd5,
  0x15, 0x39, 0x02, 0x02, 0x1c, 0x00, 0x6d, 0xd7, 0x1c, 0x19, 0x22, 0x05,
  0x83, 0x48, 0x48, 0x34, 0x8f, 0x52, 0x54, 0x36, 0xf9, 0x52, 0x52, 0x2c,
  0x84, 0x06, 0x86, 0x00, 0xff, 0x0a, 0x56, 0x4a, 0xd6, 0x00, 0x00, 0x00,
  0x21, 0x00, 0x49, 0xd5, 0x41, 0x43, 0x22, 0x02, 0xff, 0x0a, 0x58, 0x4a,
  0xf6, 0x00, 0x00, 0x00, 0x1d, 0x00, 0x6d, 0xd7, 0x1d, 0x1b, 0x52, 0x04,
  0x2e, 0x00, 0x48, 0xd5, 0x28, 0x0d, 0x05, 0x02, 0xff, 0x7a, 0x5e, 0x2c,
  0xb0, 0x04, 0x00, 0x00, 0x24, 0x00, 0x49, 0xd5, 0x49, 0x49, 0x22, 0x02,
  0x15, 0x00, 0x6d, 0xd7, 0x15, 0xb1, 0x1a, 0x04, 0x25, 0x00, 0x46, 0xd7,
  0x25, 0x09, 0xa9, 0x04, 0x28, 0x00, 0x48, 0xd5, 0x28, 0x0f, 0x05, 0x02,
  0x1f, 0x00, 0x46, 0xd7, 0x1f, 0x09, 0xa5, 0x04, 0x83, 0x56, 0x56, 0x36,
  0x83, 0x58, 0x58, 0x36, 0x8f, 0x5e, 0x60, 0x36, 0xf9, 0x5e, 0x5e, 0x2c,
  0x84, 0x06, 0x86, 0x00, 0x25, 0x00, 0x69, 0xd5, 0x25, 0x43, 0x02, 0x02,
  0xff, 0x0a, 0x62, 0x4a, 0xd7, 0x00, 0x00, 0x00, 0x1f, 0x00, 0x69, 0xd5,
  0x1f, 0x49, 0x02, 0x02, 0x83, 0x56, 0x56, 0x34, 0x83, 0x58, 0x58, 0x34,
  0x2e, 0x00, 0x46, 0xd7, 0x2e, 0x09, 0xc1, 0x04, 0x28, 0x00, 0x46, 0xd7,
  0x28, 0x09, 0xbd, 0x04, 0xff, 0x0a, 0x64, 0x4a, 0xf7, 0x00, 0x00, 0x00,
  0x83, 0x62, 0x62, 0x36, 0x33, 0x00, 0x48, 0xd5, 0x34, 0x0d, 0x05, 0x02,
  0xff, 0x7a, 0x7a, 0x2c, 0xb8, 0x04, 0x00, 0x00, 0x2b, 0x00, 0x49, 0xd5,
  0x41, 0x57, 0x22, 0x02, 0x2c, 0x00, 0x49, 0xd5, 0x49, 0x59, 0x22, 0x02,
  0x34, 0x00, 0x48, 0xd5, 0x34, 0x0f, 0x05, 0x02, 0x83, 0x64, 0x64, 0x36,
  0x83, 0x62, 0x62, 0x34, 0xff, 0x0a, 0x6c, 0x4a, 0xd8, 0x00, 0x00, 0x00,
  0x8f, 0x7a, 0x6a, 0x36, 0xf9, 0x7a, 0x7a, 0x2c, 0x84, 0x06, 0x86, 0x00,
  0x2e, 0x00, 0x69, 0xd5, 0x2e, 0x57, 0x02, 0x02, 0x2b, 0x00, 0x6d, 0xd7,
  0x2b, 0x33, 0x86, 0x04, 0x28, 0x00, 0x69, 0xd5, 0x28, 0x59, 0x02, 0x02,
  0x2c, 0x00, 0x6d, 0xd7, 0x2c, 0x39, 0x92, 0x04, 0x83, 0x64, 0x64, 0x34,
  0x41, 0x00, 0x49, 0xd5, 0x41, 0x63, 0x22, 0x02, 0x83, 0x6c, 0x6c, 0x36,
  0xff, 0x0a, 0x6e, 0x4a, 0xf8, 0x00, 0x00, 0x00, 0x33, 0x00, 0x46, 0xd7,
  0x33, 0x09, 0xd5, 0x04, 0x34, 0x00, 0x46, 0xd7, 0x34, 0x09, 0xf5, 0x04,
  0x38, 0x00, 0x48, 0xd5, 0x16, 0x0d, 0x05, 0x02, 0x2e, 0x00, 0x6d, 0xd7,
  0x2e, 0x3b, 0x96, 0x04, 0xff, 0x7c, 0x72, 0x2c, 0xc0, 0x04, 0x00, 0x00,
  0x16, 0x00, 0x48, 0xd5, 0x16, 0x0f, 0x05, 0x02, 0x49, 0x00, 0x49, 0xd5,
  0x49, 0x65, 0x22, 0x02, 0x28, 0x00, 0x6d, 0xd7, 0x28, 0x2b, 0x7e, 0x04,
  0x83, 0x6c, 0x6c, 0x34, 0x83, 0x6e, 0x6e, 0x36, 0x33, 0x00, 0x69, 0xd5,
  0x33, 0x83, 0x02, 0x02, 0xff, 0x0a, 0x76, 0x4a, 0xd9, 0x00, 0x00, 0x00,
  0x8f, 0x72, 0x74, 0x36, 0xf9, 0x72, 0x72, 0x2c, 0x84, 0x06, 0x86, 0x00,
  0x34, 0x00, 0x69, 0xd5, 0x34, 0x93, 0x02, 0x02, 0x36, 0x00, 0x49, 0xd5,
  0x42, 0x6d, 0x22, 0x02, 0x83, 0x6e, 0x6e, 0x34, 0xff, 0x0a, 0x78, 0x4a,
  0xf9, 0x00, 0x00, 0x00, 0x83, 0x76, 0x76, 0x36, 0x38, 0x00, 0x46, 0xd7,
  0x38, 0x09, 0xe9, 0x04, 0x16, 0x00, 0x46, 0xd7, 0x16, 0x09, 0xe5, 0x04,
  0x3d, 0x00, 0x48, 0xd5, 0x10, 0x0d, 0x05, 0x02, 0xff, 0x7c, 0x80, 0x2c,
  0xc8, 0x04, 0x00, 0x00, 0x10, 0x00, 0x48, 0xd5, 0x10, 0x0f, 0x05, 0x02,
  0x37, 0x00, 0x49, 0xd5, 0x4a, 0x6f, 0x22, 0x02, 0x83, 0x78, 0x78, 0x36,
  0x83, 0x76, 0x76, 0x34, 0x38, 0x00, 0x69, 0xd5, 0x38, 0x6d, 0x02, 0x02,
  0x36, 0x00, 0x6d, 0xd7, 0x36, 0x57, 0x06, 0x05, 0xff, 0x0a, 0x88, 0x4a,
  0xda, 0x00, 0x00, 0x00, 0x8f, 0x80, 0x82, 0x36, 0xf9, 0x80, 0x80, 0x2c,
  0x84, 0x06, 0x86, 0x00, 0x16, 0x00, 0x69, 0xd5, 0x16, 0x6f, 0x02, 0x02,
  0x37, 0x00, 0x6d, 0xd7, 0x37, 0x59, 0x26, 0x05, 0x83, 0x78, 0x78, 0x34,
  0x3b, 0x00, 0x49, 0xd5, 0x42, 0x77, 0x22, 0x02, 0xff, 0x0a, 0x8a, 0x4a,
  0xfa, 0x00, 0x00, 0x00, 0x83, 0x88, 0x88, 0x36, 0x3d, 0x00, 0x46, 0xd7,
  0x3d, 0x09, 0x05, 0x05, 0x38, 0x00, 0x6d, 0xd7, 0x38, 0x5d, 0xce, 0x04,
  0x10, 0x00, 0x46, 0xd7, 0x10, 0x09, 0x01, 0x05, 0x46, 0x00, 0x48, 0xd5,
  0x22, 0x0d, 0x05, 0x02, 0xff, 0x7c, 0x8e, 0x2c, 0xd0, 0x04, 0x00, 0x00,
  0x22, 0x00, 0x48, 0xd5, 0x22, 0x0f, 0x05, 0x02, 0x3c, 0x00, 0x49, 0xd5,
  0x4a, 0x79, 0x22, 0x02, 0x16, 0x00, 0x6d, 0xd7, 0x16, 0x51, 0xd2, 0x04,
  0x83, 0x8a, 0x8a, 0x36, 0x83, 0x88, 0x88, 0x34, 0x3d, 0x00, 0x69, 0xd5,
  0x3d, 0x77, 0x02, 0x02, 0x8f, 0x8e, 0x90, 0x36, 0xf9, 0x8e, 0x8e, 0x2c,
  0x84, 0x06, 0x86, 0x00, 0xff, 0x0a, 0x92, 0x4a, 0xdb, 0x00, 0x00, 0x00,
  0x10, 0x00, 0x69, 0xd5, 0x10, 0x79, 0x02, 0x02, 0x83, 0x8a, 0x8a, 0x34,
  0x44, 0x00, 0x49, 0xd5, 0x42, 0x89, 0x22, 0x02, 0xff, 0x0a, 0x98, 0x4a,
  0xfb, 0x00, 0x00, 0x00, 0x46, 0x00, 0x46, 0xd7, 0x46, 0x09, 0x21, 0x05,
  0x22, 0x00, 0x46, 0xd7, 0x22, 0x09, 0x1d, 0x05, 0x83, 0x92, 0x92, 0x36,
  0x4d, 0x00, 0x48, 0xd5, 0x2d, 0x0d, 0x05, 0x02, 0xff, 0x7c, 0x7c, 0x2c,
  0xd8, 0x04, 0x00, 0x00, 0x45, 0x00, 0x49, 0xd5, 0x4a, 0x8b, 0x22, 0x02,
  0x2d, 0x00, 0x48, 0xd5, 0x2d, 0x0f, 0x05, 0x02, 0x83, 0x98, 0x98, 0x36,
  0x46, 0x00, 0x69, 0xd5, 0x46, 0x89, 0x02, 0x02, 0x44, 0x00, 0x6d, 0xd7,
  0x44, 0x6d, 0xee, 0x04, 0x83, 0x92, 0x92, 0x34, 0x8f, 0x7c, 0x9c, 0x36,
  0xf9, 0x7c, 0x7c, 0x2c, 0x84, 0x06, 0x86, 0x00, 0x22, 0x00, 0x69, 0xd5,
  0x22, 0x8b, 0x02, 0x02, 0x45, 0x00, 0x6d, 0xd7, 0x45, 0x6f, 0xf2, 0x04,
  0xff, 0x0a, 0x9e, 0x4a, 0xdc, 0x00, 0x00, 0x00, 0x83, 0x98, 0x98, 0x34,
  0xff, 0x0a, 0xa0, 0x4a, 0xfc, 0x00, 0x00, 0x00, 0x42, 0x00, 0x49, 0xd5,
  0x42, 0x93, 0x22, 0x02, 0x46, 0x00, 0x6d, 0xd7, 0x46, 0x71, 0xf6, 0x04,
  0x4d, 0x00, 0x46, 0xd7, 0x4d, 0x09, 0x39, 0x05, 0x2d, 0x00, 0x46, 0xd7,
  0x2d, 0x09, 0xf9, 0x04, 0x51, 0x00, 0x48, 0xd5, 0x17, 0x0d, 0x05, 0x02,
  0xff, 0x7e, 0xa4, 0x2c, 0xe0, 0x04, 0x00, 0x00, 0x17, 0x00, 0x48, 0xd5,
  0x17, 0x0f, 0x05, 0x02, 0x83, 0x9e, 0x9e, 0x36, 0x4a, 0x00, 0x49, 0xd5,
  0x4a, 0x99, 0x22, 0x02, 0x22, 0x00, 0x6d, 0xd7, 0x22, 0x2d, 0x42, 0x04,
  0x83, 0xa0, 0xa0, 0x36, 0x4d, 0x00, 0x69, 0xd5, 0x4d, 0x85, 0x02, 0x02,
  0x8f, 0xa4, 0xa6, 0x36, 0xf9, 0xa4, 0xa4, 0x2c, 0x84, 0x06, 0x86, 0x00,
  0x83, 0x9e, 0x9e, 0x34, 0x2d, 0x00, 0x69, 0xd5, 0x2d, 0x95, 0x02, 0x02,
  0xff, 0x0a, 0xa8, 0x4a, 0xdd, 0x00, 0x00, 0x00, 0x83, 0xa0, 0xa0, 0x34,
  0x51, 0x00, 0x46, 0xd7, 0x51, 0x09, 0x4d, 0x05, 0x17, 0x00, 0x46, 0xd7,
  0x17, 0x09, 0x49, 0x05, 0xff, 0x0a, 0xac, 0x4a, 0xfd, 0x00, 0x00, 0x00,
  0x4f, 0x00, 0x49, 0xd5, 0x43, 0x9f, 0x22, 0x02, 0x57, 0x00, 0x48, 0xd5,
  0x55, 0x0d, 0x05, 0x02, 0xff, 0x7e, 0xb0, 0x2c, 0xe8, 0x04, 0x00, 0x00,
  0x83, 0xa8, 0xa8, 0x36, 0x50, 0x00, 0x49, 0xd5, 0x4b, 0xa1, 0x22, 0x02,
  0x55, 0x00, 0x48, 0xd5, 0x55, 0x0f, 0x05, 0x02, 0x83, 0xac, 0xac, 0x36,
  0x51, 0x00, 0x69, 0xd5, 0x51, 0x9f, 0x02, 0x02, 0x4f, 0x00, 0x6d, 0xd7,
  0x4f, 0x89, 0x0a, 0x05, 0x8f, 0xb0, 0xb2, 0x36, 0xf9, 0xb0, 0xb0, 0x2c,
  0x84, 0x06, 0x86, 0x00, 0x83, 0xa8, 0xa8, 0x34, 0x17, 0x00, 0x69, 0xd5,
  0x17, 0xa1, 0x02, 0x02, 0x50, 0x00, 0x6d, 0xd7, 0x50, 0x8b, 0x2a, 0x05,
  0xff, 0x0a, 0xb4, 0x4a, 0xde, 0x00, 0x00, 0x00, 0x83, 0xac, 0xac, 0x34,
  0xff, 0x0a, 0xb6, 0x4a, 0xfe, 0x00, 0x00, 0x00, 0x57, 0x00, 0x46, 0xd7,
  0x57, 0x09, 0x65, 0x05, 0x55, 0x00, 0x46, 0xd7, 0x55, 0x09, 0x61, 0x05,
  0x51, 0x00, 0x6d, 0xd7, 0x51, 0x8d, 0x36, 0x05, 0x54, 0x00, 0x49, 0xd5,
  0x43, 0xa9, 0x22, 0x02, 0x5c, 0x00, 0x48, 0xd5, 0x12, 0x0d, 0x05, 0x02,
  0xff, 0x7e, 0xba, 0x2c, 0xf0, 0x04, 0x00, 0x00, 0x83, 0xb4, 0xb4, 0x36,
  0x12, 0x00, 0x48, 0xd5, 0x12, 0x0f, 0x05, 0x02, 0x17, 0x00, 0x6d, 0xd7,
  0x17, 0x45, 0xb6, 0x04, 0x56, 0x00, 0x49, 0xd5, 0x4b, 0xad, 0x22, 0x02,
  0x83, 0xb6, 0xb6, 0x36, 0x57, 0x00, 0x69, 0xd5, 0x57, 0xa9, 0x02, 0x02,
  0x8f, 0xba, 0xbc, 0x36, 0xf9, 0xba, 0xba, 0x2c, 0x84, 0x06, 0x86, 0x00,
  0x83, 0xb4, 0xb4, 0x34, 0x55, 0x00, 0x69, 0xd5, 0x55, 0xad, 0x02, 0x02,
  0xff, 0x0a, 0xbe, 0x4a, 0xdf, 0x00, 0x00, 0x00, 0x83, 0xb6, 0xb6, 0x34,
  0x5c, 0x00, 0x46, 0xd7, 0x5c, 0x09, 0x79, 0x05, 0x12, 0x00, 0x46, 0xd7,
  0x12, 0x09, 0x75, 0x05, 0xff, 0x0a, 0x0a, 0x4a, 0xff, 0x00, 0x00, 0x00,
  0x5a, 0x00, 0x49, 0xd5, 0x43, 0xb5, 0x22, 0x02, 0xff, 0x7e, 0x7e, 0x2c,
  0xf8, 0x04, 0x00, 0x00, 0x83, 0xbe, 0xbe, 0x36, 0x5b, 0x00, 0x49, 0xd5,
  0x4b, 0xb7, 0x22, 0x02, 0x83, 0x0a, 0x0a, 0x36, 0x5c, 0x00, 0x69, 0xd5,
  0x5c, 0xb5, 0x02, 0x02, 0x5a, 0x00, 0x6d, 0xd7, 0x5a, 0x9f, 0x52, 0x05,
  0x8f, 0x7e, 0x06, 0x36, 0xf9, 0x7e, 0x7e, 0x2c, 0x84, 0x06, 0x86, 0x00,
  0x83, 0xbe, 0xbe, 0x34, 0x12, 0x00, 0x69, 0xd5, 0x12, 0xb7, 0x02, 0x02,
  0x5b, 0x00, 0x6d, 0xd7, 0x5b, 0xa1, 0x5a, 0x05, 0x83, 0x0a, 0x0a, 0x34,
  0x5c, 0x00, 0x6d, 0xd7, 0x5c, 0xa3, 0x5e, 0x05, 0x43, 0x00, 0x49, 0xd5,
  0x43, 0xbf, 0x22, 0x02, 0x5f, 0x00, 0x48, 0xd5, 0x23, 0x0d, 0x05, 0x02,
  0x23, 0x00, 0x48, 0xd5, 0x23, 0x0f, 0x05, 0x02, 0x4b, 0x00, 0x49, 0xd5,
  0x4b, 0x0b, 0x22, 0x02, 0x12, 0x00, 0x6d, 0xd7, 0x12, 0x2f, 0x56, 0x05,
  0x5a, 0x87, 0xb4, 0x4a, 0x5f, 0x00, 0x46, 0xd7, 0x5f, 0x09, 0x0d, 0x04,
  0x23, 0x00, 0x46, 0xd7, 0x23, 0x09, 0xfd, 0x04, 0x5b, 0x97, 0xb6, 0x4a,
  0x5a, 0x0b, 0xb4, 0x7e, 0x5f, 0x00, 0x69, 0xd5, 0x5f, 0x87, 0x02, 0x02,
  0x23, 0x00, 0x69, 0xd5, 0x23, 0x97, 0x02, 0x02, 0x5b, 0x0b, 0xb6, 0x7e,
  0x1a, 0xb5, 0x34, 0x10, 0xa0, 0x04, 0x04, 0x4a, 0x5c, 0xbf, 0xb8, 0x4a,
  0x1b, 0xb7, 0x36, 0x10, 0x12, 0x47, 0x24, 0x4a, 0x5c, 0x0b, 0xb8, 0x7e,
  0x12, 0x0b, 0x24, 0x7e, 0x0a, 0xb9, 0x14, 0x10, 0x0b, 0x25, 0x16, 0x10,
  0x0a, 0x35, 0x14, 0x08, 0x0b, 0x37, 0x16, 0x08, 0x0a, 0x4d, 0x14, 0x10,
  0x0b, 0x4f, 0x16, 0x10, 0x01, 0x15, 0x02, 0x06, 0x01, 0x17, 0x02, 0x06,
  0x7e, 0x03, 0x81, 0xbe, 0x06, 0x04, 0xa6, 0x7d, 0x01, 0x7e, 0x01, 0x8a,
  0xec, 0xee, 0x85, 0xbf, 0xc1, 0x03, 0xfe, 0xbe, 0x2b, 0x01, 0x82, 0xbf,
  0x02, 0x01, 0x28, 0xf4, 0x20, 0x00, 0x00, 0xfa, 0x80, 0x02, 0x02, 0x7e,
  0x00, 0x03, 0x04, 0x7e, 0x7f, 0xc0, 0x8c, 0xbf, 0x07, 0x85, 0x07, 0x90,
  0x06, 0x07, 0x06, 0x93, 0x1e, 0x01, 0x82, 0xbf, 0x01, 0x00, 0xa1, 0xbf,
  0x01, 0x02, 0x08, 0xf4, 0x10, 0x00, 0x00, 0xfa, 0x01, 0x03, 0x08, 0xf4,
  0x30, 0x00, 0x00, 0xfa, 0x01, 0x03, 0xfe, 0xbe, 0x00, 0x07, 0x01, 0x93,
  0x05, 0x06, 0x04, 0x80, 0x01, 0x04, 0x06, 0x4a, 0x04, 0x00, 0x47, 0xd7,
  0x05, 0x06, 0x0a, 0x02, 0x03, 0x00, 0x46, 0xd7, 0x03, 0x05, 0x11, 0x00,
  0x82, 0x06, 0x06, 0x34, 0x7f, 0xc0, 0x8c, 0xbf, 0x01, 0x00, 0xa1, 0xbf,
  0x00, 0x10, 0x30, 0xe0, 0x04, 0x04, 0x02, 0x80, 0x00, 0x10, 0x38, 0xe0,
  0x03, 0x08, 0x02, 0x80, 0x05, 0x00, 0x46, 0xd7, 0x02, 0x05, 0xfd, 0x03,
  0x00, 0x63, 0x01, 0x00, 0x85, 0x04, 0x0c, 0x34, 0xff, 0x0c, 0x0e, 0x4a,
  0x00, 0x65, 0x01, 0x00, 0xff, 0x0c, 0x0c, 0x4a, 0x10, 0x65, 0x01, 0x00,
  0x02, 0x00, 0xa1, 0xbf, 0x00, 0x10, 0x30, 0xe0, 0x05, 0x05, 0x03, 0x80,
  0x00, 0x10, 0x38, 0xe0, 0x07, 0x0c, 0x03, 0x80, 0x00, 0x10, 0x38, 0xe0,
  0x06, 0x10, 0x03, 0x80, 0xa0, 0x04, 0x04, 0x4a, 0x73, 0x3f, 0x8c, 0xbf,
  0x8f, 0x10, 0x28, 0x36, 0x15, 0x00, 0x48, 0xd5, 0x08, 0x09, 0x11, 0x02,
  0x18, 0x00, 0x48, 0xd5, 0x08, 0x21, 0x11, 0x02, 0x16, 0x00, 0x48, 0xd5,
  0x08, 0x11, 0x11, 0x02, 0x17, 0x00, 0x48, 0xd5, 0x08, 0x19, 0x11, 0x02,
  0x19, 0x00, 0x48, 0xd5, 0x08, 0x29, 0x11, 0x02, 0x1a, 0x00, 0x48, 0xd5,
  0x08, 0x31, 0x11, 0x02, 0x08, 0x00, 0x48, 0xd5, 0x08, 0x39, 0x11, 0x02,
  0x8f, 0x12, 0x36, 0x36, 0x1c, 0x00, 0x48, 0xd5, 0x09, 0x09, 0x11, 0x02,
  0x1d, 0x00, 0x48, 0xd5, 0x09, 0x11, 0x11, 0x02, 0xc8, 0x28, 0x28, 0x4a,
  0xc8, 0x2a, 0x2a, 0x4a, 0x1e, 0x00, 0x48, 0xd5, 0x09, 0x19, 0x11, 0x02,
  0xc8, 0x30, 0x30, 0x4a, 0x1f, 0x00, 0x48, 0xd5, 0x09, 0x21, 0x11, 0x02,
  0xc8, 0x2c, 0x2c, 0x4a, 0xc8, 0x2e, 0x2e, 0x4a, 0x20, 0x00, 0x48, 0xd5,
  0x09, 0x29, 0x11, 0x02, 0xc8, 0x32, 0x32, 0x4a, 0xc8, 0x34, 0x34, 0x4a,
  0xc8, 0x10, 0x10, 0x4a, 0x21, 0x00, 0x48, 0xd5, 0x09, 0x31, 0x11, 0x02,
  0xc8, 0x36, 0x36, 0x4a, 0xc8, 0x38, 0x38, 0x4a, 0x09, 0x00, 0x48, 0xd5,
  0x09, 0x39, 0x11, 0x02, 0xc8, 0x3a, 0x3a, 0x4a, 0x8f, 0x14, 0x44, 0x36,
  0xc8, 0x3c, 0x3c, 0x4a, 0x23, 0x00, 0x48, 0xd5, 0x0a, 0x09, 0x11, 0x02,
  0x24, 0x00, 0x48, 0xd5, 0x0a, 0x11, 0x11, 0x02, 0xc8, 0x3e, 0x3e, 0x4a,
  0x25, 0x00, 0x48, 0xd5, 0x0a, 0x19, 0x11, 0x02, 0xc8, 0x40, 0x40, 0x4a,
  0x26, 0x00, 0x48, 0xd5, 0x0a, 0x21, 0x11, 0x02, 0x27, 0x00, 0x48, 0xd5,
  0x0a, 0x29, 0x11, 0x02, 0xc8, 0x42, 0x42, 0x4a, 0x28, 0x00, 0x48, 0xd5,
  0x0a, 0x31, 0x11, 0x02, 0x0a, 0x00, 0x48, 0xd5, 0x0a, 0x39, 0x11, 0x02,
  0xc8, 0x12, 0x12, 0x4a, 0x8f, 0x16, 0x52, 0x36, 0xc8, 0x44, 0x44, 0x4a,
  0x2a, 0x00, 0x48, 0xd5, 0x0b, 0x09, 0x11, 0x02, 0xc8, 0x46, 0x46, 0x4a,
  0xc8, 0x48, 0x48, 0x4a, 0x2b, 0x00, 0x48, 0xd5, 0x0b, 0x11, 0x11, 0x02,
  0xc8, 0x4a, 0x4a, 0x4a, 0x2c, 0x00, 0x48, 0xd5, 0x0b, 0x19, 0x11, 0x02,
  0xc8, 0x4c, 0x4c, 0x4a, 0x2d, 0x00, 0x48, 0xd5, 0x0b, 0x21, 0x11, 0x02,
  0xc8, 0x4e, 0x4e, 0x4a, 0x2e, 0x00, 0x48, 0xd5, 0x0b, 0x29, 0x11, 0x02,
  0xc8, 0x50, 0x50, 0x4a, 0xc8, 0x14, 0x14, 0x4a, 0x2f, 0x00, 0x48, 0xd5,
  0x0b, 0x31, 0x11, 0x02, 0xc8, 0x52, 0x52, 0x4a, 0x0b, 0x00, 0x48, 0xd5,
  0x0b, 0x39, 0x11, 0x02, 0xc8, 0x54, 0x54, 0x4a, 0x71, 0x3f, 0x8c, 0xbf,
  0x30, 0x00, 0x49, 0xd5, 0x0c, 0x01, 0x21, 0x02, 0xc8, 0x56, 0x56, 0x4a,
  0x31, 0x00, 0x49, 0xd5, 0x0c, 0x11, 0x21, 0x02, 0xc8, 0x58, 0x58, 0x4a,
  0x32, 0x00, 0x49, 0xd5, 0x0c, 0x21, 0x21, 0x02, 0x98, 0x18, 0x18, 0x30,
  0xc8, 0x5a, 0x5a, 0x4a, 0x33, 0x00, 0x49, 0xd5, 0x0d, 0x01, 0x21, 0x02,
  0xc8, 0x5c, 0x5c, 0x4a, 0x34, 0x00, 0x49, 0xd5, 0x0d, 0x11, 0x21, 0x02,
  0xc8, 0x5e, 0x5e, 0x4a, 0x35, 0x00, 0x49, 0xd5, 0x0d, 0x21, 0x21, 0x02,
  0xc8, 0x16, 0x16, 0x4a, 0x98, 0x1a, 0x1a, 0x30, 0x14, 0x00, 0x69, 0xd5,
  0x14, 0x61, 0x02, 0x02, 0x36, 0x00, 0x49, 0xd5, 0x0e, 0x01, 0x21, 0x02,
  0x16, 0x00, 0x69, 0xd5, 0x16, 0x63, 0x02, 0x02, 0x37, 0x00, 0x49, 0xd5,
  0x0e, 0x11, 0x21, 0x02, 0x18, 0x00, 0x69, 0xd5, 0x18, 0x65, 0x02, 0x02,
  0x1a, 0x00, 0x69, 0xd5, 0x1a, 0x19, 0x02, 0x02, 0x38, 0x00, 0x49, 0xd5,
  0x0e, 0x21, 0x21, 0x02, 0x98, 0x1c, 0x1c, 0x30, 0x1b, 0x00, 0x69, 0xd5,
  0x1b, 0x67, 0x02, 0x02, 0x1d, 0x00, 0x69, 0xd5, 0x1d, 0x69, 0x02, 0x02,
  0x1f, 0x00, 0x69, 0xd5, 0x1f, 0x6b, 0x02, 0x02, 0x39, 0x00, 0x49, 0xd5,
  0x0f, 0x01, 0x21, 0x02, 0x21, 0x00, 0x69, 0xd5, 0x21, 0x1b, 0x02, 0x02,
  0x3a, 0x00, 0x49, 0xd5, 0x0f, 0x11, 0x21, 0x02, 0x22, 0x00, 0x69, 0xd5,
  0x22, 0x6d, 0x02, 0x02, 0x3b, 0x00, 0x49, 0xd5, 0x0f, 0x21, 0x21, 0x02,
  0x24, 0x00, 0x69, 0xd5, 0x24, 0x6f, 0x02, 0x02, 0x98, 0x1e, 0x1e, 0x30,
  0x26, 0x00, 0x69, 0xd5, 0x26, 0x71, 0x02, 0x02, 0x70, 0x3f, 0x8c, 0xbf,
  0x3c, 0x00, 0x49, 0xd5, 0x10, 0x01, 0x21, 0x02, 0x28, 0x00, 0x69, 0xd5,
  0x28, 0x1d, 0x02, 0x02, 0x3d, 0x00, 0x49, 0xd5, 0x10, 0x11, 0x21, 0x02,
  0x29, 0x00, 0x69, 0xd5, 0x29, 0x73, 0x02, 0x02, 0x3e, 0x00, 0x49, 0xd5,
  0x10, 0x21, 0x21, 0x02, 0x2b, 0x00, 0x69, 0xd5, 0x2b, 0x75, 0x02, 0x02,
  0x2d, 0x00, 0x69, 0xd5, 0x2d, 0x77, 0x02, 0x02, 0x98, 0x20, 0x20, 0x30,
  0x2f, 0x00, 0x69, 0xd5, 0x2f, 0x1f, 0x02, 0x02, 0x3f, 0x00, 0x49, 0xd5,
  0x11, 0x01, 0x21, 0x02, 0x15, 0x00, 0x69, 0xd5, 0x15, 0x79, 0x02, 0x02,
  0x17, 0x00, 0x69, 0xd5, 0x17, 0x7b, 0x02, 0x02, 0x40, 0x00, 0x49, 0xd5,
  0x11, 0x11, 0x21, 0x02, 0x19, 0x00, 0x69, 0xd5, 0x19, 0x7d, 0x02, 0x02,
  0x41, 0x00, 0x49, 0xd5, 0x11, 0x21, 0x21, 0x02, 0x08, 0x00, 0x69, 0xd5,
  0x08, 0x21, 0x02, 0x02, 0x98, 0x22, 0x22, 0x30, 0x1c, 0x00, 0x69, 0xd5,
  0x1c, 0x7f, 0x02, 0x02, 0x16, 0x00, 0x6d, 0xd7, 0x16, 0x29, 0x56, 0x04,
  0x42, 0x00, 0x49, 0xd5, 0x12, 0x01, 0x21, 0x02, 0x1e, 0x00, 0x69, 0xd5,
  0x1e, 0x81, 0x02, 0x02, 0x20, 0x00, 0x69, 0xd5, 0x20, 0x83, 0x02, 0x02,
  0x43, 0x00, 0x49, 0xd5, 0x12, 0x11, 0x21, 0x02, 0x09, 0x00, 0x69, 0xd5,
  0x09, 0x23, 0x02, 0x02, 0x44, 0x00, 0x49, 0xd5, 0x12, 0x21, 0x21, 0x02,
  0x18, 0x00, 0x6d, 0xd7, 0x18, 0x2d, 0x5e, 0x04, 0x23, 0x00, 0x69, 0xd5,
  0x23, 0x85, 0x02, 0x02, 0x98, 0x24, 0x24, 0x30, 0x25, 0x00, 0x69, 0xd5,
  0x25, 0x87, 0x02, 0x02, 0x45, 0x00, 0x49, 0xd5, 0x13, 0x01, 0x21, 0x02,
  0x27, 0x00, 0x69, 0xd5, 0x27, 0x89, 0x02, 0x02, 0x1a, 0x00, 0x6d, 0xd7,
  0x1a, 0x31, 0x66, 0x04, 0x46, 0x00, 0x49, 0xd5, 0x13, 0x11, 0x21, 0x02,
  0x0a, 0x00, 0x69, 0xd5, 0x0a, 0x25, 0x02, 0x02, 0x47, 0x00, 0x49, 0xd5,
  0x13, 0x21, 0x21, 0x02, 0x2a, 0x00, 0x69, 0xd5, 0x2a, 0x8b, 0x02, 0x02,
  0x1b, 0x00, 0x6d, 0xd7, 0x1b, 0x35, 0x22, 0x04, 0x2c, 0x00, 0x69, 0xd5,
  0x2c, 0x8d, 0x02, 0x02, 0x98, 0x26, 0x26, 0x30, 0x2e, 0x00, 0x69, 0xd5,
  0x2e, 0x8f, 0x02, 0x02, 0x1d, 0x00, 0x6d, 0xd7, 0x1d, 0x37, 0x72, 0x04,
  0x0b, 0x00, 0x69, 0xd5, 0x0b, 0x27, 0x02, 0x02, 0x1f, 0x00, 0x6d, 0xd7,
  0x1f, 0x3b, 0x7a, 0x04, 0x21, 0x00, 0x6d, 0xd7, 0x21, 0x3f, 0x82, 0x04,
  0x22, 0x00, 0x6d, 0xd7, 0x22, 0x43, 0x26, 0x04, 0x24, 0x00, 0x6d, 0xd7,
  0x24, 0x45, 0x8e, 0x04, 0x26, 0x00, 0x6d, 0xd7, 0x26, 0x49, 0x96, 0x04,
  0x28, 0x00, 0x6d, 0xd7, 0x28, 0x4d, 0x9e, 0x04, 0x29, 0x00, 0x6d, 0xd7,
  0x29, 0x51, 0x2a, 0x04, 0x2b, 0x00, 0x6d, 0xd7, 0x2b, 0x53, 0xaa, 0x04,
  0x2d, 0x00, 0x6d, 0xd7, 0x2d, 0x57, 0xb2, 0x04, 0x2f, 0x00, 0x6d, 0xd7,
  0x2f, 0x5b, 0xba, 0x04, 0x2f, 0x17, 0x5e, 0x4a, 0x2f, 0x0b, 0x5e, 0x7e,
  0x2f, 0x09, 0x5e, 0x10, 0x2f, 0x0b, 0x5e, 0x10, 0x01, 0x5f, 0x02, 0x06,
  0x7e, 0x03, 0x81, 0xbe, 0x07, 0x04, 0xa6, 0x7d, 0x01, 0x7e, 0x01, 0x8a,
  0xde, 0xfe, 0x85, 0xbf, 0xc1, 0x03, 0xfe, 0xbe, 0x82, 0x00, 0x00, 0x34,
  0x00, 0x00, 0x34, 0xd8, 0x00, 0x01, 0x00, 0x00, 0x90, 0x80, 0x7e, 0x92,
  0x00, 0x10, 0xdc, 0xd8, 0x00, 0x00, 0x00, 0x02, 0x7f, 0xc0, 0x8c, 0xbf,
  0x02, 0x07, 0x04, 0x06, 0x00, 0x00, 0x34, 0xd8, 0x00, 0x02, 0x00, 0x00,
  0xff, 0x00, 0x7e, 0xb0, 0x00, 0x08, 0xdc, 0xd8, 0x00, 0x00, 0x00, 0x02,
  0x7f, 0xc0, 0x8c, 0xbf, 0x02, 0x07, 0x04, 0x06, 0x00, 0x00, 0x34, 0xd8,
  0x00, 0x02, 0x00, 0x00, 0x8f, 0x03, 0xfe, 0xbe, 0x00, 0x04, 0xdc, 0xd8,
  0x00, 0x00, 0x00, 0x02, 0x7f, 0xc0, 0x8c, 0xbf, 0x02, 0x07, 0x04, 0x06,
  0x00, 0x00, 0x34, 0xd8, 0x00, 0x02, 0x00, 0x00, 0x83, 0x03, 0xfe, 0xbe,
  0x00, 0x02, 0xdc, 0xd8, 0x00, 0x00, 0x00, 0x02, 0x7f, 0xc0, 0x8c, 0xbf,
  0x02, 0x07, 0x04, 0x06, 0x00, 0x00, 0x34, 0xd8, 0x00, 0x02, 0x00, 0x00,
  0x81, 0x03, 0xfe, 0xbe, 0x80, 0x02, 0x02, 0x7e, 0x04, 0x00, 0xd8, 0xd8,
  0x01, 0x00, 0x00, 0x01, 0x00, 0x00, 0xd8, 0xd8, 0x00, 0x00, 0x00, 0x02,
  0x7f, 0xc0, 0x8c, 0xbf, 0x01, 0x05, 0x02, 0x06, 0x00, 0x00, 0x34, 0xd8,
  0x00, 0x01, 0x00, 0x00, 0x81, 0x03, 0xfe, 0xbe, 0x01, 0x01, 0x08, 0xf4,
  0x00, 0x00, 0x00, 0xfa, 0x80, 0x02, 0x00, 0x7e, 0x00, 0x00, 0xd8, 0xd8,
  0x00, 0x00, 0x00, 0x00, 0x01, 0x02, 0x08, 0xf4, 0x30, 0x00, 0x00, 0xfa,
  0x00, 0x82, 0x00, 0x8f, 0x7f, 0xc0, 0x8c, 0xbf, 0x42, 0x00, 0x20, 0xf4,
  0x00, 0x00, 0x00, 0x00, 0x7f, 0xc0, 0x8c, 0xbf, 0x01, 0x00, 0x00, 0x06,
  0x00, 0x00, 0x70, 0xe0, 0x80, 0x00, 0x02, 0x00, 0x00, 0x00, 0x81, 0xbf,
  0x00, 0x00, 0x9f, 0xbf, 0x00, 0x00, 0x9f, 0xbf, 0x00, 0x00, 0x9f, 0xbf,
  0x00, 0x00, 0x9f, 0xbf, 0x00, 0x00, 0x9f, 0xbf, 0x31, 0x32, 0x33, 0x34,
  0x18, 0x00, 0x00, 0x00, 0x98, 0x00, 0x00, 0x00, 0x00, 0x00, 0x00, 0x00,
  0x00, 0x00, 0x00, 0x00, 0x00, 0x00, 0x00, 0x00, 0x00, 0x00, 0x00, 0x00,
  0x00, 0x00, 0x00, 0x00, 0x40, 0x00, 0x00, 0x00, 0x00, 0x00, 0x00, 0x00,
  0x00, 0x00, 0x00, 0x00, 0x00, 0x00, 0x00, 0x00, 0x00, 0x00, 0x00, 0x00,
  0x00, 0x00, 0x00, 0x00, 0x00, 0x00, 0x00, 0x00, 0x00, 0x00, 0x00, 0x00,
  0xd6, 0x00, 0x00, 0x00, 0x50, 0x4a, 0x00, 0x00, 0x00, 0x00, 0x00, 0x00,
  0x00, 0x00, 0x00, 0x00, 0x00, 0x00, 0x00, 0x00, 0x00, 0x00, 0x00, 0x00,
  0x00, 0x00, 0x00, 0x00, 0x08, 0x00, 0x00, 0x00, 0x0c, 0x02, 0x00, 0x00,
  0x00, 0x00, 0x00, 0x00, 0x0d, 0x02, 0x00, 0x00, 0x00, 0x00, 0x00, 0x00,
  0x12, 0x02, 0x00, 0x00, 0x0b, 0x00, 0x2c, 0x40, 0x13, 0x02, 0x00, 0x00,
  0x86, 0x00, 0x01, 0x00, 0x28, 0x02, 0x00, 0x00, 0x00, 0x00, 0x00, 0x00,
  0x07, 0x02, 0x00, 0x00, 0x20, 0x00, 0x00, 0x00, 0x08, 0x02, 0x00, 0x00,
  0x01, 0x00, 0x00, 0x00, 0x09, 0x02, 0x00, 0x00, 0x01, 0x00, 0x00, 0x00,
  0x00, 0x00, 0x00, 0x00, 0x00, 0x00, 0x00, 0x00, 0x00, 0x00, 0x00, 0x00,
  0x00, 0x00, 0x00, 0x00, 0x00, 0x00, 0x00, 0x00, 0x00, 0x00, 0x00, 0x00,
  0x00, 0x00, 0x00, 0x00, 0x00, 0x00, 0x00, 0x00, 0x00, 0x00, 0x00, 0x00,
  0x00, 0x00, 0x00, 0x00, 0x00, 0x00, 0x00, 0x00, 0x00, 0x00, 0x00, 0x00,
  0x00, 0x00, 0x00, 0x00, 0x00, 0x00, 0x00, 0x2e, 0x73, 0x68, 0x61, 0x64,
  0x65, 0x72, 0x5f, 0x74, 0x65, 0x78, 0x74, 0x00, 0x2e, 0x73, 0x68, 0x61,
  0x64, 0x65, 0x72, 0x5f, 0x68, 0x65, 0x61, 0x64, 0x65, 0x72, 0x00, 0x2e,
  0x73, 0x68, 0x73, 0x74, 0x72, 0x74, 0x61, 0x62, 0x00, 0x00, 0x00, 0x00,
  0x00, 0x00, 0x00, 0x00, 0x00, 0x00, 0x00, 0x00, 0x00, 0x00, 0x00, 0x00,
  0x00, 0x00, 0x00, 0x00, 0x00, 0x00, 0x00, 0x00, 0x00, 0x00, 0x00, 0x00,
  0x00, 0x00, 0x00, 0x00, 0x00, 0x00, 0x00, 0x00, 0x00, 0x00, 0x00, 0x00,
  0x00, 0x00, 0x00, 0x00, 0x00, 0x00, 0x00, 0x00, 0x00, 0x00, 0x00, 0x00,
  0x00, 0x00, 0x00, 0x00, 0x00, 0x00, 0x00, 0x00, 0x00, 0x00, 0x00, 0x00,
  0x00, 0x00, 0x00, 0x00, 0x01, 0x00, 0x00, 0x00, 0x01, 0x00, 0x00, 0x00,
  0x06, 0x00, 0x00, 0x00, 0x00, 0x00, 0x00, 0x00, 0x00, 0x00, 0x00, 0x00,
  0x00, 0x00, 0x00, 0x00, 0x00, 0x01, 0x00, 0x00, 0x00, 0x00, 0x00, 0x00,
  0x50, 0x4a, 0x00, 0x00, 0x00, 0x00, 0x00, 0x00, 0x00, 0x00, 0x00, 0x00,
  0x00, 0x00, 0x00, 0x00, 0x00, 0x01, 0x00, 0x00, 0x00, 0x00, 0x00, 0x00,
  0x00, 0x00, 0x00, 0x00, 0x00, 0x00, 0x00, 0x00, 0x0e, 0x00, 0x00, 0x00,
  0x01, 0x00, 0x00, 0x00, 0x03, 0x00, 0x00, 0x00, 0x00, 0x00, 0x00, 0x00,
  0x00, 0x00, 0x00, 0x00, 0x00, 0x00, 0x00, 0x00, 0x50, 0x4b, 0x00, 0x00,
  0x00, 0x00, 0x00, 0x00, 0xd6, 0x00, 0x00, 0x00, 0x00, 0x00, 0x00, 0x00,
  0x00, 0x00, 0x00, 0x00, 0x00, 0x00, 0x00, 0x00, 0x08, 0x00, 0x00, 0x00,
  0x00, 0x00, 0x00, 0x00, 0x00, 0x00, 0x00, 0x00, 0x00, 0x00, 0x00, 0x00,
  0x1d, 0x00, 0x00, 0x00, 0x03, 0x00, 0x00, 0x00, 0x00, 0x00, 0x00, 0x00,
  0x00, 0x00, 0x00, 0x00, 0x00, 0x00, 0x00, 0x00, 0x00, 0x00, 0x00, 0x00,
  0x26, 0x4c, 0x00, 0x00, 0x00, 0x00, 0x00, 0x00, 0x27, 0x00, 0x00, 0x00,
  0x00, 0x00, 0x00, 0x00, 0x00, 0x00, 0x00, 0x00, 0x00, 0x00, 0x00, 0x00,
  0x01, 0x00, 0x00, 0x00, 0x00, 0x00, 0x00, 0x00, 0x00, 0x00, 0x00, 0x00,
  0x00, 0x00, 0x00, 0x00
};
static const unsigned int attn_output_agc_package_len = 19792;
