static const unsigned char real_layer_kv_agc_package[] = {
  0x7f, 0x45, 0x4c, 0x46, 0x02, 0x01, 0x01, 0x00, 0x00, 0x00, 0x00, 0x00,
  0x00, 0x00, 0x00, 0x00, 0x02, 0x00, 0xe0, 0x00, 0x01, 0x00, 0x00, 0x00,
  0x00, 0x00, 0x00, 0x00, 0x00, 0x00, 0x00, 0x00, 0x00, 0x00, 0x00, 0x00,
  0x00, 0x00, 0x00, 0x00, 0x98, 0x6e, 0x00, 0x00, 0x00, 0x00, 0x00, 0x00,
  0x00, 0x00, 0x00, 0x00, 0x40, 0x00, 0x38, 0x00, 0x00, 0x00, 0x40, 0x00,
  0x04, 0x00, 0x03, 0x00, 0x00, 0x00, 0x00, 0x00, 0x00, 0x00, 0x00, 0x00,
  0x00, 0x00, 0x00, 0x00, 0x00, 0x00, 0x00, 0x00, 0x00, 0x00, 0x00, 0x00,
  0x00, 0x00, 0x00, 0x00, 0x00, 0x00, 0x00, 0x00, 0x00, 0x00, 0x00, 0x00,
  0x00, 0x00, 0x00, 0x00, 0x00, 0x00, 0x00, 0x00, 0x00, 0x00, 0x00, 0x00,
  0x00, 0x00, 0x00, 0x00, 0x00, 0x00, 0x00, 0x00, 0x00, 0x00, 0x00, 0x00,
  0x00, 0x00, 0x00, 0x00, 0x00, 0x00, 0x00, 0x00, 0x00, 0x00, 0x00, 0x00,
  0x00, 0x00, 0x00, 0x00, 0x00, 0x00, 0x00, 0x00, 0x00, 0x00, 0x00, 0x00,
  0x00, 0x00, 0x00, 0x00, 0x00, 0x00, 0x00, 0x00, 0x00, 0x00, 0x00, 0x00,
  0x00, 0x00, 0x00, 0x00, 0x00, 0x00, 0x00, 0x00, 0x00, 0x00, 0x00, 0x00,
  0x00, 0x00, 0x00, 0x00, 0x00, 0x00, 0x00, 0x00, 0x00, 0x00, 0x00, 0x00,
  0x00, 0x00, 0x00, 0x00, 0x00, 0x00, 0x00, 0x00, 0x00, 0x00, 0x00, 0x00,
  0x00, 0x00, 0x00, 0x00, 0x00, 0x00, 0x00, 0x00, 0x00, 0x00, 0x00, 0x00,
  0x00, 0x00, 0x00, 0x00, 0x00, 0x00, 0x00, 0x00, 0x00, 0x00, 0x00, 0x00,
  0x00, 0x00, 0x00, 0x00, 0x00, 0x00, 0x00, 0x00, 0x00, 0x00, 0x00, 0x00,
  0x00, 0x00, 0x00, 0x00, 0x00, 0x00, 0x00, 0x00, 0x00, 0x00, 0x00, 0x00,
  0x00, 0x00, 0x00, 0x00, 0x00, 0x00, 0x00, 0x00, 0x00, 0x00, 0x00, 0x00,
  0x00, 0x00, 0x00, 0x00, 0x82, 0x03, 0x83, 0xbe, 0x01, 0x01, 0x08, 0xf4,
  0x00, 0x00, 0x00, 0xfa, 0x82, 0x00, 0x02, 0x34, 0xff, 0x02, 0x04, 0x4a,
  0x00, 0x10, 0x00, 0x00, 0xff, 0x02, 0x06, 0x4a, 0x00, 0x14, 0x00, 0x00,
  0xff, 0x02, 0x08, 0x4a, 0x00, 0x18, 0x00, 0x00, 0xff, 0x02, 0x0a, 0x4a,
  0x00, 0x1c, 0x00, 0x00, 0x7f, 0xc0, 0x8c, 0xbf, 0x07, 0x00, 0xa1, 0xbf,
  0x00, 0x10, 0x30, 0xe0, 0x01, 0x06, 0x01, 0x80, 0x00, 0x14, 0x30, 0xe0,
  0x01, 0x07, 0x01, 0x80, 0x00, 0x18, 0x30, 0xe0, 0x01, 0x08, 0x01, 0x80,
  0x00, 0x1c, 0x30, 0xe0, 0x01, 0x09, 0x01, 0x80, 0x00, 0x10, 0x30, 0xe0,
  0x02, 0x0a, 0x01, 0x80, 0x00, 0x10, 0x30, 0xe0, 0x03, 0x0b, 0x01, 0x80,
  0x00, 0x10, 0x30, 0xe0, 0x04, 0x0c, 0x01, 0x80, 0x00, 0x10, 0x30, 0xe0,
  0x05, 0x0d, 0x01, 0x80, 0xff, 0x00, 0x1c, 0x4a, 0x00, 0x08, 0x00, 0x00,
  0xff, 0x1c, 0x88, 0x7d, 0x00, 0x08, 0x00, 0x00, 0x76, 0x3f, 0x8c, 0xbf,
  0x64, 0x68, 0x3c, 0xd8, 0x01, 0x06, 0x07, 0x00, 0x06, 0x0d, 0x0c, 0x10,
  0x07, 0x0f, 0x0e, 0x10, 0x75, 0x3f, 0x8c, 0xbf, 0x08, 0x11, 0x1e, 0x10,
  0x06, 0x0f, 0x0c, 0x06, 0x06, 0x1f, 0x0c, 0x06, 0x74, 0x3f, 0x8c, 0xbf,
  0x6c, 0x70, 0x3c, 0xd8, 0x01, 0x08, 0x09, 0x00, 0x09, 0x13, 0x12, 0x10,
  0x73, 0x3f, 0x8c, 0xbf, 0x0a, 0x15, 0x20, 0x10, 0x06, 0x13, 0x0c, 0x06,
  0x06, 0x21, 0x0c, 0x06, 0x72, 0x3f, 0x8c, 0xbf, 0x74, 0x78, 0x3c, 0xd8,
  0x01, 0x0a, 0x0b, 0x00, 0x0b, 0x17, 0x16, 0x10, 0x71, 0x3f, 0x8c, 0xbf,
  0x0c, 0x19, 0x22, 0x10, 0x06, 0x17, 0x0c, 0x06, 0x06, 0x23, 0x0c, 0x06,
  0x70, 0x3f, 0x8c, 0xbf, 0x7c, 0x80, 0x3c, 0xd8, 0x01, 0x0c, 0x0d, 0x00,
  0x0d, 0x1b, 0x1a, 0x10, 0x06, 0x1b, 0x0c, 0x06, 0x6a, 0x03, 0xfe, 0xbe,
  0x07, 0x00, 0x88, 0xbf, 0xff, 0x02, 0x0e, 0x4a, 0x00, 0x20, 0x00, 0x00,
  0x00, 0x10, 0x30, 0xe0, 0x07, 0x07, 0x01, 0x80, 0x70, 0x3f, 0x8c, 0xbf,
  0x00, 0x84, 0x34, 0xd8, 0x01, 0x07, 0x00, 0x00, 0xc1, 0x03, 0xfe, 0xbe,
  0x00, 0x84, 0x34, 0xd8, 0x01, 0x06, 0x00, 0x00, 0xe3, 0xff, 0xa3, 0xbf,
  0x00, 0x00, 0x8a, 0xbf, 0xff, 0x00, 0xa8, 0x7d, 0x80, 0x00, 0x00, 0x00,
  0x7e, 0x03, 0x80, 0xbe, 0x06, 0x00, 0x88, 0xbf, 0x84, 0x86, 0xe0, 0xd8,
  0x01, 0x00, 0x00, 0x06, 0x7f, 0xc0, 0x8c, 0xbf, 0x06, 0x0f, 0x0c, 0x06,
  0x00, 0x84, 0x34, 0xd8, 0x01, 0x06, 0x00, 0x00, 0xc1, 0x03, 0xfe, 0xbe,
  0xe3, 0xff, 0xa3, 0xbf, 0x00, 0x00, 0x8a, 0xbf, 0xc0, 0x00, 0xa8, 0x7d,
  0x7e, 0x03, 0x81, 0xbe, 0x06, 0x00, 0x88, 0xbf, 0x84, 0x85, 0xe0, 0xd8,
  0x01, 0x00, 0x00, 0x06, 0x7f, 0xc0, 0x8c, 0xbf, 0x06, 0x0f, 0x0c, 0x06,
  0x00, 0x84, 0x34, 0xd8, 0x01, 0x06, 0x00, 0x00, 0xc1, 0x03, 0xfe, 0xbe,
  0xe3, 0xff, 0xa3, 0xbf, 0x00, 0x00, 0x8a, 0xbf, 0xa0, 0x00, 0xa8, 0x7d,
  0x7e, 0x03, 0x84, 0xbe, 0x08, 0x00, 0x88, 0xbf, 0xff, 0x02, 0x0c, 0x4a,
  0x00, 0x84, 0x00, 0x00, 0x00, 0x20, 0xdc, 0xd8, 0x06, 0x00, 0x00, 0x06,
  0x7f, 0xc0, 0x8c, 0xbf, 0x06, 0x0f, 0x0c, 0x06, 0x00, 0x84, 0x34, 0xd8,
  0x01, 0x06, 0x00, 0x00, 0xc1, 0x03, 0xfe, 0xbe, 0xe3, 0xff, 0xa3, 0xbf,
  0x00, 0x00, 0x8a, 0xbf, 0x90, 0x00, 0xa8, 0x7d, 0x7e, 0x03, 0x85, 0xbe,
  0x08, 0x00, 0x88, 0xbf, 0xff, 0x02, 0x0c, 0x4a, 0x00, 0x84, 0x00, 0x00,
  0x00, 0x10, 0xdc, 0xd8, 0x06, 0x00, 0x00, 0x06, 0x7f, 0xc0, 0x8c, 0xbf,
  0x06, 0x0f, 0x0c, 0x06, 0x00, 0x84, 0x34, 0xd8, 0x01, 0x06, 0x00, 0x00,
  0xc1, 0x03, 0xfe, 0xbe, 0xe3, 0xff, 0xa3, 0xbf, 0x00, 0x00, 0x8a, 0xbf,
  0x88, 0x00, 0xa8, 0x7d, 0x7e, 0x03, 0x86, 0xbe, 0x08, 0x00, 0x88, 0xbf,
  0xff, 0x02, 0x0c, 0x4a, 0x00, 0x84, 0x00, 0x00, 0x00, 0x08, 0xdc, 0xd8,
  0x06, 0x00, 0x00, 0x06, 0x7f, 0xc0, 0x8c, 0xbf, 0x06, 0x0f, 0x0c, 0x06,
  0x00, 0x84, 0x34, 0xd8, 0x01, 0x06, 0x00, 0x00, 0xc1, 0x03, 0xfe, 0xbe,
  0xe3, 0xff, 0xa3, 0xbf, 0x00, 0x00, 0x8a, 0xbf, 0x84, 0x00, 0xa8, 0x7d,
  0x7e, 0x03, 0x87, 0xbe, 0x08, 0x00, 0x88, 0xbf, 0xff, 0x02, 0x0c, 0x4a,
  0x00, 0x84, 0x00, 0x00, 0x00, 0x04, 0xdc, 0xd8, 0x06, 0x00, 0x00, 0x06,
  0x7f, 0xc0, 0x8c, 0xbf, 0x06, 0x0f, 0x0c, 0x06, 0x00, 0x84, 0x34, 0xd8,
  0x01, 0x06, 0x00, 0x00, 0xc1, 0x03, 0xfe, 0xbe, 0xe3, 0xff, 0xa3, 0xbf,
  0x00, 0x00, 0x8a, 0xbf, 0x82, 0x00, 0xa8, 0x7d, 0x7e, 0x03, 0x88, 0xbe,
  0x08, 0x00, 0x88, 0xbf, 0xff, 0x02, 0x0c, 0x4a, 0x00, 0x84, 0x00, 0x00,
  0x00, 0x02, 0xdc, 0xd8, 0x06, 0x00, 0x00, 0x06, 0x7f, 0xc0, 0x8c, 0xbf,
  0x06, 0x0f, 0x0c, 0x06, 0x00, 0x84, 0x34, 0xd8, 0x01, 0x06, 0x00, 0x00,
  0xc1, 0x03, 0xfe, 0xbe, 0xe3, 0xff, 0xa3, 0xbf, 0x00, 0x00, 0x8a, 0xbf,
  0x80, 0x00, 0x24, 0x7d, 0x7e, 0x03, 0x89, 0xbe, 0x09, 0x00, 0x88, 0xbf,
  0x80, 0x02, 0x0c, 0x7e, 0x04, 0x84, 0xd8, 0xd8, 0x06, 0x00, 0x00, 0x06,
  0x00, 0x84, 0xd8, 0xd8, 0x01, 0x00, 0x00, 0x07, 0x7f, 0xc0, 0x8c, 0xbf,
  0x06, 0x0f, 0x0c, 0x06, 0x00, 0x84, 0x34, 0xd8, 0x01, 0x06, 0x00, 0x00,
  0x01, 0x03, 0x08, 0xf4, 0x20, 0x00, 0x00, 0xfa, 0xc1, 0x03, 0xfe, 0xbe,
  0x7f, 0xc0, 0x8c, 0xbf, 0x07, 0x00, 0xa1, 0xbf, 0x00, 0x10, 0x30, 0xe0,
  0x01, 0x06, 0x03, 0x80, 0x00, 0x14, 0x30, 0xe0, 0x01, 0x07, 0x03, 0x80,
  0x00, 0x18, 0x30, 0xe0, 0x01, 0x08, 0x03, 0x80, 0x00, 0x1c, 0x30, 0xe0,
  0x01, 0x09, 0x03, 0x80, 0x00, 0x10, 0x30, 0xe0, 0x02, 0x0a, 0x03, 0x80,
  0x00, 0x10, 0x30, 0xe0, 0x03, 0x0b, 0x03, 0x80, 0x00, 0x10, 0x30, 0xe0,
  0x04, 0x0c, 0x03, 0x80, 0x00, 0x10, 0x30, 0xe0, 0x05, 0x0d, 0x03, 0x80,
  0x00, 0x00, 0x8a, 0xbf, 0x80, 0x02, 0x1c, 0x7e, 0x00, 0x84, 0xd8, 0xd8,
  0x0e, 0x00, 0x00, 0x0e, 0x64, 0x68, 0xe0, 0xd8, 0x01, 0x00, 0x00, 0x10,
  0x7f, 0xc1, 0x8c, 0xbf, 0xff, 0x1c, 0x1c, 0x10, 0x00, 0x00, 0x00, 0x3a,
  0xff, 0x1c, 0x1c, 0x06, 0xac, 0xc5, 0x27, 0x37, 0x0e, 0x5d, 0x1c, 0x7e,
  0x7f, 0xc0, 0x8c, 0xbf, 0x10, 0x1d, 0x20, 0x10, 0x11, 0x1d, 0x22, 0x10,
  0x77, 0x3f, 0x8c, 0xbf, 0x10, 0x0d, 0x20, 0x10, 0x76, 0x3f, 0x8c, 0xbf,
  0x11, 0x0f, 0x22, 0x10, 0x00, 0x04, 0x3c, 0xd8, 0x01, 0x10, 0x11, 0x00,
  0x6c, 0x70, 0xe0, 0xd8, 0x01, 0x00, 0x00, 0x06, 0x7f, 0xc0, 0x8c, 0xbf,
  0x06, 0x1d, 0x0c, 0x10, 0x07, 0x1d, 0x0e, 0x10, 0x75, 0x3f, 0x8c, 0xbf,
  0x06, 0x11, 0x0c, 0x10, 0x74, 0x3f, 0x8c, 0xbf, 0x07, 0x13, 0x0e, 0x10,
  0x08, 0x0c, 0x3c, 0xd8, 0x01, 0x06, 0x07, 0x00, 0x74, 0x78, 0xe0, 0xd8,
  0x01, 0x00, 0x00, 0x06, 0x7f, 0xc0, 0x8c, 0xbf, 0x06, 0x1d, 0x0c, 0x10,
  0x07, 0x1d, 0x0e, 0x10, 0x73, 0x3f, 0x8c, 0xbf, 0x06, 0x15, 0x0c, 0x10,
  0x72, 0x3f, 0x8c, 0xbf, 0x07, 0x17, 0x0e, 0x10, 0x10, 0x14, 0x3c, 0xd8,
  0x01, 0x06, 0x07, 0x00, 0x7c, 0x80, 0xe0, 0xd8, 0x01, 0x00, 0x00, 0x06,
  0x7f, 0xc0, 0x8c, 0xbf, 0x06, 0x1d, 0x0c, 0x10, 0x07, 0x1d, 0x0e, 0x10,
  0x71, 0x3f, 0x8c, 0xbf, 0x06, 0x19, 0x0c, 0x10, 0x70, 0x3f, 0x8c, 0xbf,
  0x07, 0x1b, 0x0e, 0x10, 0x18, 0x1c, 0x3c, 0xd8, 0x01, 0x06, 0x07, 0x00,
  0x6a, 0x03, 0xfe, 0xbe, 0x0c, 0x00, 0x88, 0xbf, 0xff, 0x02, 0x0c, 0x4a,
  0x00, 0x20, 0x00, 0x00, 0x00, 0x10, 0x30, 0xe0, 0x06, 0x06, 0x03, 0x80,
  0x00, 0x84, 0xd8, 0xd8, 0x01, 0x00, 0x00, 0x07, 0x7f, 0xc0, 0x8c, 0xbf,
  0x07, 0x1d, 0x0e, 0x10, 0x70, 0x3f, 0x8c, 0xbf, 0x07, 0x0d, 0x0e, 0x10,
  0x00, 0x20, 0x34, 0xd8, 0x01, 0x07, 0x00, 0x00, 0xc1, 0x03, 0xfe, 0xbe,
  0xe3, 0xff, 0xa3, 0xbf, 0x00, 0x00, 0x8a, 0xbf, 0xff, 0x00, 0x0c, 0x4a,
  0x00, 0x01, 0x00, 0x00, 0x01, 0x03, 0xfe, 0xbe, 0xaf, 0x02, 0x88, 0xbf,
  0x87, 0x00, 0x0e, 0x34, 0x00, 0x00, 0xd8, 0xd9, 0x07, 0x00, 0x00, 0x08,
  0x08, 0x00, 0xd8, 0xd9, 0x07, 0x00, 0x00, 0x0a, 0x10, 0x00, 0xd8, 0xd9,
  0x07, 0x00, 0x00, 0x0c, 0x18, 0x00, 0xd8, 0xd9, 0x07, 0x00, 0x00, 0x0e,
  0x20, 0x00, 0xd8, 0xd9, 0x07, 0x00, 0x00, 0x10, 0x28, 0x00, 0xd8, 0xd9,
  0x07, 0x00, 0x00, 0x12, 0x30, 0x00, 0xd8, 0xd9, 0x07, 0x00, 0x00, 0x14,
  0x38, 0x00, 0xd8, 0xd9, 0x07, 0x00, 0x00, 0x16, 0x40, 0x00, 0xd8, 0xd9,
  0x07, 0x00, 0x00, 0x18, 0x48, 0x00, 0xd8, 0xd9, 0x07, 0x00, 0x00, 0x1a,
  0x50, 0x00, 0xd8, 0xd9, 0x07, 0x00, 0x00, 0x1c, 0x58, 0x00, 0xd8, 0xd9,
  0x07, 0x00, 0x00, 0x1e, 0x60, 0x00, 0xd8, 0xd9, 0x07, 0x00, 0x00, 0x20,
  0x68, 0x00, 0xd8, 0xd9, 0x07, 0x00, 0x00, 0x22, 0x70, 0x00, 0xd8, 0xd9,
  0x07, 0x00, 0x00, 0x24, 0x78, 0x00, 0xd8, 0xd9, 0x07, 0x00, 0x00, 0x26,
  0x7f, 0x00, 0x0a, 0xb0, 0x81, 0xff, 0x0b, 0xb0, 0x7f, 0xce, 0x8c, 0xbf,
  0x28, 0x07, 0x54, 0xd5, 0x08, 0x13, 0x2a, 0x04, 0x7f, 0xcd, 0x8c, 0xbf,
  0x28, 0x06, 0x54, 0xd5, 0x28, 0x17, 0x32, 0x04, 0x7f, 0xcc, 0x8c, 0xbf,
  0x28, 0x06, 0x54, 0xd5, 0x28, 0x1b, 0x3a, 0x04, 0x7f, 0xcb, 0x8c, 0xbf,
  0x28, 0x06, 0x54, 0xd5, 0x28, 0x1f, 0x42, 0x04, 0x7f, 0xca, 0x8c, 0xbf,
  0x28, 0x06, 0x54, 0xd5, 0x28, 0x23, 0x4a, 0x04, 0x7f, 0xc9, 0x8c, 0xbf,
  0x28, 0x06, 0x54, 0xd5, 0x28, 0x27, 0x52, 0x04, 0x7f, 0xc8, 0x8c, 0xbf,
  0x28, 0x06, 0x54, 0xd5, 0x28, 0x2b, 0x5a, 0x04, 0x7f, 0xc7, 0x8c, 0xbf,
  0x28, 0x06, 0x54, 0xd5, 0x28, 0x2f, 0x62, 0x04, 0x7f, 0xc6, 0x8c, 0xbf,
  0x28, 0x06, 0x54, 0xd5, 0x28, 0x33, 0x6a, 0x04, 0x7f, 0xc5, 0x8c, 0xbf,
  0x28, 0x06, 0x54, 0xd5, 0x28, 0x37, 0x72, 0x04, 0x7f, 0xc4, 0x8c, 0xbf,
  0x28, 0x06, 0x54, 0xd5, 0x28, 0x3b, 0x7a, 0x04, 0x7f, 0xc3, 0x8c, 0xbf,
  0x28, 0x06, 0x54, 0xd5, 0x28, 0x3f, 0x82, 0x04, 0x7f, 0xc2, 0x8c, 0xbf,
  0x28, 0x06, 0x54, 0xd5, 0x28, 0x43, 0x8a, 0x04, 0x7f, 0xc1, 0x8c, 0xbf,
  0x28, 0x06, 0x54, 0xd5, 0x28, 0x47, 0x92, 0x04, 0x7f, 0xc0, 0x8c, 0xbf,
  0x28, 0x06, 0x54, 0xd5, 0x28, 0x4b, 0x9a, 0x04, 0x28, 0x02, 0x10, 0xd5,
  0x28, 0x4f, 0x02, 0x02, 0xff, 0x50, 0x50, 0x10, 0x04, 0x02, 0x01, 0x3c,
  0x00, 0x40, 0x34, 0xd8, 0x01, 0x28, 0x00, 0x00, 0x6a, 0x03, 0x91, 0xbe,
  0x28, 0x55, 0x52, 0x7e, 0x10, 0x00, 0x02, 0xd4, 0x80, 0x50, 0x02, 0x02,
  0x10, 0x03, 0xea, 0xbe, 0x0a, 0x53, 0x14, 0x10, 0x08, 0x53, 0x10, 0x10,
  0x09, 0x53, 0x12, 0x10, 0x0b, 0x53, 0x16, 0x10, 0x0a, 0x47, 0x14, 0x7e,
  0x08, 0x47, 0x10, 0x7e, 0x09, 0x47, 0x12, 0x7e, 0x0b, 0x47, 0x16, 0x7e,
  0x0c, 0x53, 0x18, 0x10, 0x0a, 0x11, 0x14, 0x7e, 0x08, 0x11, 0x10, 0x7e,
  0x09, 0x11, 0x12, 0x7e, 0x0d, 0x53, 0x1a, 0x10, 0x0b, 0x11, 0x16, 0x7e,
  0x0c, 0x47, 0x18, 0x7e, 0x0a, 0x00, 0x58, 0xd5, 0x0a, 0x16, 0x28, 0x04,
  0x08, 0x00, 0x58, 0xd5, 0x0a, 0x16, 0x20, 0x04, 0x09, 0x00, 0x58, 0xd5,
  0x0a, 0x16, 0x24, 0x04, 0x0e, 0x53, 0x1c, 0x10, 0x0d, 0x47, 0x1a, 0x7e,
  0x0b, 0x00, 0x58, 0xd5, 0x0a, 0x16, 0x2c, 0x04, 0x0c, 0x11, 0x18, 0x7e,
  0xf9, 0x00, 0x15, 0x02, 0x0a, 0x02, 0x06, 0x86, 0xf9, 0x00, 0x11, 0x02,
  0x08, 0x00, 0x06, 0x86, 0xf9, 0x00, 0x13, 0x02, 0x09, 0x01, 0x06, 0x86,
  0x0f, 0x53, 0x1e, 0x10, 0x0e, 0x47, 0x1c, 0x7e, 0x0d, 0x11, 0x1a, 0x7e,
  0xf9, 0x00, 0x17, 0x02, 0x0b, 0x03, 0x06, 0x86, 0x0c, 0x00, 0x58, 0xd5,
  0x0a, 0x16, 0x30, 0x04, 0x10, 0x53, 0x20, 0x10, 0x0a, 0x00, 0x72, 0xd7,
  0x0a, 0x11, 0x26, 0x04, 0x0f, 0x47, 0x1e, 0x7e, 0x0e, 0x11, 0x1c, 0x7e,
  0x0d, 0x00, 0x58, 0xd5, 0x0a, 0x16, 0x34, 0x04, 0x11, 0x53, 0x22, 0x10,
  0xf9, 0x00, 0x19, 0x02, 0x0c, 0x00, 0x06, 0x86, 0x10, 0x47, 0x20, 0x7e,
  0x0a, 0x17, 0x10, 0x38, 0x0f, 0x11, 0x1e, 0x7e, 0x0e, 0x00, 0x58, 0xd5,
  0x0a, 0x16, 0x38, 0x04, 0x12, 0x53, 0x24, 0x10, 0xf9, 0x00, 0x1b, 0x02,
  0x0d, 0x01, 0x06, 0x86, 0x11, 0x47, 0x22, 0x7e, 0x10, 0x11, 0x20, 0x7e,
  0x13, 0x53, 0x26, 0x10, 0x0f, 0x00, 0x58, 0xd5, 0x0a, 0x16, 0x3c, 0x04,
  0xf9, 0x00, 0x1d, 0x02, 0x0e, 0x02, 0x06, 0x86, 0x12, 0x47, 0x24, 0x7e,
  0x11, 0x11, 0x22, 0x7e, 0x10, 0x00, 0x58, 0xd5, 0x0a, 0x16, 0x40, 0x04,
  0x13, 0x47, 0x26, 0x7e, 0x14, 0x53, 0x28, 0x10, 0xf9, 0x00, 0x1f, 0x02,
  0x0f, 0x03, 0x06, 0x86, 0x0e, 0x00, 0x72, 0xd7, 0x0e, 0x19, 0x36, 0x04,
  0x12, 0x11, 0x24, 0x7e, 0x11, 0x00, 0x58, 0xd5, 0x0a, 0x16, 0x44, 0x04,
  0x15, 0x53, 0x2a, 0x10, 0xf9, 0x00, 0x21, 0x02, 0x10, 0x00, 0x06, 0x86,
  0x13, 0x11, 0x26, 0x7e, 0x14, 0x47, 0x28, 0x7e, 0x0e, 0x1f, 0x12, 0x38,
  0x16, 0x53, 0x2c, 0x10, 0x12, 0x00, 0x58, 0xd5, 0x0a, 0x16, 0x48, 0x04,
  0xf9, 0x00, 0x23, 0x02, 0x11, 0x01, 0x06, 0x86, 0x15, 0x47, 0x2a, 0x7e,
  0x13, 0x00, 0x58, 0xd5, 0x0a, 0x16, 0x4c, 0x04, 0x14, 0x11, 0x28, 0x7e,
  0x17, 0x53, 0x2e, 0x10, 0x16, 0x47, 0x2c, 0x7e, 0xf9, 0x00, 0x25, 0x02,
  0x12, 0x02, 0x06, 0x86, 0x15, 0x11, 0x2a, 0x7e, 0xf9, 0x00, 0x27, 0x02,
  0x13, 0x03, 0x06, 0x86, 0x14, 0x00, 0x58, 0xd5, 0x0a, 0x16, 0x50, 0x04,
  0x85, 0x00, 0x54, 0x34, 0x17, 0x47, 0x2e, 0x7e, 0x16, 0x11, 0x2c, 0x7e,
  0x12, 0x00, 0x72, 0xd7, 0x12, 0x21, 0x46, 0x04, 0x15, 0x00, 0x58, 0xd5,
  0x0a, 0x16, 0x54, 0x04, 0xf9, 0x00, 0x29, 0x02, 0x14, 0x00, 0x06, 0x86,
  0x17, 0x11, 0x2e, 0x7e, 0x16, 0x00, 0x58, 0xd5, 0x0a, 0x16, 0x58, 0x04,
  0x12, 0x27, 0x14, 0x38, 0xf9, 0x00, 0x2b, 0x02, 0x15, 0x01, 0x06, 0x86,
  0x17, 0x00, 0x58, 0xd5, 0x0a, 0x16, 0x5c, 0x04, 0xf9, 0x00, 0x2d, 0x02,
  0x16, 0x02, 0x06, 0x86, 0xf9, 0x00, 0x2f, 0x02, 0x17, 0x03, 0x06, 0x86,
  0x16, 0x00, 0x72, 0xd7, 0x16, 0x29, 0x56, 0x04, 0x16, 0x2f, 0x16, 0x38,
  0x00, 0x44, 0x7c, 0xdb, 0x2a, 0x08, 0x00, 0x00, 0x18, 0x53, 0x30, 0x10,
  0x19, 0x53, 0x32, 0x10, 0x1a, 0x53, 0x34, 0x10, 0x1b, 0x53, 0x36, 0x10,
  0x18, 0x47, 0x30, 0x7e, 0x19, 0x47, 0x32, 0x7e, 0x1a, 0x47, 0x34, 0x7e,
  0x1c, 0x53, 0x38, 0x10, 0x1b, 0x47, 0x36, 0x7e, 0x18, 0x11, 0x30, 0x7e,
  0x19, 0x11, 0x32, 0x7e, 0x1a, 0x11, 0x34, 0x7e, 0x1d, 0x53, 0x3a, 0x10,
  0x1c, 0x47, 0x38, 0x7e, 0x1b, 0x11, 0x36, 0x7e, 0x18, 0x00, 0x58, 0xd5,
  0x0a, 0x16, 0x60, 0x04, 0x19, 0x00, 0x58, 0xd5, 0x0a, 0x16, 0x64, 0x04,
  0x1a, 0x00, 0x58, 0xd5, 0x0a, 0x16, 0x68, 0x04, 0x1e, 0x53, 0x3c, 0x10,
  0x1d, 0x47, 0x3a, 0x7e, 0x1c, 0x11, 0x38, 0x7e, 0x1b, 0x00, 0x58, 0xd5,
  0x0a, 0x16, 0x6c, 0x04, 0xf9, 0x00, 0x31, 0x02, 0x18, 0x00, 0x06, 0x86,
  0xf9, 0x00, 0x33, 0x02, 0x19, 0x01, 0x06, 0x86, 0xf9, 0x00, 0x35, 0x02,
  0x1a, 0x02, 0x06, 0x86, 0x1f, 0x53, 0x3e, 0x10, 0x1e, 0x47, 0x3c, 0x7e,
  0x1d, 0x11, 0x3a, 0x7e, 0x1c, 0x00, 0x58, 0xd5, 0x0a, 0x16, 0x70, 0x04,
  0xf9, 0x00, 0x37, 0x02, 0x1b, 0x03, 0x06, 0x86, 0x20, 0x53, 0x40, 0x10,
  0x1a, 0x00, 0x72, 0xd7, 0x1a, 0x31, 0x66, 0x04, 0x1f, 0x47, 0x3e, 0x7e,
  0x1e, 0x11, 0x3c, 0x7e, 0x1d, 0x00, 0x58, 0xd5, 0x0a, 0x16, 0x74, 0x04,
  0xf9, 0x00, 0x39, 0x02, 0x1c, 0x00, 0x06, 0x86, 0x21, 0x53, 0x42, 0x10,
  0x20, 0x47, 0x40, 0x7e, 0x1a, 0x37, 0x10, 0x38, 0x1f, 0x11, 0x3e, 0x7e,
  0x22, 0x53, 0x44, 0x10, 0x1e, 0x00, 0x58, 0xd5, 0x0a, 0x16, 0x78, 0x04,
  0xf9, 0x00, 0x3b, 0x02, 0x1d, 0x01, 0x06, 0x86, 0x21, 0x47, 0x42, 0x7e,
  0x20, 0x11, 0x40, 0x7e, 0x23, 0x53, 0x46, 0x10, 0x1f, 0x00, 0x58, 0xd5,
  0x0a, 0x16, 0x7c, 0x04, 0x22, 0x47, 0x44, 0x7e, 0xf9, 0x00, 0x3d, 0x02,
  0x1e, 0x02, 0x06, 0x86, 0x21, 0x11, 0x42, 0x7e, 0x20, 0x00, 0x58, 0xd5,
  0x0a, 0x16, 0x80, 0x04, 0x24, 0x53, 0x48, 0x10, 0x23, 0x47, 0x46, 0x7e,
  0xf9, 0x00, 0x3f, 0x02, 0x1f, 0x03, 0x06, 0x86, 0x22, 0x11, 0x44, 0x7e,
  0x1e, 0x00, 0x72, 0xd7, 0x1e, 0x39, 0x76, 0x04, 0x21, 0x00, 0x58, 0xd5,
  0x0a, 0x16, 0x84, 0x04, 0x25, 0x53, 0x4a, 0x10, 0xf9, 0x00, 0x41, 0x02,
  0x20, 0x00, 0x06, 0x86, 0x24, 0x47, 0x48, 0x7e, 0x23, 0x11, 0x46, 0x7e,
  0x22, 0x00, 0x58, 0xd5, 0x0a, 0x16, 0x88, 0x04, 0x1e, 0x3f, 0x12, 0x38,
  0x26, 0x53, 0x4c, 0x10, 0xf9, 0x00, 0x43, 0x02, 0x21, 0x01, 0x06, 0x86,
  0x25, 0x47, 0x4a, 0x7e, 0x24, 0x11, 0x48, 0x7e, 0x23, 0x00, 0x58, 0xd5,
  0x0a, 0x16, 0x8c, 0x04, 0x27, 0x53, 0x4e, 0x10, 0xf9, 0x00, 0x45, 0x02,
  0x22, 0x02, 0x06, 0x86, 0x26, 0x47, 0x4c, 0x7e, 0x25, 0x11, 0x4a, 0x7e,
  0x24, 0x00, 0x58, 0xd5, 0x0a, 0x16, 0x90, 0x04, 0xf9, 0x00, 0x47, 0x02,
  0x23, 0x03, 0x06, 0x86, 0x27, 0x47, 0x4e, 0x7e, 0x22, 0x00, 0x72, 0xd7,
  0x22, 0x41, 0x86, 0x04, 0x26, 0x11, 0x4c, 0x7e, 0x25, 0x00, 0x58, 0xd5,
  0x0a, 0x16, 0x94, 0x04, 0xf9, 0x00, 0x49, 0x02, 0x24, 0x00, 0x06, 0x86,
  0x27, 0x11, 0x4e, 0x7e, 0x22, 0x47, 0x14, 0x38, 0x26, 0x00, 0x58, 0xd5,
  0x0a, 0x16, 0x98, 0x04, 0xf9, 0x00, 0x4b, 0x02, 0x25, 0x01, 0x06, 0x86,
  0x27, 0x00, 0x58, 0xd5, 0x0a, 0x16, 0x9c, 0x04, 0xf9, 0x00, 0x4d, 0x02,
  0x26, 0x02, 0x06, 0x86, 0xf9, 0x00, 0x4f, 0x02, 0x27, 0x03, 0x06, 0x86,
  0x26, 0x00, 0x72, 0xd7, 0x26, 0x49, 0x96, 0x04, 0x26, 0x4f, 0x16, 0x38,
  0x10, 0x44, 0x7c, 0xdb, 0x2a, 0x08, 0x00, 0x00, 0x7e, 0x03, 0x92, 0xbe,
  0xc0, 0x0c, 0xa8, 0x7d, 0x53, 0x01, 0x88, 0xbf, 0x00, 0x80, 0xd8, 0xd9,
  0x07, 0x00, 0x00, 0x08, 0x08, 0x80, 0xd8, 0xd9, 0x07, 0x00, 0x00, 0x0a,
  0x10, 0x80, 0xd8, 0xd9, 0x07, 0x00, 0x00, 0x0c, 0x18, 0x80, 0xd8, 0xd9,
  0x07, 0x00, 0x00, 0x0e, 0x20, 0x80, 0xd8, 0xd9, 0x07, 0x00, 0x00, 0x10,
  0x28, 0x80, 0xd8, 0xd9, 0x07, 0x00, 0x00, 0x12, 0x30, 0x80, 0xd8, 0xd9,
  0x07, 0x00, 0x00, 0x14, 0x38, 0x80, 0xd8, 0xd9, 0x07, 0x00, 0x00, 0x16,
  0x40, 0x80, 0xd8, 0xd9, 0x07, 0x00, 0x00, 0x18, 0x48, 0x80, 0xd8, 0xd9,
  0x07, 0x00, 0x00, 0x1a, 0x50, 0x80, 0xd8, 0xd9, 0x07, 0x00, 0x00, 0x1c,
  0x58, 0x80, 0xd8, 0xd9, 0x07, 0x00, 0x00, 0x1e, 0x60, 0x80, 0xd8, 0xd9,
  0x07, 0x00, 0x00, 0x20, 0x68, 0x80, 0xd8, 0xd9, 0x07, 0x00, 0x00, 0x22,
  0x70, 0x80, 0xd8, 0xd9, 0x07, 0x00, 0x00, 0x24, 0x78, 0x80, 0xd8, 0xd9,
  0x07, 0x00, 0x00, 0x26, 0x81, 0xff, 0x0a, 0xb0, 0x7f, 0x00, 0x0b, 0xb0,
  0x7f, 0xce, 0x8c, 0xbf, 0x07, 0x07, 0x54, 0xd5, 0x08, 0x13, 0x2a, 0x04,
  0x7f, 0xcd, 0x8c, 0xbf, 0x07, 0x06, 0x54, 0xd5, 0x07, 0x17, 0x32, 0x04,
  0x7f, 0xcc, 0x8c, 0xbf, 0x07, 0x06, 0x54, 0xd5, 0x07, 0x1b, 0x3a, 0x04,
  0x7f, 0xcb, 0x8c, 0xbf, 0x07, 0x06, 0x54, 0xd5, 0x07, 0x1f, 0x42, 0x04,
  0x7f, 0xca, 0x8c, 0xbf, 0x07, 0x06, 0x54, 0xd5, 0x07, 0x23, 0x4a, 0x04,
  0x7f, 0xc9, 0x8c, 0xbf, 0x07, 0x06, 0x54, 0xd5, 0x07, 0x27, 0x52, 0x04,
  0x7f, 0xc8, 0x8c, 0xbf, 0x07, 0x06, 0x54, 0xd5, 0x07, 0x2b, 0x5a, 0x04,
  0x7f, 0xc7, 0x8c, 0xbf, 0x07, 0x06, 0x54, 0xd5, 0x07, 0x2f, 0x62, 0x04,
  0x7f, 0xc6, 0x8c, 0xbf, 0x07, 0x06, 0x54, 0xd5, 0x07, 0x33, 0x6a, 0x04,
  0x7f, 0xc5, 0x8c, 0xbf, 0x07, 0x06, 0x54, 0xd5, 0x07, 0x37, 0x72, 0x04,
  0x7f, 0xc4, 0x8c, 0xbf, 0x07, 0x06, 0x54, 0xd5, 0x07, 0x3b, 0x7a, 0x04,
  0x7f, 0xc3, 0x8c, 0xbf, 0x07, 0x06, 0x54, 0xd5, 0x07, 0x3f, 0x82, 0x04,
  0x7f, 0xc2, 0x8c, 0xbf, 0x07, 0x06, 0x54, 0xd5, 0x07, 0x43, 0x8a, 0x04,
  0x7f, 0xc1, 0x8c, 0xbf, 0x07, 0x06, 0x54, 0xd5, 0x07, 0x47, 0x92, 0x04,
  0x7f, 0xc0, 0x8c, 0xbf, 0x07, 0x06, 0x54, 0xd5, 0x07, 0x4b, 0x9a, 0x04,
  0x07, 0x02, 0x10, 0xd5, 0x07, 0x4f, 0x02, 0x02, 0xff, 0x0e, 0x0e, 0x10,
  0x04, 0x02, 0x01, 0x3c, 0x00, 0x44, 0x34, 0xd8, 0x01, 0x07, 0x00, 0x00,
  0x07, 0x55, 0x50, 0x7e, 0x80, 0x0e, 0x04, 0x7c, 0x0a, 0x51, 0x14, 0x10,
  0x08, 0x51, 0x10, 0x10, 0x09, 0x51, 0x12, 0x10, 0x0b, 0x51, 0x16, 0x10,
  0x0a, 0x47, 0x14, 0x7e, 0x08, 0x47, 0x10, 0x7e, 0x09, 0x47, 0x12, 0x7e,
  0x0b, 0x47, 0x16, 0x7e, 0x0c, 0x51, 0x18, 0x10, 0x0a, 0x11, 0x14, 0x7e,
  0x08, 0x11, 0x10, 0x7e, 0x09, 0x11, 0x12, 0x7e, 0x0b, 0x11, 0x16, 0x7e,
  0x0d, 0x51, 0x1a, 0x10, 0x0c, 0x47, 0x18, 0x7e, 0x0a, 0x00, 0x58, 0xd5,
  0x0b, 0x14, 0x28, 0x04, 0x08, 0x00, 0x58, 0xd5, 0x0b, 0x14, 0x20, 0x04,
  0x0e, 0x51, 0x1c, 0x10, 0x09, 0x00, 0x58, 0xd5, 0x0b, 0x14, 0x24, 0x04,
  0x0b, 0x00, 0x58, 0xd5, 0x0b, 0x14, 0x2c, 0x04, 0x0d, 0x47, 0x1a, 0x7e,
  0x0c, 0x11, 0x18, 0x7e, 0xf9, 0x00, 0x15, 0x02, 0x0a, 0x02, 0x06, 0x86,
  0xf9, 0x00, 0x11, 0x02, 0x08, 0x00, 0x06, 0x86, 0x0f, 0x51, 0x1e, 0x10,
  0x0e, 0x47, 0x1c, 0x7e, 0xf9, 0x00, 0x13, 0x02, 0x09, 0x01, 0x06, 0x86,
  0xf9, 0x00, 0x17, 0x02, 0x0b, 0x03, 0x06, 0x86, 0x0d, 0x11, 0x1a, 0x7e,
  0x0c, 0x00, 0x58, 0xd5, 0x0b, 0x14, 0x30, 0x04, 0x10, 0x51, 0x20, 0x10,
  0x0f, 0x47, 0x1e, 0x7e, 0x0e, 0x11, 0x1c, 0x7e, 0x0a, 0x00, 0x72, 0xd7,
  0x0a, 0x11, 0x26, 0x04, 0x0d, 0x00, 0x58, 0xd5, 0x0b, 0x14, 0x34, 0x04,
  0x11, 0x51, 0x22, 0x10, 0xf9, 0x00, 0x19, 0x02, 0x0c, 0x00, 0x06, 0x86,
  0x10, 0x47, 0x20, 0x7e, 0x0f, 0x11, 0x1e, 0x7e, 0x0e, 0x00, 0x58, 0xd5,
  0x0b, 0x14, 0x38, 0x04, 0x12, 0x51, 0x24, 0x10, 0x0a, 0x17, 0x10, 0x38,
  0xf9, 0x00, 0x1b, 0x02, 0x0d, 0x01, 0x06, 0x86, 0x11, 0x47, 0x22, 0x7e,
  0x10, 0x11, 0x20, 0x7e, 0x0f, 0x00, 0x58, 0xd5, 0x0b, 0x14, 0x3c, 0x04,
  0xf9, 0x00, 0x1d, 0x02, 0x0e, 0x02, 0x06, 0x86, 0x13, 0x51, 0x26, 0x10,
  0x12, 0x47, 0x24, 0x7e, 0x11, 0x11, 0x22, 0x7e, 0x10, 0x00, 0x58, 0xd5,
  0x0b, 0x14, 0x40, 0x04, 0x14, 0x51, 0x28, 0x10, 0xf9, 0x00, 0x1f, 0x02,
  0x0f, 0x03, 0x06, 0x86, 0x0e, 0x00, 0x72, 0xd7, 0x0e, 0x19, 0x36, 0x04,
  0x13, 0x47, 0x26, 0x7e, 0x12, 0x11, 0x24, 0x7e, 0x11, 0x00, 0x58, 0xd5,
  0x0b, 0x14, 0x44, 0x04, 0x15, 0x51, 0x2a, 0x10, 0xf9, 0x00, 0x21, 0x02,
  0x10, 0x00, 0x06, 0x86, 0x14, 0x47, 0x28, 0x7e, 0x0e, 0x1f, 0x12, 0x38,
  0x13, 0x11, 0x26, 0x7e, 0x16, 0x51, 0x2c, 0x10, 0x12, 0x00, 0x58, 0xd5,
  0x0b, 0x14, 0x48, 0x04, 0xf9, 0x00, 0x23, 0x02, 0x11, 0x01, 0x06, 0x86,
  0x15, 0x47, 0x2a, 0x7e, 0x14, 0x11, 0x28, 0x7e, 0x13, 0x00, 0x58, 0xd5,
  0x0b, 0x14, 0x4c, 0x04, 0x17, 0x51, 0x2e, 0x10, 0x16, 0x47, 0x2c, 0x7e,
  0xf9, 0x00, 0x25, 0x02, 0x12, 0x02, 0x06, 0x86, 0x15, 0x11, 0x2a, 0x7e,
  0x14, 0x00, 0x58, 0xd5, 0x0b, 0x14, 0x50, 0x04, 0xf9, 0x00, 0x27, 0x02,
  0x13, 0x03, 0x06, 0x86, 0x17, 0x47, 0x2e, 0x7e, 0x16, 0x11, 0x2c, 0x7e,
  0x12, 0x00, 0x72, 0xd7, 0x12, 0x21, 0x46, 0x04, 0x15, 0x00, 0x58, 0xd5,
  0x0b, 0x14, 0x54, 0x04, 0xf9, 0x00, 0x29, 0x02, 0x14, 0x00, 0x06, 0x86,
  0x17, 0x11, 0x2e, 0x7e, 0x16, 0x00, 0x58, 0xd5, 0x0b, 0x14, 0x58, 0x04,
  0x12, 0x27, 0x14, 0x38, 0xf9, 0x00, 0x2b, 0x02, 0x15, 0x01, 0x06, 0x86,
  0x17, 0x00, 0x58, 0xd5, 0x0b, 0x14, 0x5c, 0x04, 0xf9, 0x00, 0x2d, 0x02,
  0x16, 0x02, 0x06, 0x86, 0xf9, 0x00, 0x2f, 0x02, 0x17, 0x03, 0x06, 0x86,
  0x16, 0x00, 0x72, 0xd7, 0x16, 0x29, 0x56, 0x04, 0x16, 0x2f, 0x16, 0x38,
  0x00, 0x64, 0x7c, 0xdb, 0x2a, 0x08, 0x00, 0x00, 0x18, 0x51, 0x30, 0x10,
  0x19, 0x51, 0x32, 0x10, 0x1a, 0x51, 0x34, 0x10, 0x1b, 0x51, 0x36, 0x10,
  0x18, 0x47, 0x30, 0x7e, 0x19, 0x47, 0x32, 0x7e, 0x1a, 0x47, 0x34, 0x7e,
  0x1c, 0x51, 0x38, 0x10, 0x1b, 0x47, 0x36, 0x7e, 0x18, 0x11, 0x30, 0x7e,
  0x19, 0x11, 0x32, 0x7e, 0x1a, 0x11, 0x34, 0x7e, 0x1c, 0x47, 0x38, 0x7e,
  0x1d, 0x51, 0x3a, 0x10, 0x1b, 0x11, 0x36, 0x7e, 0x18, 0x00, 0x58, 0xd5,
  0x0b, 0x14, 0x60, 0x04, 0x19, 0x00, 0x58, 0xd5, 0x0b, 0x14, 0x64, 0x04,
  0x1a, 0x00, 0x58, 0xd5, 0x0b, 0x14, 0x68, 0x04, 0x1e, 0x51, 0x3c, 0x10,
  0x1c, 0x11, 0x38, 0x7e, 0x1d, 0x47, 0x3a, 0x7e, 0x1b, 0x00, 0x58, 0xd5,
  0x0b, 0x14, 0x6c, 0x04, 0xf9, 0x00, 0x31, 0x02, 0x18, 0x00, 0x06, 0x86,
  0xf9, 0x00, 0x33, 0x02, 0x19, 0x01, 0x06, 0x86, 0xf9, 0x00, 0x35, 0x02,
  0x1a, 0x02, 0x06, 0x86, 0x1f, 0x51, 0x3e, 0x10, 0x1e, 0x47, 0x3c, 0x7e,
  0x1c, 0x00, 0x58, 0xd5, 0x0b, 0x14, 0x70, 0x04, 0x1d, 0x11, 0x3a, 0x7e,
  0xf9, 0x00, 0x37, 0x02, 0x1b, 0x03, 0x06, 0x86, 0x20, 0x51, 0x40, 0x10,
  0x1a, 0x00, 0x72, 0xd7, 0x1a, 0x31, 0x66, 0x04, 0x1f, 0x47, 0x3e, 0x7e,
  0x1e, 0x11, 0x3c, 0x7e, 0xf9, 0x00, 0x39, 0x02, 0x1c, 0x00, 0x06, 0x86,
  0x21, 0x51, 0x42, 0x10, 0x1d, 0x00, 0x58, 0xd5, 0x0b, 0x14, 0x74, 0x04,
  0x20, 0x47, 0x40, 0x7e, 0x1a, 0x37, 0x10, 0x38, 0x1f, 0x11, 0x3e, 0x7e,
  0x1e, 0x00, 0x58, 0xd5, 0x0b, 0x14, 0x78, 0x04, 0x22, 0x51, 0x44, 0x10,
  0x21, 0x47, 0x42, 0x7e, 0xf9, 0x00, 0x3b, 0x02, 0x1d, 0x01, 0x06, 0x86,
  0x20, 0x11, 0x40, 0x7e, 0x23, 0x51, 0x46, 0x10, 0x1f, 0x00, 0x58, 0xd5,
  0x0b, 0x14, 0x7c, 0x04, 0xf9, 0x00, 0x3d, 0x02, 0x1e, 0x02, 0x06, 0x86,
  0x22, 0x47, 0x44, 0x7e, 0x21, 0x11, 0x42, 0x7e, 0x20, 0x00, 0x58, 0xd5,
  0x0b, 0x14, 0x80, 0x04, 0x23, 0x47, 0x46, 0x7e, 0x24, 0x51, 0x48, 0x10,
  0xf9, 0x00, 0x3f, 0x02, 0x1f, 0x03, 0x06, 0x86, 0x1e, 0x00, 0x72, 0xd7,
  0x1e, 0x39, 0x76, 0x04, 0x22, 0x11, 0x44, 0x7e, 0x21, 0x00, 0x58, 0xd5,
  0x0b, 0x14, 0x84, 0x04, 0x25, 0x51, 0x4a, 0x10, 0xf9, 0x00, 0x41, 0x02,
  0x20, 0x00, 0x06, 0x86, 0x23, 0x11, 0x46, 0x7e, 0x24, 0x47, 0x48, 0x7e,
  0x1e, 0x3f, 0x12, 0x38, 0x26, 0x51, 0x4c, 0x10, 0x22, 0x00, 0x58, 0xd5,
  0x0b, 0x14, 0x88, 0x04, 0xf9, 0x00, 0x43, 0x02, 0x21, 0x01, 0x06, 0x86,
  0x25, 0x47, 0x4a, 0x7e, 0x23, 0x00, 0x58, 0xd5, 0x0b, 0x14, 0x8c, 0x04,
  0x24, 0x11, 0x48, 0x7e, 0x27, 0x51, 0x4e, 0x10, 0x26, 0x47, 0x4c, 0x7e,
  0xf9, 0x00, 0x45, 0x02, 0x22, 0x02, 0x06, 0x86, 0x25, 0x11, 0x4a, 0x7e,
  0xf9, 0x00, 0x47, 0x02, 0x23, 0x03, 0x06, 0x86, 0x24, 0x00, 0x58, 0xd5,
  0x0b, 0x14, 0x90, 0x04, 0x27, 0x47, 0x4e, 0x7e, 0x26, 0x11, 0x4c, 0x7e,
  0x22, 0x00, 0x72, 0xd7, 0x22, 0x41, 0x86, 0x04, 0x25, 0x00, 0x58, 0xd5,
  0x0b, 0x14, 0x94, 0x04, 0xf9, 0x00, 0x49, 0x02, 0x24, 0x00, 0x06, 0x86,
  0x27, 0x11, 0x4e, 0x7e, 0x26, 0x00, 0x58, 0xd5, 0x0b, 0x14, 0x98, 0x04,
  0x22, 0x47, 0x14, 0x38, 0xf9, 0x00, 0x4b, 0x02, 0x25, 0x01, 0x06, 0x86,
  0x27, 0x00, 0x58, 0xd5, 0x0b, 0x14, 0x9c, 0x04, 0xf9, 0x00, 0x4d, 0x02,
  0x26, 0x02, 0x06, 0x86, 0xf9, 0x00, 0x4f, 0x02, 0x27, 0x03, 0x06, 0x86,
  0x26, 0x00, 0x72, 0xd7, 0x26, 0x49, 0x96, 0x04, 0x26, 0x4f, 0x16, 0x38,
  0x10, 0x64, 0x7c, 0xdb, 0x2a, 0x08, 0x00, 0x00, 0x11, 0x03, 0xea, 0xbe,
  0xc1, 0x03, 0xfe, 0xbe, 0xe3, 0xff, 0xa3, 0xbf, 0x00, 0x00, 0x8a, 0xbf,
  0x00, 0x03, 0x0e, 0x7e, 0x7e, 0x03, 0x8a, 0xbe, 0xff, 0x0e, 0xa6, 0x7d,
  0x00, 0x08, 0x00, 0x00, 0x0a, 0x7e, 0x0a, 0x8a, 0x34, 0x01, 0x84, 0xbf,
  0x01, 0x04, 0x08, 0xf4, 0x40, 0x00, 0x00, 0xfa, 0x7f, 0xc0, 0x8c, 0xbf,
  0x08, 0x04, 0x28, 0xf4, 0x00, 0x00, 0x00, 0xfa, 0x0a, 0x03, 0xfe, 0xbe,
  0x80, 0x03, 0x8a, 0xbe, 0x80, 0x02, 0x10, 0x7e, 0x7f, 0xc0, 0x8c, 0xbf,
  0x12, 0x85, 0x12, 0x90, 0x11, 0x12, 0x11, 0x93, 0x20, 0x01, 0x82, 0xbf,
  0x00, 0x00, 0x80, 0xbf, 0x00, 0x00, 0x80, 0xbf, 0x00, 0x00, 0x80, 0xbf,
  0x01, 0x05, 0x08, 0xf4, 0x10, 0x00, 0x00, 0xfa, 0x09, 0x00, 0x69, 0xd5,
  0x07, 0x25, 0x00, 0x02, 0x10, 0x11, 0x0b, 0x80, 0x0a, 0x12, 0x12, 0x4a,
  0x0a, 0x00, 0x47, 0xd7, 0x10, 0x12, 0x0a, 0x02, 0x09, 0x00, 0x46, 0xd7,
  0x09, 0x05, 0x2d, 0x00, 0x82, 0x12, 0x12, 0x34, 0x7f, 0xc0, 0x8c, 0xbf,
  0x01, 0x00, 0xa1, 0xbf, 0x00, 0x10, 0x30, 0xe0, 0x0a, 0x0a, 0x05, 0x80,
  0x00, 0x10, 0x38, 0xe0, 0x09, 0x0c, 0x05, 0x80, 0x0a, 0x85, 0x13, 0x8f,
  0x13, 0x02, 0x16, 0x7e, 0x00, 0x44, 0xd8, 0xd9, 0x0b, 0x00, 0x00, 0x10,
  0x10, 0x44, 0xd8, 0xd9, 0x0b, 0x00, 0x00, 0x12, 0x08, 0x44, 0xd8, 0xd9,
  0x0b, 0x00, 0x00, 0x14, 0x18, 0x44, 0xd8, 0xd9, 0x0b, 0x00, 0x00, 0x16,
  0x7f, 0xc3, 0x8c, 0xbf, 0x11, 0x05, 0x2a, 0x7e, 0x10, 0x05, 0x28, 0x7e,
  0x7f, 0xc2, 0x8c, 0xbf, 0x12, 0x05, 0x38, 0x7e, 0x13, 0x05, 0x3a, 0x7e,
  0x15, 0x19, 0x99, 0xbe, 0x14, 0x19, 0x96, 0xbe, 0x14, 0xff, 0x17, 0x94,
  0x08, 0x00, 0x08, 0x00, 0x14, 0xff, 0x18, 0x94, 0x10, 0x00, 0x08, 0x00,
  0x14, 0x98, 0x14, 0x91, 0x15, 0xff, 0x1a, 0x94, 0x08, 0x00, 0x08, 0x00,
  0x15, 0xff, 0x1b, 0x94, 0x10, 0x00, 0x08, 0x00, 0x15, 0x98, 0x15, 0x91,
  0x7f, 0xc1, 0x8c, 0xbf, 0x14, 0x05, 0x48, 0x7e, 0x15, 0x05, 0x4a, 0x7e,
  0x1c, 0x19, 0x9e, 0xbe, 0x1c, 0xff, 0x1f, 0x94, 0x08, 0x00, 0x08, 0x00,
  0x1c, 0xff, 0x20, 0x94, 0x10, 0x00, 0x08, 0x00, 0x1c, 0x98, 0x1c, 0x91,
  0x1d, 0x19, 0xa1, 0xbe, 0x1d, 0xff, 0x22, 0x94, 0x08, 0x00, 0x08, 0x00,
  0x1d, 0xff, 0x23, 0x94, 0x10, 0x00, 0x08, 0x00, 0x1d, 0x98, 0x1d, 0x91,
  0x7f, 0xc0, 0x8c, 0xbf, 0x16, 0x05, 0x58, 0x7e, 0x17, 0x05, 0x5a, 0x7e,
  0x24, 0xff, 0x27, 0x94, 0x08, 0x00, 0x08, 0x00, 0x24, 0xff, 0x28, 0x94,
  0x10, 0x00, 0x08, 0x00, 0x24, 0x19, 0xa6, 0xbe, 0x24, 0x98, 0x24, 0x91,
  0x25, 0x19, 0xa9, 0xbe, 0x25, 0xff, 0x2a, 0x94, 0x08, 0x00, 0x08, 0x00,
  0x25, 0xff, 0x2b, 0x94, 0x10, 0x00, 0x08, 0x00, 0x2c, 0x19, 0xae, 0xbe,
  0x2c, 0xff, 0x2f, 0x94, 0x08, 0x00, 0x08, 0x00, 0x2c, 0xff, 0x30, 0x94,
  0x10, 0x00, 0x08, 0x00, 0x2c, 0x98, 0x2c, 0x91, 0x2d, 0xff, 0x32, 0x94,
  0x08, 0x00, 0x08, 0x00, 0x2d, 0xff, 0x33, 0x94, 0x10, 0x00, 0x08, 0x00,
  0x25, 0x98, 0x25, 0x91, 0x2d, 0x19, 0xb1, 0xbe, 0x2d, 0x98, 0x2d, 0x91,
  0x0a, 0x82, 0x34, 0x8f, 0x34, 0x02, 0x20, 0x7e, 0x00, 0x40, 0xd8, 0xd8,
  0x10, 0x00, 0x00, 0x10, 0x0a, 0x81, 0x0a, 0x80, 0x70, 0x3f, 0x8c, 0xbf,
  0x13, 0x00, 0x48, 0xd5, 0x0c, 0x11, 0x11, 0x02, 0x15, 0x00, 0x48, 0xd5,
  0x0c, 0x21, 0x11, 0x02, 0x8f, 0x18, 0x22, 0x36, 0x12, 0x00, 0x48, 0xd5,
  0x0c, 0x09, 0x11, 0x02, 0x14, 0x00, 0x48, 0xd5, 0x0c, 0x19, 0x11, 0x02,
  0x16, 0x00, 0x48, 0xd5, 0x0c, 0x29, 0x11, 0x02, 0x17, 0x00, 0x48, 0xd5,
  0x0c, 0x31, 0x11, 0x02, 0xc8, 0x26, 0x26, 0x4a, 0xc8, 0x2a, 0x2a, 0x4a,
  0xc8, 0x22, 0x22, 0x4a, 0x0c, 0x00, 0x48, 0xd5, 0x0c, 0x39, 0x11, 0x02,
  0xc8, 0x24, 0x24, 0x4a, 0xc8, 0x28, 0x28, 0x4a, 0xc8, 0x2c, 0x2c, 0x4a,
  0xc8, 0x2e, 0x2e, 0x4a, 0x8f, 0x1a, 0x30, 0x36, 0x13, 0x00, 0x69, 0xd5,
  0x13, 0x2f, 0x00, 0x02, 0x15, 0x00, 0x69, 0xd5, 0x15, 0x31, 0x00, 0x02,
  0x11, 0x00, 0x69, 0xd5, 0x11, 0x2d, 0x00, 0x02, 0xc8, 0x18, 0x18, 0x4a,
  0x19, 0x00, 0x48, 0xd5, 0x0d, 0x09, 0x11, 0x02, 0x12, 0x00, 0x69, 0xd5,
  0x12, 0x3d, 0x00, 0x02, 0x14, 0x00, 0x69, 0xd5, 0x14, 0x3f, 0x00, 0x02,
  0x16, 0x00, 0x69, 0xd5, 0x16, 0x41, 0x00, 0x02, 0x17, 0x00, 0x69, 0xd5,
  0x17, 0x29, 0x00, 0x02, 0xc8, 0x30, 0x30, 0x4a, 0x1a, 0x00, 0x48, 0xd5,
  0x0d, 0x11, 0x11, 0x02, 0x0c, 0x00, 0x69, 0xd5, 0x0c, 0x39, 0x00, 0x02,
  0xc8, 0x32, 0x32, 0x4a, 0x1b, 0x00, 0x48, 0xd5, 0x0d, 0x19, 0x11, 0x02,
  0x13, 0x00, 0x6d, 0xd7, 0x13, 0x23, 0x4a, 0x04, 0x1c, 0x00, 0x48, 0xd5,
  0x0d, 0x21, 0x11, 0x02, 0x18, 0x00, 0x69, 0xd5, 0x18, 0x33, 0x00, 0x02,
  0xc8, 0x34, 0x34, 0x4a, 0x1d, 0x00, 0x48, 0xd5, 0x0d, 0x29, 0x11, 0x02,
  0x19, 0x00, 0x69, 0xd5, 0x19, 0x43, 0x00, 0x02, 0xc8, 0x36, 0x36, 0x4a,
  0x15, 0x00, 0x6d, 0xd7, 0x15, 0x27, 0x52, 0x04, 0x1e, 0x00, 0x48, 0xd5,
  0x0d, 0x31, 0x11, 0x02, 0xc8, 0x38, 0x38, 0x4a, 0x1a, 0x00, 0x69, 0xd5,
  0x1a, 0x35, 0x00, 0x02, 0xc8, 0x3a, 0x3a, 0x4a, 0x0d, 0x00, 0x48, 0xd5,
  0x0d, 0x39, 0x11, 0x02, 0x8f, 0x1c, 0x3e, 0x36, 0x1b, 0x00, 0x69, 0xd5,
  0x1b, 0x45, 0x00, 0x02, 0x17, 0x00, 0x6d, 0xd7, 0x17, 0x2b, 0x5a, 0x04,
  0xc8, 0x3c, 0x3c, 0x4a, 0x1c, 0x00, 0x69, 0xd5, 0x1c, 0x37, 0x00, 0x02,
  0x20, 0x00, 0x48, 0xd5, 0x0e, 0x09, 0x11, 0x02, 0x1d, 0x00, 0x69, 0xd5,
  0x1d, 0x47, 0x00, 0x02, 0xc8, 0x1a, 0x1a, 0x4a, 0xc8, 0x3e, 0x3e, 0x4a,
  0x21, 0x00, 0x48, 0xd5, 0x0e, 0x11, 0x11, 0x02, 0x18, 0x00, 0x6d, 0xd7,
  0x18, 0x2f, 0x32, 0x04, 0x1e, 0x00, 0x69, 0xd5, 0x1e, 0x2b, 0x00, 0x02,
  0x22, 0x00, 0x48, 0xd5, 0x0e, 0x19, 0x11, 0x02, 0xc8, 0x40, 0x40, 0x4a,
  0x23, 0x00, 0x48, 0xd5, 0x0e, 0x21, 0x11, 0x02, 0x0d, 0x00, 0x69, 0xd5,
  0x0d, 0x3b, 0x00, 0x02, 0x1f, 0x00, 0x69, 0xd5, 0x1f, 0x4d, 0x00, 0x02,
  0xc8, 0x42, 0x42, 0x4a, 0x1a, 0x00, 0x6d, 0xd7, 0x1a, 0x31, 0x66, 0x04,
  0x24, 0x00, 0x48, 0xd5, 0x0e, 0x29, 0x11, 0x02, 0xc8, 0x44, 0x44, 0x4a,
  0x20, 0x00, 0x69, 0xd5, 0x20, 0x5d, 0x00, 0x02, 0xc8, 0x46, 0x46, 0x4a,
  0x25, 0x00, 0x48, 0xd5, 0x0e, 0x31, 0x11, 0x02, 0x21, 0x00, 0x69, 0xd5,
  0x21, 0x4f, 0x00, 0x02, 0x1c, 0x00, 0x6d, 0xd7, 0x1c, 0x35, 0x6e, 0x04,
  0xc8, 0x48, 0x48, 0x4a, 0x0e, 0x00, 0x48, 0xd5, 0x0e, 0x39, 0x11, 0x02,
  0x22, 0x00, 0x69, 0xd5, 0x22, 0x5f, 0x00, 0x02, 0x23, 0x00, 0x69, 0xd5,
  0x23, 0x51, 0x00, 0x02, 0x8f, 0x1e, 0x4c, 0x36, 0xc8, 0x4a, 0x4a, 0x4a,
  0x1e, 0x00, 0x6d, 0xd7, 0x1e, 0x39, 0x76, 0x04, 0x24, 0x00, 0x69, 0xd5,
  0x24, 0x61, 0x00, 0x02, 0x27, 0x00, 0x48, 0xd5, 0x0f, 0x09, 0x11, 0x02,
  0xc8, 0x1c, 0x1c, 0x4a, 0x28, 0x00, 0x48, 0xd5, 0x0f, 0x11, 0x11, 0x02,
  0xc8, 0x4c, 0x4c, 0x4a, 0x25, 0x00, 0x69, 0xd5, 0x25, 0x49, 0x00, 0x02,
  0x1f, 0x00, 0x6d, 0xd7, 0x1f, 0x3d, 0x36, 0x04, 0x29, 0x00, 0x48, 0xd5,
  0x0f, 0x19, 0x11, 0x02, 0xc8, 0x4e, 0x4e, 0x4a, 0x0e, 0x00, 0x69, 0xd5,
  0x0e, 0x59, 0x00, 0x02, 0x2a, 0x00, 0x48, 0xd5, 0x0f, 0x21, 0x11, 0x02,
  0xc8, 0x50, 0x50, 0x4a, 0x26, 0x00, 0x69, 0xd5, 0x26, 0x53, 0x00, 0x02,
  0x21, 0x00, 0x6d, 0xd7, 0x21, 0x3f, 0x82, 0x04, 0x2b, 0x00, 0x48, 0xd5,
  0x0f, 0x29, 0x11, 0x02, 0xc8, 0x52, 0x52, 0x4a, 0x27, 0x00, 0x69, 0xd5,
  0x27, 0x63, 0x00, 0x02, 0x2c, 0x00, 0x48, 0xd5, 0x0f, 0x31, 0x11, 0x02,
  0xc8, 0x54, 0x54, 0x4a, 0x28, 0x00, 0x69, 0xd5, 0x28, 0x55, 0x00, 0x02,
  0x23, 0x00, 0x6d, 0xd7, 0x23, 0x43, 0x8a, 0x04, 0xc8, 0x56, 0x56, 0x4a,
  0x0f, 0x00, 0x48, 0xd5, 0x0f, 0x39, 0x11, 0x02, 0x29, 0x00, 0x69, 0xd5,
  0x29, 0x65, 0x00, 0x02, 0xc8, 0x58, 0x58, 0x4a, 0x2a, 0x00, 0x69, 0xd5,
  0x2a, 0x57, 0x00, 0x02, 0x25, 0x00, 0x6d, 0xd7, 0x25, 0x47, 0x92, 0x04,
  0x2b, 0x00, 0x69, 0xd5, 0x2b, 0x67, 0x00, 0x02, 0xc8, 0x1e, 0x1e, 0x4a,
  0x2c, 0x00, 0x69, 0xd5, 0x2c, 0x4b, 0x00, 0x02, 0x26, 0x00, 0x6d, 0xd7,
  0x26, 0x4b, 0x3a, 0x04, 0x0f, 0x00, 0x69, 0xd5, 0x0f, 0x5b, 0x00, 0x02,
  0x28, 0x00, 0x6d, 0xd7, 0x28, 0x4d, 0x9e, 0x04, 0x2a, 0x00, 0x6d, 0xd7,
  0x2a, 0x51, 0xa6, 0x04, 0x2c, 0x00, 0x6d, 0xd7, 0x2c, 0x55, 0xae, 0x04,
  0x2c, 0x1f, 0x58, 0x4a, 0x2c, 0x0b, 0x58, 0x7e, 0x2c, 0x15, 0x58, 0x10,
  0x7f, 0xc0, 0x8c, 0xbf, 0x10, 0x59, 0x20, 0x10, 0x08, 0x21, 0x10, 0x06,
  0x0a, 0x12, 0x09, 0xbf, 0xe1, 0xfe, 0x84, 0xbf, 0x82, 0x0e, 0x12, 0x34,
  0x00, 0x88, 0x34, 0xd8, 0x09, 0x08, 0x00, 0x00, 0xff, 0x0e, 0x0e, 0x4a,
  0x00, 0x01, 0x00, 0x00, 0xc7, 0xfe, 0x82, 0xbf, 0xc1, 0x03, 0xfe, 0xbe,
  0x00, 0x03, 0x0e, 0x7e, 0x7e, 0x03, 0x8a, 0xbe, 0xff, 0x0e, 0xa6, 0x7d,
  0x00, 0x08, 0x00, 0x00, 0x0a, 0x7e, 0x0a, 0x8a, 0x5a, 0x02, 0x84, 0xbf,
  0x01, 0x04, 0x08, 0xf4, 0x40, 0x00, 0x00, 0xfa, 0x7f, 0xc0, 0x8c, 0xbf,
  0x08, 0x05, 0x28, 0xf4, 0x0c, 0x00, 0x00, 0xfa, 0x0a, 0x03, 0xfe, 0xbe,
  0x80, 0x03, 0x8a, 0xbe, 0x80, 0x02, 0x10, 0x7e, 0x7f, 0xc0, 0x8c, 0xbf,
  0x16, 0x85, 0x16, 0x90, 0x15, 0x16, 0x15, 0x93, 0x1d, 0x01, 0x82, 0xbf,
  0x01, 0x06, 0x08, 0xf4, 0x10, 0x00, 0x00, 0xfa, 0x09, 0x00, 0x69, 0xd5,
  0x07, 0x2d, 0x00, 0x02, 0x14, 0x15, 0x0b, 0x80, 0x0a, 0x12, 0x12, 0x4a,
  0x0a, 0x00, 0x47, 0xd7, 0x14, 0x12, 0x0a, 0x02, 0x09, 0x00, 0x46, 0xd7,
  0x09, 0x05, 0x2d, 0x00, 0x82, 0x12, 0x12, 0x34, 0x7f, 0xc0, 0x8c, 0xbf,
  0x01, 0x00, 0xa1, 0xbf, 0x00, 0x10, 0x30, 0xe0, 0x0a, 0x0a, 0x06, 0x80,
  0x00, 0x10, 0x38, 0xe0, 0x09, 0x0c, 0x06, 0x80, 0x0a, 0x85, 0x18, 0x8f,
  0x18, 0x02, 0x16, 0x7e, 0x00, 0x44, 0xd8, 0xd9, 0x0b, 0x00, 0x00, 0x10,
  0x10, 0x44, 0xd8, 0xd9, 0x0b, 0x00, 0x00, 0x12, 0x08, 0x44, 0xd8, 0xd9,
  0x0b, 0x00, 0x00, 0x14, 0x18, 0x44, 0xd8, 0xd9, 0x0b, 0x00, 0x00, 0x16,
  0x7f, 0xc3, 0x8c, 0xbf, 0x11, 0x05, 0x34, 0x7e, 0x10, 0x05, 0x32, 0x7e,
  0x7f, 0xc2, 0x8c, 0xbf, 0x12, 0x05, 0x42, 0x7e, 0x13, 0x05, 0x44, 0x7e,
  0x1a, 0x19, 0x9e, 0xbe, 0x19, 0x19, 0x9b, 0xbe, 0x19, 0xff, 0x1c, 0x94,
  0x08, 0x00, 0x08, 0x00, 0x19, 0xff, 0x1d, 0x94, 0x10, 0x00, 0x08, 0x00,
  0x19, 0x98, 0x19, 0x91, 0x1a, 0xff, 0x1f, 0x94, 0x08, 0x00, 0x08, 0x00,
  0x1a, 0xff, 0x20, 0x94, 0x10, 0x00, 0x08, 0x00, 0x1a, 0x98, 0x1a, 0x91,
  0x7f, 0xc1, 0x8c, 0xbf, 0x14, 0x05, 0x52, 0x7e, 0x15, 0x05, 0x54, 0x7e,
  0x21, 0x19, 0xa3, 0xbe, 0x21, 0xff, 0x24, 0x94, 0x08, 0x00, 0x08, 0x00,
  0x21, 0xff, 0x25, 0x94, 0x10, 0x00, 0x08, 0x00, 0x21, 0x98, 0x21, 0x91,
  0x22, 0x19, 0xa6, 0xbe, 0x22, 0xff, 0x27, 0x94, 0x08, 0x00, 0x08, 0x00,
  0x22, 0xff, 0x28, 0x94, 0x10, 0x00, 0x08, 0x00, 0x22, 0x98, 0x22, 0x91,
  0x7f, 0xc0, 0x8c, 0xbf, 0x16, 0x05, 0x62, 0x7e, 0x17, 0x05, 0x64, 0x7e,
  0x29, 0xff, 0x2c, 0x94, 0x08, 0x00, 0x08, 0x00, 0x29, 0xff, 0x2d, 0x94,
  0x10, 0x00, 0x08, 0x00, 0x29, 0x19, 0xab, 0xbe, 0x29, 0x98, 0x29, 0x91,
  0x2a, 0x19, 0xae, 0xbe, 0x2a, 0xff, 0x2f, 0x94, 0x08, 0x00, 0x08, 0x00,
  0x2a, 0xff, 0x30, 0x94, 0x10, 0x00, 0x08, 0x00, 0x31, 0x19, 0xb3, 0xbe,
  0x31, 0xff, 0x34, 0x94, 0x08, 0x00, 0x08, 0x00, 0x31, 0xff, 0x35, 0x94,
  0x10, 0x00, 0x08, 0x00, 0x31, 0x98, 0x31, 0x91, 0x32, 0xff, 0x37, 0x94,
  0x08, 0x00, 0x08, 0x00, 0x32, 0xff, 0x38, 0x94, 0x10, 0x00, 0x08, 0x00,
  0x2a, 0x98, 0x2a, 0x91, 0x32, 0x19, 0xb6, 0xbe, 0x32, 0x98, 0x32, 0x91,
  0x0a, 0x82, 0x39, 0x8f, 0x39, 0x02, 0x20, 0x7e, 0x00, 0x40, 0xd8, 0xd8,
  0x10, 0x00, 0x00, 0x10, 0x0a, 0x81, 0x0a, 0x80, 0x70, 0x3f, 0x8c, 0xbf,
  0x13, 0x00, 0x48, 0xd5, 0x0c, 0x11, 0x11, 0x02, 0x15, 0x00, 0x48, 0xd5,
  0x0c, 0x21, 0x11, 0x02, 0x8f, 0x18, 0x22, 0x36, 0x12, 0x00, 0x48, 0xd5,
  0x0c, 0x09, 0x11, 0x02, 0x14, 0x00, 0x48, 0xd5, 0x0c, 0x19, 0x11, 0x02,
  0x16, 0x00, 0x48, 0xd5, 0x0c, 0x29, 0x11, 0x02, 0x17, 0x00, 0x48, 0xd5,
  0x0c, 0x31, 0x11, 0x02, 0xc8, 0x26, 0x26, 0x4a, 0xc8, 0x2a, 0x2a, 0x4a,
  0xc8, 0x22, 0x22, 0x4a, 0x0c, 0x00, 0x48, 0xd5, 0x0c, 0x39, 0x11, 0x02,
  0xc8, 0x24, 0x24, 0x4a, 0xc8, 0x28, 0x28, 0x4a, 0xc8, 0x2c, 0x2c, 0x4a,
  0xc8, 0x2e, 0x2e, 0x4a, 0x8f, 0x1a, 0x30, 0x36, 0x13, 0x00, 0x69, 0xd5,
  0x13, 0x39, 0x00, 0x02, 0x15, 0x00, 0x69, 0xd5, 0x15, 0x3b, 0x00, 0x02,
  0x11, 0x00, 0x69, 0xd5, 0x11, 0x37, 0x00, 0x02, 0xc8, 0x18, 0x18, 0x4a,
  0x19, 0x00, 0x48, 0xd5, 0x0d, 0x09, 0x11, 0x02, 0x12, 0x00, 0x69, 0xd5,
  0x12, 0x47, 0x00, 0x02, 0x14, 0x00, 0x69, 0xd5, 0x14, 0x49, 0x00, 0x02,
  0x16, 0x00, 0x69, 0xd5, 0x16, 0x4b, 0x00, 0x02, 0x17, 0x00, 0x69, 0xd5,
  0x17, 0x33, 0x00, 0x02, 0xc8, 0x30, 0x30, 0x4a, 0x1a, 0x00, 0x48, 0xd5,
  0x0d, 0x11, 0x11, 0x02, 0x0c, 0x00, 0x69, 0xd5, 0x0c, 0x43, 0x00, 0x02,
  0xc8, 0x32, 0x32, 0x4a, 0x1b, 0x00, 0x48, 0xd5, 0x0d, 0x19, 0x11, 0x02,
  0x13, 0x00, 0x6d, 0xd7, 0x13, 0x23, 0x4a, 0x04, 0x1c, 0x00, 0x48, 0xd5,
  0x0d, 0x21, 0x11, 0x02, 0x18, 0x00, 0x69, 0xd5, 0x18, 0x3d, 0x00, 0x02,
  0xc8, 0x34, 0x34, 0x4a, 0x1d, 0x00, 0x48, 0xd5, 0x0d, 0x29, 0x11, 0x02,
  0x19, 0x00, 0x69, 0xd5, 0x19, 0x4d, 0x00, 0x02, 0xc8, 0x36, 0x36, 0x4a,
  0x15, 0x00, 0x6d, 0xd7, 0x15, 0x27, 0x52, 0x04, 0x1e, 0x00, 0x48, 0xd5,
  0x0d, 0x31, 0x11, 0x02, 0xc8, 0x38, 0x38, 0x4a, 0x1a, 0x00, 0x69, 0xd5,
  0x1a, 0x3f, 0x00, 0x02, 0xc8, 0x3a, 0x3a, 0x4a, 0x0d, 0x00, 0x48, 0xd5,
  0x0d, 0x39, 0x11, 0x02, 0x8f, 0x1c, 0x3e, 0x36, 0x1b, 0x00, 0x69, 0xd5,
  0x1b, 0x4f, 0x00, 0x02, 0x17, 0x00, 0x6d, 0xd7, 0x17, 0x2b, 0x5a, 0x04,
  0xc8, 0x3c, 0x3c, 0x4a, 0x1c, 0x00, 0x69, 0xd5, 0x1c, 0x41, 0x00, 0x02,
  0x20, 0x00, 0x48, 0xd5, 0x0e, 0x09, 0x11, 0x02, 0x1d, 0x00, 0x69, 0xd5,
  0x1d, 0x51, 0x00, 0x02, 0xc8, 0x1a, 0x1a, 0x4a, 0xc8, 0x3e, 0x3e, 0x4a,
  0x21, 0x00, 0x48, 0xd5, 0x0e, 0x11, 0x11, 0x02, 0x18, 0x00, 0x6d, 0xd7,
  0x18, 0x2f, 0x32, 0x04, 0x1e, 0x00, 0x69, 0xd5, 0x1e, 0x35, 0x00, 0x02,
  0x22, 0x00, 0x48, 0xd5, 0x0e, 0x19, 0x11, 0x02, 0xc8, 0x40, 0x40, 0x4a,
  0x23, 0x00, 0x48, 0xd5, 0x0e, 0x21, 0x11, 0x02, 0x0d, 0x00, 0x69, 0xd5,
  0x0d, 0x45, 0x00, 0x02, 0x1f, 0x00, 0x69, 0xd5, 0x1f, 0x57, 0x00, 0x02,
  0xc8, 0x42, 0x42, 0x4a, 0x1a, 0x00, 0x6d, 0xd7, 0x1a, 0x31, 0x66, 0x04,
  0x24, 0x00, 0x48, 0xd5, 0x0e, 0x29, 0x11, 0x02, 0xc8, 0x44, 0x44, 0x4a,
  0x20, 0x00, 0x69, 0xd5, 0x20, 0x67, 0x00, 0x02, 0xc8, 0x46, 0x46, 0x4a,
  0x25, 0x00, 0x48, 0xd5, 0x0e, 0x31, 0x11, 0x02, 0x21, 0x00, 0x69, 0xd5,
  0x21, 0x59, 0x00, 0x02, 0x1c, 0x00, 0x6d, 0xd7, 0x1c, 0x35, 0x6e, 0x04,
  0xc8, 0x48, 0x48, 0x4a, 0x0e, 0x00, 0x48, 0xd5, 0x0e, 0x39, 0x11, 0x02,
  0x22, 0x00, 0x69, 0xd5, 0x22, 0x69, 0x00, 0x02, 0x23, 0x00, 0x69, 0xd5,
  0x23, 0x5b, 0x00, 0x02, 0x8f, 0x1e, 0x4c, 0x36, 0xc8, 0x4a, 0x4a, 0x4a,
  0x1e, 0x00, 0x6d, 0xd7, 0x1e, 0x39, 0x76, 0x04, 0x24, 0x00, 0x69, 0xd5,
  0x24, 0x6b, 0x00, 0x02, 0x27, 0x00, 0x48, 0xd5, 0x0f, 0x09, 0x11, 0x02,
  0xc8, 0x1c, 0x1c, 0x4a, 0x28, 0x00, 0x48, 0xd5, 0x0f, 0x11, 0x11, 0x02,
  0xc8, 0x4c, 0x4c, 0x4a, 0x25, 0x00, 0x69, 0xd5, 0x25, 0x53, 0x00, 0x02,
  0x1f, 0x00, 0x6d, 0xd7, 0x1f, 0x3d, 0x36, 0x04, 0x29, 0x00, 0x48, 0xd5,
  0x0f, 0x19, 0x11, 0x02, 0xc8, 0x4e, 0x4e, 0x4a, 0x0e, 0x00, 0x69, 0xd5,
  0x0e, 0x63, 0x00, 0x02, 0x2a, 0x00, 0x48, 0xd5, 0x0f, 0x21, 0x11, 0x02,
  0xc8, 0x50, 0x50, 0x4a, 0x26, 0x00, 0x69, 0xd5, 0x26, 0x5d, 0x00, 0x02,
  0x21, 0x00, 0x6d, 0xd7, 0x21, 0x3f, 0x82, 0x04, 0x2b, 0x00, 0x48, 0xd5,
  0x0f, 0x29, 0x11, 0x02, 0xc8, 0x52, 0x52, 0x4a, 0x27, 0x00, 0x69, 0xd5,
  0x27, 0x6d, 0x00, 0x02, 0x2c, 0x00, 0x48, 0xd5, 0x0f, 0x31, 0x11, 0x02,
  0xc8, 0x54, 0x54, 0x4a, 0x28, 0x00, 0x69, 0xd5, 0x28, 0x5f, 0x00, 0x02,
  0x23, 0x00, 0x6d, 0xd7, 0x23, 0x43, 0x8a, 0x04, 0xc8, 0x56, 0x56, 0x4a,
  0x0f, 0x00, 0x48, 0xd5, 0x0f, 0x39, 0x11, 0x02, 0x29, 0x00, 0x69, 0xd5,
  0x29, 0x6f, 0x00, 0x02, 0xc8, 0x58, 0x58, 0x4a, 0x2a, 0x00, 0x69, 0xd5,
  0x2a, 0x61, 0x00, 0x02, 0x25, 0x00, 0x6d, 0xd7, 0x25, 0x47, 0x92, 0x04,
  0x2b, 0x00, 0x69, 0xd5, 0x2b, 0x71, 0x00, 0x02, 0xc8, 0x1e, 0x1e, 0x4a,
  0x2c, 0x00, 0x69, 0xd5, 0x2c, 0x55, 0x00, 0x02, 0x26, 0x00, 0x6d, 0xd7,
  0x26, 0x4b, 0x3a, 0x04, 0x0f, 0x00, 0x69, 0xd5, 0x0f, 0x65, 0x00, 0x02,
  0x28, 0x00, 0x6d, 0xd7, 0x28, 0x4d, 0x9e, 0x04, 0x2a, 0x00, 0x6d, 0xd7,
  0x2a, 0x51, 0xa6, 0x04, 0x2c, 0x00, 0x6d, 0xd7, 0x2c, 0x55, 0xae, 0x04,
  0x2c, 0x1f, 0x58, 0x4a, 0x2c, 0x0b, 0x58, 0x7e, 0x2c, 0x15, 0x58, 0x10,
  0x7f, 0xc0, 0x8c, 0xbf, 0x10, 0x59, 0x20, 0x10, 0x08, 0x21, 0x10, 0x06,
  0x0a, 0x16, 0x09, 0xbf, 0xe1, 0xfe, 0x84, 0xbf, 0x82, 0x0e, 0x12, 0x34,
  0x00, 0xa8, 0x34, 0xd8, 0x09, 0x08, 0x00, 0x00, 0x88, 0x02, 0x24, 0xf4,
  0x1c, 0x00, 0x00, 0xfa, 0x80, 0x03, 0x90, 0xbe, 0x80, 0x02, 0x10, 0x7e,
  0x7f, 0xc0, 0x8c, 0xbf, 0x0b, 0x85, 0x0b, 0x90, 0x0a, 0x0b, 0x0a, 0x93,
  0x1d, 0x01, 0x82, 0xbf, 0x01, 0x06, 0x08, 0xf4, 0x10, 0x00, 0x00, 0xfa,
  0x0a, 0x00, 0x69, 0xd5, 0x07, 0x17, 0x00, 0x02, 0x17, 0x0a, 0x11, 0x80,
  0x10, 0x14, 0x14, 0x4a, 0x0b, 0x00, 0x47, 0xd7, 0x17, 0x14, 0x0a, 0x02,
  0x0a, 0x00, 0x46, 0xd7, 0x0a, 0x05, 0x45, 0x00, 0x82, 0x14, 0x14, 0x34,
  0x7f, 0xc0, 0x8c, 0xbf, 0x01, 0x00, 0xa1, 0xbf, 0x00, 0x10, 0x30, 0xe0,
  0x0b, 0x0b, 0x06, 0x80, 0x00, 0x10, 0x38, 0xe0, 0x0a, 0x0c, 0x06, 0x80,
  0x10, 0x85, 0x12, 0x8f, 0x12, 0x02, 0x20, 0x7e, 0x00, 0x44, 0xd8, 0xd9,
  0x10, 0x00, 0x00, 0x12, 0x10, 0x44, 0xd8, 0xd9, 0x10, 0x00, 0x00, 0x14,
  0x08, 0x44, 0xd8, 0xd9, 0x10, 0x00, 0x00, 0x16, 0x18, 0x44, 0xd8, 0xd9,
  0x10, 0x00, 0x00, 0x10, 0x7f, 0xc3, 0x8c, 0xbf, 0x13, 0x05, 0x28, 0x7e,
  0x12, 0x05, 0x26, 0x7e, 0x7f, 0xc2, 0x8c, 0xbf, 0x14, 0x05, 0x38, 0x7e,
  0x15, 0x05, 0x3a, 0x7e, 0x14, 0x19, 0x99, 0xbe, 0x13, 0x19, 0x95, 0xbe,
  0x13, 0xff, 0x16, 0x94, 0x08, 0x00, 0x08, 0x00, 0x13, 0xff, 0x18, 0x94,
  0x10, 0x00, 0x08, 0x00, 0x13, 0x98, 0x13, 0x91, 0x14, 0xff, 0x1a, 0x94,
  0x08, 0x00, 0x08, 0x00, 0x14, 0xff, 0x1b, 0x94, 0x10, 0x00, 0x08, 0x00,
  0x14, 0x98, 0x14, 0x91, 0x7f, 0xc1, 0x8c, 0xbf, 0x16, 0x05, 0x48, 0x7e,
  0x17, 0x05, 0x4a, 0x7e, 0x1c, 0x19, 0x9e, 0xbe, 0x1c, 0xff, 0x1f, 0x94,
  0x08, 0x00, 0x08, 0x00, 0x1c, 0xff, 0x20, 0x94, 0x10, 0x00, 0x08, 0x00,
  0x1c, 0x98, 0x1c, 0x91, 0x1d, 0x19, 0xa1, 0xbe, 0x1d, 0xff, 0x22, 0x94,
  0x08, 0x00, 0x08, 0x00, 0x1d, 0xff, 0x23, 0x94, 0x10, 0x00, 0x08, 0x00,
  0x1d, 0x98, 0x1d, 0x91, 0x7f, 0xc0, 0x8c, 0xbf, 0x10, 0x05, 0x58, 0x7e,
  0x11, 0x05, 0x5a, 0x7e, 0x24, 0xff, 0x27, 0x94, 0x08, 0x00, 0x08, 0x00,
  0x24, 0xff, 0x28, 0x94, 0x10, 0x00, 0x08, 0x00, 0x24, 0x19, 0xa6, 0xbe,
  0x24, 0x98, 0x24, 0x91, 0x25, 0x19, 0xa9, 0xbe, 0x25, 0xff, 0x2a, 0x94,
  0x08, 0x00, 0x08, 0x00, 0x25, 0xff, 0x2b, 0x94, 0x10, 0x00, 0x08, 0x00,
  0x2c, 0x19, 0xae, 0xbe, 0x2c, 0xff, 0x2f, 0x94, 0x08, 0x00, 0x08, 0x00,
  0x2c, 0xff, 0x30, 0x94, 0x10, 0x00, 0x08, 0x00, 0x2c, 0x98, 0x2c, 0x91,
  0x2d, 0xff, 0x32, 0x94, 0x08, 0x00, 0x08, 0x00, 0x2d, 0xff, 0x33, 0x94,
  0x10, 0x00, 0x08, 0x00, 0x25, 0x98, 0x25, 0x91, 0x2d, 0x19, 0xb1, 0xbe,
  0x2d, 0x98, 0x2d, 0x91, 0x10, 0x82, 0x34, 0x8f, 0x34, 0x02, 0x22, 0x7e,
  0x00, 0x40, 0xd8, 0xd8, 0x11, 0x00, 0x00, 0x11, 0x10, 0x81, 0x10, 0x80,
  0x70, 0x3f, 0x8c, 0xbf, 0x14, 0x00, 0x48, 0xd5, 0x0c, 0x11, 0x11, 0x02,
  0x16, 0x00, 0x48, 0xd5, 0x0c, 0x21, 0x11, 0x02, 0x8f, 0x18, 0x24, 0x36,
  0x13, 0x00, 0x48, 0xd5, 0x0c, 0x09, 0x11, 0x02, 0x15, 0x00, 0x48, 0xd5,
  0x0c, 0x19, 0x11, 0x02, 0x17, 0x00, 0x48, 0xd5, 0x0c, 0x29, 0x11, 0x02,
  0x18, 0x00, 0x48, 0xd5, 0x0c, 0x31, 0x11, 0x02, 0xc8, 0x28, 0x28, 0x4a,
  0xc8, 0x2c, 0x2c, 0x4a, 0xc8, 0x24, 0x24, 0x4a, 0x0c, 0x00, 0x48, 0xd5,
  0x0c, 0x39, 0x11, 0x02, 0xc8, 0x26, 0x26, 0x4a, 0xc8, 0x2a, 0x2a, 0x4a,
  0xc8, 0x2e, 0x2e, 0x4a, 0xc8, 0x30, 0x30, 0x4a, 0x8f, 0x1a, 0x32, 0x36,
  0x14, 0x00, 0x69, 0xd5, 0x14, 0x2d, 0x00, 0x02, 0x16, 0x00, 0x69, 0xd5,
  0x16, 0x31, 0x00, 0x02, 0x12, 0x00, 0x69, 0xd5, 0x12, 0x2b, 0x00, 0x02,
  0xc8, 0x18, 0x18, 0x4a, 0x1a, 0x00, 0x48, 0xd5, 0x0d, 0x09, 0x11, 0x02,
  0x13, 0x00, 0x69, 0xd5, 0x13, 0x3d, 0x00, 0x02, 0x15, 0x00, 0x69, 0xd5,
  0x15, 0x3f, 0x00, 0x02, 0x17, 0x00, 0x69, 0xd5, 0x17, 0x41, 0x00, 0x02,
  0x18, 0x00, 0x69, 0xd5, 0x18, 0x27, 0x00, 0x02, 0xc8, 0x32, 0x32, 0x4a,
  0x1b, 0x00, 0x48, 0xd5, 0x0d, 0x11, 0x11, 0x02, 0x0c, 0x00, 0x69, 0xd5,
  0x0c, 0x39, 0x00, 0x02, 0xc8, 0x34, 0x34, 0x4a, 0x1c, 0x00, 0x48, 0xd5,
  0x0d, 0x19, 0x11, 0x02, 0x14, 0x00, 0x6d, 0xd7, 0x14, 0x25, 0x4e, 0x04,
  0x1d, 0x00, 0x48, 0xd5, 0x0d, 0x21, 0x11, 0x02, 0x19, 0x00, 0x69, 0xd5,
  0x19, 0x33, 0x00, 0x02, 0xc8, 0x36, 0x36, 0x4a, 0x1e, 0x00, 0x48, 0xd5,
  0x0d, 0x29, 0x11, 0x02, 0x1a, 0x00, 0x69, 0xd5, 0x1a, 0x43, 0x00, 0x02,
  0xc8, 0x38, 0x38, 0x4a, 0x16, 0x00, 0x6d, 0xd7, 0x16, 0x29, 0x56, 0x04,
  0x1f, 0x00, 0x48, 0xd5, 0x0d, 0x31, 0x11, 0x02, 0xc8, 0x3a, 0x3a, 0x4a,
  0x1b, 0x00, 0x69, 0xd5, 0x1b, 0x35, 0x00, 0x02, 0xc8, 0x3c, 0x3c, 0x4a,
  0x0d, 0x00, 0x48, 0xd5, 0x0d, 0x39, 0x11, 0x02, 0x8f, 0x1c, 0x40, 0x36,
  0x1c, 0x00, 0x69, 0xd5, 0x1c, 0x45, 0x00, 0x02, 0x18, 0x00, 0x6d, 0xd7,
  0x18, 0x2d, 0x5e, 0x04, 0xc8, 0x3e, 0x3e, 0x4a, 0x1d, 0x00, 0x69, 0xd5,
  0x1d, 0x37, 0x00, 0x02, 0x21, 0x00, 0x48, 0xd5, 0x0e, 0x09, 0x11, 0x02,
  0x1e, 0x00, 0x69, 0xd5, 0x1e, 0x47, 0x00, 0x02, 0xc8, 0x1a, 0x1a, 0x4a,
  0xc8, 0x40, 0x40, 0x4a, 0x22, 0x00, 0x48, 0xd5, 0x0e, 0x11, 0x11, 0x02,
  0x19, 0x00, 0x6d, 0xd7, 0x19, 0x31, 0x32, 0x04, 0x1f, 0x00, 0x69, 0xd5,
  0x1f, 0x29, 0x00, 0x02, 0x23, 0x00, 0x48, 0xd5, 0x0e, 0x19, 0x11, 0x02,
  0xc8, 0x42, 0x42, 0x4a, 0x24, 0x00, 0x48, 0xd5, 0x0e, 0x21, 0x11, 0x02,
  0x0d, 0x00, 0x69, 0xd5, 0x0d, 0x3b, 0x00, 0x02, 0x20, 0x00, 0x69, 0xd5,
  0x20, 0x4d, 0x00, 0x02, 0xc8, 0x44, 0x44, 0x4a, 0x1b, 0x00, 0x6d, 0xd7,
  0x1b, 0x33, 0x6a, 0x04, 0x25, 0x00, 0x48, 0xd5, 0x0e, 0x29, 0x11, 0x02,
  0xc8, 0x46, 0x46, 0x4a, 0x21, 0x00, 0x69, 0xd5, 0x21, 0x5d, 0x00, 0x02,
  0xc8, 0x48, 0x48, 0x4a, 0x26, 0x00, 0x48, 0xd5, 0x0e, 0x31, 0x11, 0x02,
  0x22, 0x00, 0x69, 0xd5, 0x22, 0x4f, 0x00, 0x02, 0x1d, 0x00, 0x6d, 0xd7,
  0x1d, 0x37, 0x72, 0x04, 0xc8, 0x4a, 0x4a, 0x4a, 0x0e, 0x00, 0x48, 0xd5,
  0x0e, 0x39, 0x11, 0x02, 0x23, 0x00, 0x69, 0xd5, 0x23, 0x5f, 0x00, 0x02,
  0x24, 0x00, 0x69, 0xd5, 0x24, 0x51, 0x00, 0x02, 0x8f, 0x1e, 0x4e, 0x36,
  0xc8, 0x4c, 0x4c, 0x4a, 0x1f, 0x00, 0x6d, 0xd7, 0x1f, 0x3b, 0x7a, 0x04,
  0x25, 0x00, 0x69, 0xd5, 0x25, 0x61, 0x00, 0x02, 0x28, 0x00, 0x48, 0xd5,
  0x0f, 0x09, 0x11, 0x02, 0xc8, 0x1c, 0x1c, 0x4a, 0x29, 0x00, 0x48, 0xd5,
  0x0f, 0x11, 0x11, 0x02, 0xc8, 0x4e, 0x4e, 0x4a, 0x26, 0x00, 0x69, 0xd5,
  0x26, 0x49, 0x00, 0x02, 0x20, 0x00, 0x6d, 0xd7, 0x20, 0x3f, 0x36, 0x04,
  0x2a, 0x00, 0x48, 0xd5, 0x0f, 0x19, 0x11, 0x02, 0xc8, 0x50, 0x50, 0x4a,
  0x0e, 0x00, 0x69, 0xd5, 0x0e, 0x59, 0x00, 0x02, 0x2b, 0x00, 0x48, 0xd5,
  0x0f, 0x21, 0x11, 0x02, 0xc8, 0x52, 0x52, 0x4a, 0x27, 0x00, 0x69, 0xd5,
  0x27, 0x53, 0x00, 0x02, 0x22, 0x00, 0x6d, 0xd7, 0x22, 0x41, 0x86, 0x04,
  0x2c, 0x00, 0x48, 0xd5, 0x0f, 0x29, 0x11, 0x02, 0xc8, 0x54, 0x54, 0x4a,
  0x28, 0x00, 0x69, 0xd5, 0x28, 0x63, 0x00, 0x02, 0x2d, 0x00, 0x48, 0xd5,
  0x0f, 0x31, 0x11, 0x02, 0xc8, 0x56, 0x56, 0x4a, 0x29, 0x00, 0x69, 0xd5,
  0x29, 0x55, 0x00, 0x02, 0x24, 0x00, 0x6d, 0xd7, 0x24, 0x45, 0x8e, 0x04,
  0xc8, 0x58, 0x58, 0x4a, 0x0f, 0x00, 0x48, 0xd5, 0x0f, 0x39, 0x11, 0x02,
  0x2a, 0x00, 0x69, 0xd5, 0x2a, 0x65, 0x00, 0x02, 0xc8, 0x5a, 0x5a, 0x4a,
  0x2b, 0x00, 0x69, 0xd5, 0x2b, 0x57, 0x00, 0x02, 0x26, 0x00, 0x6d, 0xd7,
  0x26, 0x49, 0x96, 0x04, 0x2c, 0x00, 0x69, 0xd5, 0x2c, 0x67, 0x00, 0x02,
  0xc8, 0x1e, 0x1e, 0x4a, 0x2d, 0x00, 0x69, 0xd5, 0x2d, 0x4b, 0x00, 0x02,
  0x27, 0x00, 0x6d, 0xd7, 0x27, 0x4d, 0x3a, 0x04, 0x0f, 0x00, 0x69, 0xd5,
  0x0f, 0x5b, 0x00, 0x02, 0x29, 0x00, 0x6d, 0xd7, 0x29, 0x4f, 0xa2, 0x04,
  0x2b, 0x00, 0x6d, 0xd7, 0x2b, 0x53, 0xaa, 0x04, 0x2d, 0x00, 0x6d, 0xd7,
  0x2d, 0x57, 0xb2, 0x04, 0x2d, 0x1f, 0x5a, 0x4a, 0x2d, 0x0b, 0x5a, 0x7e,
  0x2d, 0x17, 0x5a, 0x10, 0x7f, 0xc0, 0x8c, 0xbf, 0x11, 0x5b, 0x22, 0x10,
  0x08, 0x23, 0x10, 0x06, 0x10, 0x0b, 0x09, 0xbf, 0xe1, 0xfe, 0x84, 0xbf,
  0x00, 0xc8, 0x34, 0xd8, 0x09, 0x08, 0x00, 0x00, 0xff, 0x0e, 0x0e, 0x4a,
  0x00, 0x01, 0x00, 0x00, 0xa1, 0xfd, 0x82, 0xbf, 0x01, 0x04, 0x08, 0xf4,
  0x40, 0x00, 0x00, 0xfa, 0xc1, 0x03, 0xfe, 0xbe, 0xe3, 0xff, 0xa3, 0xbf,
  0x00, 0x00, 0x8a, 0xbf, 0x9f, 0x00, 0x0e, 0x36, 0x85, 0x00, 0x10, 0x2c,
  0x81, 0x0e, 0x0e, 0x34, 0x08, 0x00, 0x46, 0xd7, 0x08, 0x0d, 0x1d, 0x04,
  0x82, 0x10, 0x10, 0x34, 0x00, 0x88, 0xd8, 0xd9, 0x08, 0x00, 0x00, 0x0a,
  0x7f, 0xc0, 0x8c, 0xbf, 0x88, 0x02, 0x20, 0xf4, 0x54, 0x00, 0x00, 0xfa,
  0xff, 0x03, 0x8b, 0xbe, 0xbc, 0xe7, 0x87, 0x3e, 0x85, 0x0c, 0x18, 0x2c,
  0x9f, 0x0c, 0x12, 0x36, 0x07, 0x0d, 0x0e, 0x7e, 0xff, 0x00, 0x1a, 0x4a,
  0x00, 0x02, 0x00, 0x00, 0x81, 0x12, 0x12, 0x34, 0xff, 0x00, 0x1e, 0x4a,
  0x00, 0x03, 0x00, 0x00, 0x0b, 0x0e, 0x0e, 0x10, 0x9f, 0x1a, 0x1c, 0x36,
  0x85, 0x1a, 0x1a, 0x2c, 0x0c, 0x00, 0x46, 0xd7, 0x0c, 0x0d, 0x25, 0x04,
  0x09, 0x0d, 0x12, 0x7e, 0x9f, 0x1e, 0x20, 0x36, 0x85, 0x1e, 0x1e, 0x2c,
  0x07, 0x00, 0xa5, 0xd5, 0x07, 0x01, 0x01, 0x22, 0x81, 0x1c, 0x1c, 0x34,
  0x82, 0x18, 0x18, 0x34, 0x0b, 0x12, 0x12, 0x10, 0x81, 0x20, 0x20, 0x34,
  0xff, 0x00, 0x22, 0x4a, 0x00, 0x04, 0x00, 0x00, 0x0d, 0x00, 0x46, 0xd7,
  0x0d, 0x0d, 0x39, 0x04, 0x0e, 0x0d, 0x1c, 0x7e, 0x7f, 0xc0, 0x8c, 0xbf,
  0x0a, 0x0c, 0x24, 0x7e, 0x09, 0x00, 0xa5, 0xd5, 0x09, 0x01, 0x01, 0x22,
  0x0f, 0x00, 0x46, 0xd7, 0x0f, 0x0d, 0x41, 0x04, 0x10, 0x0d, 0x20, 0x7e,
  0x14, 0x00, 0xc4, 0xd4, 0xff, 0x22, 0x02, 0x02, 0x00, 0x04, 0x00, 0x00,
  0x82, 0x1a, 0x1a, 0x34, 0x0b, 0x1c, 0x1c, 0x10, 0xf8, 0x24, 0x24, 0x10,
  0x82, 0x1e, 0x1e, 0x34, 0x0b, 0x20, 0x20, 0x10, 0x0e, 0x00, 0xa5, 0xd5,
  0x0e, 0x01, 0x01, 0x22, 0x12, 0x0f, 0x0e, 0x10, 0x10, 0x00, 0xa5, 0xd5,
  0x10, 0x01, 0x01, 0x22, 0x07, 0x6d, 0x26, 0x7e, 0x07, 0x6b, 0x0e, 0x7e,
  0x0a, 0x27, 0x28, 0x10, 0x0b, 0x0f, 0x2a, 0x10, 0x0b, 0x27, 0x16, 0x10,
  0x0a, 0x0f, 0x14, 0x10, 0x14, 0x2b, 0x28, 0x08, 0x0a, 0x17, 0x2a, 0x06,
  0x00, 0x88, 0x34, 0xd9, 0x08, 0x14, 0x00, 0x00, 0x00, 0x88, 0xd8, 0xd9,
  0x0c, 0x00, 0x00, 0x0a, 0x12, 0x13, 0x12, 0x10, 0x12, 0x1d, 0x1c, 0x10,
  0x12, 0x21, 0x20, 0x10, 0x09, 0x6d, 0x2c, 0x7e, 0x09, 0x6b, 0x12, 0x7e,
  0x0e, 0x6d, 0x2e, 0x7e, 0x0e, 0x6b, 0x1c, 0x7e, 0x10, 0x6d, 0x30, 0x7e,
  0x10, 0x6b, 0x20, 0x7e, 0x7f, 0xc0, 0x8c, 0xbf, 0x0a, 0x2d, 0x32, 0x10,
  0x0b, 0x13, 0x34, 0x10, 0x0b, 0x2d, 0x16, 0x10, 0x0a, 0x13, 0x14, 0x10,
  0x19, 0x35, 0x28, 0x08, 0x0a, 0x17, 0x2a, 0x06, 0x00, 0x88, 0x34, 0xd9,
  0x0c, 0x14, 0x00, 0x00, 0x00, 0x88, 0xd8, 0xd9, 0x0d, 0x00, 0x00, 0x0a,
  0x7f, 0xc0, 0x8c, 0xbf, 0x0a, 0x2f, 0x36, 0x10, 0x0a, 0x1d, 0x14, 0x10,
  0x0b, 0x1d, 0x38, 0x10, 0x0b, 0x2f, 0x16, 0x10, 0x1b, 0x39, 0x28, 0x08,
  0x0a, 0x17, 0x2a, 0x06, 0x00, 0x88, 0x34, 0xd9, 0x0d, 0x14, 0x00, 0x00,
  0x00, 0x88, 0xd8, 0xd9, 0x0f, 0x00, 0x00, 0x0a, 0x7f, 0xc0, 0x8c, 0xbf,
  0x0b, 0x21, 0x3c, 0x10, 0x0a, 0x31, 0x3a, 0x10, 0x0a, 0x21, 0x14, 0x10,
  0x0b, 0x31, 0x16, 0x10, 0x1d, 0x3d, 0x28, 0x08, 0x0a, 0x17, 0x2a, 0x06,
  0x00, 0x88, 0x34, 0xd9, 0x0f, 0x14, 0x00, 0x00, 0x14, 0x03, 0xfe, 0xbe,
  0x19, 0x00, 0x88, 0xbf, 0x9f, 0x22, 0x14, 0x36, 0x85, 0x22, 0x16, 0x2c,
  0x81, 0x14, 0x14, 0x34, 0x0b, 0x00, 0x46, 0xd7, 0x0b, 0x0d, 0x29, 0x04,
  0x82, 0x16, 0x16, 0x34, 0x00, 0x88, 0xd8, 0xd9, 0x0b, 0x00, 0x00, 0x14,
  0x0a, 0x0d, 0x14, 0x7e, 0xff, 0x14, 0x14, 0x10, 0xbc, 0xe7, 0x87, 0x3e,
  0x0a, 0x00, 0xa5, 0xd5, 0x0a, 0x01, 0x01, 0x22, 0x12, 0x15, 0x14, 0x10,
  0x0a, 0x6d, 0x32, 0x7e, 0x0a, 0x6b, 0x14, 0x7e, 0x7f, 0xc0, 0x8c, 0xbf,
  0x14, 0x33, 0x34, 0x10, 0x15, 0x15, 0x36, 0x10, 0x15, 0x33, 0x2a, 0x10,
  0x14, 0x15, 0x28, 0x10, 0x1a, 0x37, 0x34, 0x08, 0x14, 0x2b, 0x36, 0x06,
  0x00, 0x88, 0x34, 0xd9, 0x0b, 0x1a, 0x00, 0x00, 0xc1, 0x03, 0xfe, 0xbe,
  0x00, 0xa8, 0xd8, 0xd9, 0x08, 0x00, 0x00, 0x0a, 0x7f, 0xc0, 0x8c, 0xbf,
  0x0a, 0x27, 0x28, 0x10, 0x0b, 0x0f, 0x2a, 0x10, 0x0a, 0x0f, 0x14, 0x10,
  0x0b, 0x27, 0x16, 0x10, 0x14, 0x2b, 0x28, 0x08, 0x0a, 0x17, 0x2a, 0x06,
  0x00, 0xa8, 0x34, 0xd9, 0x08, 0x14, 0x00, 0x00, 0x00, 0xa8, 0xd8, 0xd9,
  0x0c, 0x00, 0x00, 0x0a, 0x7f, 0xc0, 0x8c, 0xbf, 0x0a, 0x2d, 0x32, 0x10,
  0x0b, 0x13, 0x34, 0x10, 0x0a, 0x13, 0x14, 0x10, 0x0b, 0x2d, 0x16, 0x10,
  0x19, 0x35, 0x28, 0x08, 0x0a, 0x17, 0x2a, 0x06, 0x00, 0xa8, 0x34, 0xd9,
  0x0c, 0x14, 0x00, 0x00, 0x00, 0xa8, 0xd8, 0xd9, 0x0d, 0x00, 0x00, 0x08,
  0x7f, 0xc0, 0x8c, 0xbf, 0x08, 0x2f, 0x36, 0x10, 0x09, 0x1d, 0x38, 0x10,
  0x09, 0x2f, 0x12, 0x10, 0x08, 0x1d, 0x10, 0x10, 0x1b, 0x39, 0x14, 0x08,
  0x08, 0x13, 0x16, 0x06, 0x00, 0xa8, 0x34, 0xd9, 0x0d, 0x0a, 0x00, 0x00,
  0x00, 0xa8, 0xd8, 0xd9, 0x0f, 0x00, 0x00, 0x08, 0x7f, 0xc0, 0x8c, 0xbf,
  0x08, 0x31, 0x3a, 0x10, 0x09, 0x21, 0x3c, 0x10, 0x09, 0x31, 0x12, 0x10,
  0x08, 0x21, 0x10, 0x10, 0x1d, 0x3d, 0x14, 0x08, 0x08, 0x13, 0x16, 0x06,
  0x00, 0xa8, 0x34, 0xd9, 0x0f, 0x0a, 0x00, 0x00, 0x14, 0x03, 0xfe, 0xbe,
  0x19, 0x00, 0x88, 0xbf, 0x9f, 0x22, 0x0e, 0x36, 0x85, 0x22, 0x22, 0x2c,
  0x81, 0x0e, 0x0e, 0x34, 0x11, 0x00, 0x46, 0xd7, 0x11, 0x0d, 0x1d, 0x04,
  0x82, 0x22, 0x22, 0x34, 0x00, 0xa8, 0xd8, 0xd9, 0x11, 0x00, 0x00, 0x08,
  0x07, 0x0d, 0x0e, 0x7e, 0xff, 0x0e, 0x0e, 0x10, 0xbc, 0xe7, 0x87, 0x3e,
  0x07, 0x00, 0xa5, 0xd5, 0x07, 0x01, 0x01, 0x22, 0x12, 0x0f, 0x24, 0x10,
  0x12, 0x6d, 0x14, 0x7e, 0x12, 0x6b, 0x24, 0x7e, 0x7f, 0xc0, 0x8c, 0xbf,
  0x08, 0x15, 0x16, 0x10, 0x09, 0x25, 0x18, 0x10, 0x09, 0x15, 0x12, 0x10,
  0x08, 0x25, 0x10, 0x10, 0x0b, 0x19, 0x18, 0x08, 0x08, 0x13, 0x1a, 0x06,
  0x00, 0xa8, 0x34, 0xd9, 0x11, 0x0c, 0x00, 0x00, 0xc1, 0x03, 0xfe, 0xbe,
  0xe3, 0xff, 0xa3, 0xbf, 0x00, 0x00, 0x8a, 0xbf, 0xa8, 0xac, 0xe0, 0xd8,
  0x01, 0x00, 0x00, 0x08, 0x01, 0x05, 0x08, 0xf4, 0x50, 0x00, 0x00, 0xfa,
  0x07, 0x00, 0x46, 0xd7, 0x0a, 0x16, 0x01, 0x04, 0x82, 0x0e, 0x0e, 0x34,
  0x7f, 0xc0, 0x8c, 0xbf, 0x00, 0x10, 0x70, 0xe0, 0x07, 0x08, 0x05, 0x80,
  0xc8, 0xcc, 0xe0, 0xd8, 0x01, 0x00, 0x00, 0x0a, 0xff, 0x0e, 0x10, 0x4a,
  0x00, 0x00, 0x40, 0x00, 0x7f, 0xc0, 0x8c, 0xbf, 0x00, 0x10, 0x70, 0xe0,
  0x08, 0x0a, 0x05, 0x80, 0x00, 0x14, 0x70, 0xe0, 0x07, 0x09, 0x05, 0x80,
  0xff, 0x0e, 0x12, 0x4a, 0x00, 0x04, 0x40, 0x00, 0x00, 0x10, 0x70, 0xe0,
  0x09, 0x0b, 0x05, 0x80, 0xb0, 0xb4, 0xe0, 0xd8, 0x01, 0x00, 0x00, 0x08,
  0x7f, 0xc0, 0x8c, 0xbf, 0x00, 0x18, 0x70, 0xe0, 0x07, 0x08, 0x05, 0x80,
  0xd0, 0xd4, 0xe0, 0xd8, 0x01, 0x00, 0x00, 0x0a, 0xff, 0x0e, 0x18, 0x4a,
  0x00, 0x08, 0x40, 0x00, 0xff, 0x0e, 0x1a, 0x4a, 0x00, 0x0c, 0x40, 0x00,
  0x7f, 0xc0, 0x8c, 0xbf, 0x00, 0x10, 0x70, 0xe0, 0x0c, 0x0a, 0x05, 0x80,
  0x00, 0x1c, 0x70, 0xe0, 0x07, 0x09, 0x05, 0x80, 0x00, 0x10, 0x70, 0xe0,
  0x0d, 0x0b, 0x05, 0x80, 0xb8, 0xbc, 0xe0, 0xd8, 0x01, 0x00, 0x00, 0x08,
  0xff, 0x0e, 0x1c, 0x4a, 0x00, 0x10, 0x00, 0x00, 0x7f, 0xc0, 0x8c, 0xbf,
  0x00, 0x10, 0x70, 0xe0, 0x0e, 0x08, 0x05, 0x80, 0xd8, 0xdc, 0xe0, 0xd8,
  0x01, 0x00, 0x00, 0x0a, 0xff, 0x0e, 0x1e, 0x4a, 0x00, 0x10, 0x40, 0x00,
  0xff, 0x0e, 0x20, 0x4a, 0x00, 0x14, 0x00, 0x00, 0xff, 0x0e, 0x22, 0x4a,
  0x00, 0x14, 0x40, 0x00, 0x7f, 0xc0, 0x8c, 0xbf, 0x00, 0x10, 0x70, 0xe0,
  0x0f, 0x0a, 0x05, 0x80, 0x00, 0x10, 0x70, 0xe0, 0x10, 0x09, 0x05, 0x80,
  0x00, 0x10, 0x70, 0xe0, 0x11, 0x0b, 0x05, 0x80, 0xc0, 0xc4, 0xe0, 0xd8,
  0x01, 0x00, 0x00, 0x08, 0xff, 0x0e, 0x24, 0x4a, 0x00, 0x18, 0x00, 0x00,
  0x7f, 0xc0, 0x8c, 0xbf, 0x00, 0x10, 0x70, 0xe0, 0x12, 0x08, 0x05, 0x80,
  0xe0, 0xe4, 0xe0, 0xd8, 0x01, 0x00, 0x00, 0x0a, 0xff, 0x0e, 0x26, 0x4a,
  0x00, 0x18, 0x40, 0x00, 0xff, 0x0e, 0x28, 0x4a, 0x00, 0x1c, 0x00, 0x00,
  0xff, 0x0e, 0x2a, 0x4a, 0x00, 0x1c, 0x40, 0x00, 0x7f, 0xc0, 0x8c, 0xbf,
  0x00, 0x10, 0x70, 0xe0, 0x13, 0x0a, 0x05, 0x80, 0x00, 0x10, 0x70, 0xe0,
  0x14, 0x09, 0x05, 0x80, 0x00, 0x10, 0x70, 0xe0, 0x15, 0x0b, 0x05, 0x80,
  0x6a, 0x03, 0xfe, 0xbe, 0x0b, 0x00, 0x88, 0xbf, 0xc8, 0xe8, 0xe0, 0xd8,
  0x01, 0x00, 0x00, 0x08, 0xff, 0x0e, 0x14, 0x4a, 0x00, 0x20, 0x00, 0x00,
  0xff, 0x0e, 0x0e, 0x4a, 0x00, 0x20, 0x40, 0x00, 0x7f, 0xc0, 0x8c, 0xbf,
  0x00, 0x10, 0x70, 0xe0, 0x0a, 0x08, 0x05, 0x80, 0x00, 0x10, 0x70, 0xe0,
  0x07, 0x09, 0x05, 0x80, 0xc1, 0x03, 0xfe, 0xbe, 0x00, 0x00, 0xfd, 0xbb,
  0x00, 0x00, 0x8a, 0xbf, 0x00, 0x03, 0x0e, 0x7e, 0x7e, 0x03, 0x8b, 0xbe,
  0xff, 0x0e, 0xa6, 0x7d, 0x00, 0x08, 0x00, 0x00, 0x0b, 0x7e, 0x0b, 0x8a,
  0x3f, 0x02, 0x84, 0xbf, 0x0b, 0x03, 0xfe, 0xbe, 0x80, 0x03, 0x8b, 0xbe,
  0xff, 0x02, 0x10, 0x7e, 0xff, 0xff, 0x7f, 0xff, 0x09, 0x01, 0x82, 0xbf,
  0xff, 0x0e, 0x12, 0x36, 0xc0, 0xff, 0xff, 0xff, 0x82, 0x12, 0x14, 0x34,
  0x09, 0x00, 0x46, 0xd7, 0x0b, 0x16, 0x25, 0x04, 0x82, 0x12, 0x12, 0x34,
  0x0f, 0x00, 0xa1, 0xbf, 0x00, 0x10, 0x38, 0xe0, 0x09, 0x0c, 0x05, 0x80,
  0x10, 0x10, 0x38, 0xe0, 0x09, 0x10, 0x05, 0x80, 0x20, 0x10, 0x38, 0xe0,
  0x09, 0x14, 0x05, 0x80, 0x30, 0x10, 0x38, 0xe0, 0x09, 0x18, 0x05, 0x80,
  0x40, 0x10, 0x38, 0xe0, 0x09, 0x1c, 0x05, 0x80, 0x50, 0x10, 0x38, 0xe0,
  0x09, 0x20, 0x05, 0x80, 0x60, 0x10, 0x38, 0xe0, 0x09, 0x24, 0x05, 0x80,
  0x70, 0x10, 0x38, 0xe0, 0x09, 0x28, 0x05, 0x80, 0x80, 0x10, 0x38, 0xe0,
  0x09, 0x2c, 0x05, 0x80, 0x90, 0x10, 0x38, 0xe0, 0x09, 0x30, 0x05, 0x80,
  0xa0, 0x10, 0x38, 0xe0, 0x09, 0x34, 0x05, 0x80, 0xb0, 0x10, 0x38, 0xe0,
  0x09, 0x38, 0x05, 0x80, 0xc0, 0x10, 0x38, 0xe0, 0x09, 0x3c, 0x05, 0x80,
  0xd0, 0x10, 0x38, 0xe0, 0x09, 0x40, 0x05, 0x80, 0xe0, 0x10, 0x38, 0xe0,
  0x09, 0x44, 0x05, 0x80, 0xf0, 0x10, 0x38, 0xe0, 0x09, 0x48, 0x05, 0x80,
  0x00, 0x88, 0xd8, 0xd9, 0x0a, 0x00, 0x00, 0x4c, 0x08, 0x88, 0xd8, 0xd9,
  0x0a, 0x00, 0x00, 0x4e, 0x10, 0x88, 0xd8, 0xd9, 0x0a, 0x00, 0x00, 0x50,
  0x18, 0x88, 0xd8, 0xd9, 0x0a, 0x00, 0x00, 0x52, 0x20, 0x88, 0xd8, 0xd9,
  0x0a, 0x00, 0x00, 0x54, 0x28, 0x88, 0xd8, 0xd9, 0x0a, 0x00, 0x00, 0x56,
  0x30, 0x88, 0xd8, 0xd9, 0x0a, 0x00, 0x00, 0x58, 0x38, 0x88, 0xd8, 0xd9,
  0x0a, 0x00, 0x00, 0x5a, 0x40, 0x88, 0xd8, 0xd9, 0x0a, 0x00, 0x00, 0x5c,
  0x48, 0x88, 0xd8, 0xd9, 0x0a, 0x00, 0x00, 0x5e, 0x50, 0x88, 0xd8, 0xd9,
  0x0a, 0x00, 0x00, 0x60, 0x58, 0x88, 0xd8, 0xd9, 0x0a, 0x00, 0x00, 0x62,
  0x60, 0x88, 0xd8, 0xd9, 0x0a, 0x00, 0x00, 0x64, 0x68, 0x88, 0xd8, 0xd9,
  0x0a, 0x00, 0x00, 0x66, 0x70, 0x88, 0xd8, 0xd9, 0x0a, 0x00, 0x00, 0x68,
  0x78, 0x88, 0xd8, 0xd9, 0x0a, 0x00, 0x00, 0x6a, 0x80, 0x88, 0xd8, 0xd9,
  0x0a, 0x00, 0x00, 0x6c, 0x88, 0x88, 0xd8, 0xd9, 0x0a, 0x00, 0x00, 0x6e,
  0x90, 0x88, 0xd8, 0xd9, 0x0a, 0x00, 0x00, 0x70, 0x98, 0x88, 0xd8, 0xd9,
  0x0a, 0x00, 0x00, 0x72, 0xa0, 0x88, 0xd8, 0xd9, 0x0a, 0x00, 0x00, 0x74,
  0xa8, 0x88, 0xd8, 0xd9, 0x0a, 0x00, 0x00, 0x76, 0xb0, 0x88, 0xd8, 0xd9,
  0x0a, 0x00, 0x00, 0x78, 0xb8, 0x88, 0xd8, 0xd9, 0x0a, 0x00, 0x00, 0x7a,
  0xc0, 0x88, 0xd8, 0xd9, 0x0a, 0x00, 0x00, 0x7c, 0xc8, 0x88, 0xd8, 0xd9,
  0x0a, 0x00, 0x00, 0x7e, 0xd0, 0x88, 0xd8, 0xd9, 0x0a, 0x00, 0x00, 0x80,
  0xd8, 0x88, 0xd8, 0xd9, 0x0a, 0x00, 0x00, 0x82, 0xe0, 0x88, 0xd8, 0xd9,
  0x0a, 0x00, 0x00, 0x84, 0xe8, 0x88, 0xd8, 0xd9, 0x0a, 0x00, 0x00, 0x86,
  0xf0, 0x88, 0xd8, 0xd9, 0x0a, 0x00, 0x00, 0x88, 0xf8, 0x88, 0xd8, 0xd9,
  0x0a, 0x00, 0x00, 0x0a, 0x0b, 0x81, 0x0b, 0x80, 0x7f, 0x1f, 0x8c, 0xbf,
  0x4c, 0x19, 0x98, 0x10, 0x4d, 0x1b, 0x9a, 0x10, 0x7f, 0xde, 0x8c, 0xbf,
  0x4e, 0x1d, 0x9c, 0x10, 0x4f, 0x1f, 0x9e, 0x10, 0x7e, 0x1c, 0x8c, 0xbf,
  0x52, 0x25, 0xa4, 0x10, 0x53, 0x27, 0xa6, 0x10, 0x50, 0x21, 0xa0, 0x10,
  0x51, 0x23, 0xa2, 0x10, 0x7d, 0x1b, 0x8c, 0xbf, 0x54, 0x29, 0xa8, 0x10,
  0x55, 0x2b, 0xaa, 0x10, 0x7f, 0xda, 0x8c, 0xbf, 0x56, 0x2d, 0xac, 0x10,
  0x57, 0x2f, 0xae, 0x10, 0x4c, 0x9b, 0x98, 0x06, 0x7c, 0x19, 0x8c, 0xbf,
  0x58, 0x31, 0xb0, 0x10, 0x59, 0x33, 0xb2, 0x10, 0x7f, 0xd8, 0x8c, 0xbf,
  0x5a, 0x35, 0xb4, 0x10, 0x5b, 0x37, 0xb6, 0x10, 0x7b, 0x17, 0x8c, 0xbf,
  0x5c, 0x39, 0xb8, 0x10, 0x5d, 0x3b, 0xba, 0x10, 0x4c, 0x9d, 0x98, 0x06,
  0x7f, 0xd6, 0x8c, 0xbf, 0x5e, 0x3d, 0xbc, 0x10, 0x4c, 0x9f, 0x98, 0x06,
  0x5f, 0x3f, 0xbe, 0x10, 0x4c, 0xa1, 0x98, 0x06, 0x7a, 0x15, 0x8c, 0xbf,
  0x60, 0x41, 0xc0, 0x10, 0x4c, 0xa3, 0x98, 0x06, 0x61, 0x43, 0xc2, 0x10,
  0x4c, 0xa5, 0x98, 0x06, 0x7f, 0xd4, 0x8c, 0xbf, 0x62, 0x45, 0xc4, 0x10,
  0x4c, 0xa7, 0x98, 0x06, 0x63, 0x47, 0xc6, 0x10, 0x4c, 0xa9, 0x98, 0x06,
  0x79, 0x13, 0x8c, 0xbf, 0x64, 0x49, 0xc8, 0x10, 0x4c, 0xab, 0x98, 0x06,
  0x65, 0x4b, 0xca, 0x10, 0x4c, 0xad, 0x98, 0x06, 0x7f, 0xd2, 0x8c, 0xbf,
  0x66, 0x4d, 0xcc, 0x10, 0x4c, 0xaf, 0x98, 0x06, 0x67, 0x4f, 0xce, 0x10,
  0x4c, 0xb1, 0x98, 0x06, 0x78, 0x11, 0x8c, 0xbf, 0x68, 0x51, 0xd0, 0x10,
  0x4c, 0xb3, 0x98, 0x06, 0x69, 0x53, 0xd2, 0x10, 0x4c, 0xb5, 0x98, 0x06,
  0x7f, 0xd0, 0x8c, 0xbf, 0x6a, 0x55, 0xd4, 0x10, 0x4c, 0xb7, 0x98, 0x06,
  0x6b, 0x57, 0xd6, 0x10, 0x4c, 0xb9, 0x98, 0x06, 0x77, 0x0f, 0x8c, 0xbf,
  0x6c, 0x59, 0xd8, 0x10, 0x4c, 0xbb, 0x98, 0x06, 0x6d, 0x5b, 0xda, 0x10,
  0x4c, 0xbd, 0x98, 0x06, 0x7f, 0xce, 0x8c, 0xbf, 0x6e, 0x5d, 0xdc, 0x10,
  0x4c, 0xbf, 0x98, 0x06, 0x6f, 0x5f, 0xde, 0x10, 0x4c, 0xc1, 0x98, 0x06,
  0x76, 0x0d, 0x8c, 0xbf, 0x70, 0x61, 0xe0, 0x10, 0x4c, 0xc3, 0x98, 0x06,
  0x71, 0x63, 0xe2, 0x10, 0x4c, 0xc5, 0x98, 0x06, 0x7f, 0xcc, 0x8c, 0xbf,
  0x72, 0x65, 0xe4, 0x10, 0x4c, 0xc7, 0x98, 0x06, 0x73, 0x67, 0xe6, 0x10,
  0x4c, 0xc9, 0x98, 0x06, 0x75, 0x0b, 0x8c, 0xbf, 0x74, 0x69, 0xe8, 0x10,
  0x4c, 0xcb, 0x98, 0x06, 0x75, 0x6b, 0xea, 0x10, 0x4c, 0xcd, 0x98, 0x06,
  0x7f, 0xca, 0x8c, 0xbf, 0x76, 0x6d, 0xec, 0x10, 0x4c, 0xcf, 0x98, 0x06,
  0x77, 0x6f, 0xee, 0x10, 0x4c, 0xd1, 0x98, 0x06, 0x74, 0x09, 0x8c, 0xbf,
  0x78, 0x71, 0xf0, 0x10, 0x4c, 0xd3, 0x98, 0x06, 0x79, 0x73, 0xf2, 0x10,
  0x4c, 0xd5, 0x98, 0x06, 0x7f, 0xc8, 0x8c, 0xbf, 0x7a, 0x75, 0xf4, 0x10,
  0x4c, 0xd7, 0x98, 0x06, 0x7b, 0x77, 0xf6, 0x10, 0x4c, 0xd9, 0x98, 0x06,
  0x73, 0x07, 0x8c, 0xbf, 0x7c, 0x79, 0xf8, 0x10, 0x4c, 0xdb, 0x98, 0x06,
  0x7d, 0x7b, 0xfa, 0x10, 0x4c, 0xdd, 0x98, 0x06, 0x7f, 0xc6, 0x8c, 0xbf,
  0x7e, 0x7d, 0xfc, 0x10, 0x4c, 0xdf, 0x98, 0x06, 0x7f, 0x7f, 0xfe, 0x10,
  0x4c, 0xe1, 0x98, 0x06, 0x72, 0x05, 0x8c, 0xbf, 0x80, 0x81, 0x00, 0x11,
  0x4c, 0xe3, 0x98, 0x06, 0x81, 0x83, 0x02, 0x11, 0x4c, 0xe5, 0x98, 0x06,
  0x7f, 0xc4, 0x8c, 0xbf, 0x82, 0x85, 0x04, 0x11, 0x4c, 0xe7, 0x98, 0x06,
  0x83, 0x87, 0x06, 0x11, 0x4c, 0xe9, 0x98, 0x06, 0x71, 0x03, 0x8c, 0xbf,
  0x84, 0x89, 0x08, 0x11, 0x4c, 0xeb, 0x98, 0x06, 0x85, 0x8b, 0x0a, 0x11,
  0x4c, 0xed, 0x98, 0x06, 0x7f, 0xc2, 0x8c, 0xbf, 0x86, 0x8d, 0x0c, 0x11,
  0x4c, 0xef, 0x98, 0x06, 0x87, 0x8f, 0x0e, 0x11, 0x4c, 0xf1, 0x98, 0x06,
  0x70, 0x01, 0x8c, 0xbf, 0x88, 0x91, 0x10, 0x11, 0x4c, 0xf3, 0x98, 0x06,
  0x89, 0x93, 0x12, 0x11, 0x4c, 0xf5, 0x98, 0x06, 0x7f, 0xc0, 0x8c, 0xbf,
  0x0a, 0x95, 0x14, 0x10, 0x4c, 0xf7, 0x98, 0x06, 0x0b, 0x97, 0x16, 0x10,
  0x4c, 0xf9, 0x98, 0x06, 0x4c, 0xfb, 0x98, 0x06, 0x4c, 0xfd, 0x98, 0x06,
  0x4c, 0xff, 0x98, 0x06, 0x4c, 0x01, 0x99, 0x06, 0x4c, 0x03, 0x99, 0x06,
  0x4c, 0x05, 0x99, 0x06, 0x4c, 0x07, 0x99, 0x06, 0x4c, 0x09, 0x99, 0x06,
  0x4c, 0x0b, 0x99, 0x06, 0x4c, 0x0d, 0x99, 0x06, 0x4c, 0x0f, 0x99, 0x06,
  0x4c, 0x11, 0x99, 0x06, 0x4c, 0x13, 0x99, 0x06, 0x4c, 0x15, 0x98, 0x06,
  0x4c, 0x17, 0x98, 0x06, 0xff, 0x98, 0x98, 0x10, 0x00, 0x00, 0x00, 0x3e,
  0x08, 0x99, 0x10, 0x20, 0x0a, 0x0b, 0x0a, 0xbf, 0xf5, 0xfe, 0x84, 0xbf,
  0xbf, 0x0e, 0x12, 0x36, 0x80, 0x03, 0x8b, 0xbe, 0x0a, 0x00, 0x00, 0xd7,
  0x80, 0x00, 0x01, 0x02, 0x17, 0x01, 0x82, 0xbf, 0xff, 0x0e, 0x18, 0x36,
  0xc0, 0xff, 0xff, 0xff, 0x82, 0x18, 0x1a, 0x34, 0x0c, 0x00, 0x46, 0xd7,
  0x0b, 0x16, 0x31, 0x04, 0x82, 0x18, 0x1c, 0x34, 0x0c, 0x00, 0x47, 0xd7,
  0x0c, 0x13, 0x0a, 0x02, 0xff, 0x18, 0x18, 0x4a, 0x00, 0x00, 0x40, 0x00,
  0x10, 0x00, 0xa1, 0xbf, 0x00, 0x10, 0x38, 0xe0, 0x0e, 0x10, 0x05, 0x80,
  0x10, 0x10, 0x38, 0xe0, 0x0e, 0x14, 0x05, 0x80, 0x20, 0x10, 0x38, 0xe0,
  0x0e, 0x18, 0x05, 0x80, 0x30, 0x10, 0x38, 0xe0, 0x0e, 0x1c, 0x05, 0x80,
  0x40, 0x10, 0x38, 0xe0, 0x0e, 0x20, 0x05, 0x80, 0x50, 0x10, 0x38, 0xe0,
  0x0e, 0x24, 0x05, 0x80, 0x60, 0x10, 0x38, 0xe0, 0x0e, 0x28, 0x05, 0x80,
  0x70, 0x10, 0x38, 0xe0, 0x0e, 0x2c, 0x05, 0x80, 0x80, 0x10, 0x38, 0xe0,
  0x0e, 0x30, 0x05, 0x80, 0x90, 0x10, 0x38, 0xe0, 0x0e, 0x34, 0x05, 0x80,
  0xa0, 0x10, 0x38, 0xe0, 0x0e, 0x38, 0x05, 0x80, 0xb0, 0x10, 0x38, 0xe0,
  0x0e, 0x3c, 0x05, 0x80, 0xc0, 0x10, 0x38, 0xe0, 0x0e, 0x40, 0x05, 0x80,
  0xd0, 0x10, 0x38, 0xe0, 0x0e, 0x44, 0x05, 0x80, 0xe0, 0x10, 0x38, 0xe0,
  0x0e, 0x48, 0x05, 0x80, 0xf0, 0x10, 0x38, 0xe0, 0x0e, 0x4c, 0x05, 0x80,
  0x00, 0x10, 0x30, 0xe0, 0x0c, 0x0c, 0x05, 0x80, 0x00, 0x88, 0xd8, 0xd9,
  0x0d, 0x00, 0x00, 0x0e, 0x08, 0x88, 0xd8, 0xd9, 0x0d, 0x00, 0x00, 0x50,
  0x10, 0x88, 0xd8, 0xd9, 0x0d, 0x00, 0x00, 0x52, 0x18, 0x88, 0xd8, 0xd9,
  0x0d, 0x00, 0x00, 0x54, 0x20, 0x88, 0xd8, 0xd9, 0x0d, 0x00, 0x00, 0x56,
  0x28, 0x88, 0xd8, 0xd9, 0x0d, 0x00, 0x00, 0x58, 0x30, 0x88, 0xd8, 0xd9,
  0x0d, 0x00, 0x00, 0x5a, 0x38, 0x88, 0xd8, 0xd9, 0x0d, 0x00, 0x00, 0x5c,
  0x40, 0x88, 0xd8, 0xd9, 0x0d, 0x00, 0x00, 0x5e, 0x48, 0x88, 0xd8, 0xd9,
  0x0d, 0x00, 0x00, 0x60, 0x50, 0x88, 0xd8, 0xd9, 0x0d, 0x00, 0x00, 0x62,
  0x58, 0x88, 0xd8, 0xd9, 0x0d, 0x00, 0x00, 0x64, 0x60, 0x88, 0xd8, 0xd9,
  0x0d, 0x00, 0x00, 0x66, 0x68, 0x88, 0xd8, 0xd9, 0x0d, 0x00, 0x00, 0x68,
  0x70, 0x88, 0xd8, 0xd9, 0x0d, 0x00, 0x00, 0x6a, 0x78, 0x88, 0xd8, 0xd9,
  0x0d, 0x00, 0x00, 0x6c, 0x80, 0x88, 0xd8, 0xd9, 0x0d, 0x00, 0x00, 0x6e,
  0x88, 0x88, 0xd8, 0xd9, 0x0d, 0x00, 0x00, 0x70, 0x90, 0x88, 0xd8, 0xd9,
  0x0d, 0x00, 0x00, 0x72, 0x98, 0x88, 0xd8, 0xd9, 0x0d, 0x00, 0x00, 0x74,
  0xa0, 0x88, 0xd8, 0xd9, 0x0d, 0x00, 0x00, 0x76, 0xa8, 0x88, 0xd8, 0xd9,
  0x0d, 0x00, 0x00, 0x78, 0xb0, 0x88, 0xd8, 0xd9, 0x0d, 0x00, 0x00, 0x7a,
  0xb8, 0x88, 0xd8, 0xd9, 0x0d, 0x00, 0x00, 0x7c, 0xc0, 0x88, 0xd8, 0xd9,
  0x0d, 0x00, 0x00, 0x7e, 0xc8, 0x88, 0xd8, 0xd9, 0x0d, 0x00, 0x00, 0x80,
  0xd0, 0x88, 0xd8, 0xd9, 0x0d, 0x00, 0x00, 0x82, 0xd8, 0x88, 0xd8, 0xd9,
  0x0d, 0x00, 0x00, 0x84, 0xe0, 0x88, 0xd8, 0xd9, 0x0d, 0x00, 0x00, 0x86,
  0xe8, 0x88, 0xd8, 0xd9, 0x0d, 0x00, 0x00, 0x88, 0xf0, 0x88, 0xd8, 0xd9,
  0x0d, 0x00, 0x00, 0x8a, 0xf8, 0x88, 0xd8, 0xd9, 0x0d, 0x00, 0x00, 0x8c,
  0x0b, 0x81, 0x0b, 0x80, 0x70, 0x5f, 0x8c, 0xbf, 0x0e, 0x21, 0x1c, 0x10,
  0x0f, 0x23, 0x1e, 0x10, 0x7f, 0xde, 0x8c, 0xbf, 0x50, 0x25, 0xa0, 0x10,
  0x51, 0x27, 0xa2, 0x10, 0x7f, 0x1d, 0x8c, 0xbf, 0x53, 0x2b, 0xa6, 0x10,
  0x7f, 0xdc, 0x8c, 0xbf, 0x54, 0x2d, 0xa8, 0x10, 0x55, 0x2f, 0xaa, 0x10,
  0x52, 0x29, 0xa4, 0x10, 0x7e, 0x1b, 0x8c, 0xbf, 0x56, 0x31, 0xac, 0x10,
  0x57, 0x33, 0xae, 0x10, 0x7f, 0xda, 0x8c, 0xbf, 0x58, 0x35, 0xb0, 0x10,
  0x59, 0x37, 0xb2, 0x10, 0x0e, 0x1f, 0x1c, 0x06, 0x7d, 0x19, 0x8c, 0xbf,
  0x5a, 0x39, 0xb4, 0x10, 0x5b, 0x3b, 0xb6, 0x10, 0x7f, 0xd8, 0x8c, 0xbf,
  0x5c, 0x3d, 0xb8, 0x10, 0x5d, 0x3f, 0xba, 0x10, 0x7c, 0x17, 0x8c, 0xbf,
  0x5e, 0x41, 0xbc, 0x10, 0x5f, 0x43, 0xbe, 0x10, 0x0e, 0xa1, 0x1c, 0x06,
  0x7f, 0xd6, 0x8c, 0xbf, 0x60, 0x45, 0xc0, 0x10, 0x0e, 0xa3, 0x1c, 0x06,
  0x61, 0x47, 0xc2, 0x10, 0x0e, 0xa5, 0x1c, 0x06, 0x7b, 0x15, 0x8c, 0xbf,
  0x62, 0x49, 0xc4, 0x10, 0x0e, 0xa7, 0x1c, 0x06, 0x63, 0x4b, 0xc6, 0x10,
  0x0e, 0xa9, 0x1c, 0x06, 0x7f, 0xd4, 0x8c, 0xbf, 0x64, 0x4d, 0xc8, 0x10,
  0x0e, 0xab, 0x1c, 0x06, 0x65, 0x4f, 0xca, 0x10, 0x0e, 0xad, 0x1c, 0x06,
  0x7a, 0x13, 0x8c, 0xbf, 0x66, 0x51, 0xcc, 0x10, 0x0e, 0xaf, 0x1c, 0x06,
  0x67, 0x53, 0xce, 0x10, 0x0e, 0xb1, 0x1c, 0x06, 0x7f, 0xd2, 0x8c, 0xbf,
  0x68, 0x55, 0xd0, 0x10, 0x0e, 0xb3, 0x1c, 0x06, 0x69, 0x57, 0xd2, 0x10,
  0x0e, 0xb5, 0x1c, 0x06, 0x79, 0x11, 0x8c, 0xbf, 0x6a, 0x59, 0xd4, 0x10,
  0x0e, 0xb7, 0x1c, 0x06, 0x6b, 0x5b, 0xd6, 0x10, 0x0e, 0xb9, 0x1c, 0x06,
  0x7f, 0xd0, 0x8c, 0xbf, 0x6c, 0x5d, 0xd8, 0x10, 0x0e, 0xbb, 0x1c, 0x06,
  0x6d, 0x5f, 0xda, 0x10, 0x0e, 0xbd, 0x1c, 0x06, 0x78, 0x0f, 0x8c, 0xbf,
  0x6e, 0x61, 0xdc, 0x10, 0x0e, 0xbf, 0x1c, 0x06, 0x6f, 0x63, 0xde, 0x10,
  0x0e, 0xc1, 0x1c, 0x06, 0x7f, 0xce, 0x8c, 0xbf, 0x70, 0x65, 0xe0, 0x10,
  0x0e, 0xc3, 0x1c, 0x06, 0x71, 0x67, 0xe2, 0x10, 0x0e, 0xc5, 0x1c, 0x06,
  0x77, 0x0d, 0x8c, 0xbf, 0x72, 0x69, 0xe4, 0x10, 0x0e, 0xc7, 0x1c, 0x06,
  0x73, 0x6b, 0xe6, 0x10, 0x0e, 0xc9, 0x1c, 0x06, 0x7f, 0xcc, 0x8c, 0xbf,
  0x74, 0x6d, 0xe8, 0x10, 0x0e, 0xcb, 0x1c, 0x06, 0x75, 0x6f, 0xea, 0x10,
  0x0e, 0xcd, 0x1c, 0x06, 0x76, 0x0b, 0x8c, 0xbf, 0x76, 0x71, 0xec, 0x10,
  0x0e, 0xcf, 0x1c, 0x06, 0x77, 0x73, 0xee, 0x10, 0x0e, 0xd1, 0x1c, 0x06,
  0x7f, 0xca, 0x8c, 0xbf, 0x78, 0x75, 0xf0, 0x10, 0x0e, 0xd3, 0x1c, 0x06,
  0x79, 0x77, 0xf2, 0x10, 0x0e, 0xd5, 0x1c, 0x06, 0x75, 0x09, 0x8c, 0xbf,
  0x7a, 0x79, 0xf4, 0x10, 0x0e, 0xd7, 0x1c, 0x06, 0x7b, 0x7b, 0xf6, 0x10,
  0x0e, 0xd9, 0x1c, 0x06, 0x7f, 0xc8, 0x8c, 0xbf, 0x7c, 0x7d, 0xf8, 0x10,
  0x0e, 0xdb, 0x1c, 0x06, 0x7d, 0x7f, 0xfa, 0x10, 0x0e, 0xdd, 0x1c, 0x06,
  0x74, 0x07, 0x8c, 0xbf, 0x7e, 0x81, 0xfc, 0x10, 0x0e, 0xdf, 0x1c, 0x06,
  0x7f, 0x83, 0xfe, 0x10, 0x0e, 0xe1, 0x1c, 0x06, 0x7f, 0xc6, 0x8c, 0xbf,
  0x80, 0x85, 0x00, 0x11, 0x0e, 0xe3, 0x1c, 0x06, 0x81, 0x87, 0x02, 0x11,
  0x0e, 0xe5, 0x1c, 0x06, 0x73, 0x05, 0x8c, 0xbf, 0x82, 0x89, 0x04, 0x11,
  0x0e, 0xe7, 0x1c, 0x06, 0x83, 0x8b, 0x06, 0x11, 0x0e, 0xe9, 0x1c, 0x06,
  0x7f, 0xc4, 0x8c, 0xbf, 0x84, 0x8d, 0x08, 0x11, 0x0e, 0xeb, 0x1c, 0x06,
  0x85, 0x8f, 0x0a, 0x11, 0x0e, 0xed, 0x1c, 0x06, 0x72, 0x03, 0x8c, 0xbf,
  0x86, 0x91, 0x0c, 0x11, 0x0e, 0xef, 0x1c, 0x06, 0x87, 0x93, 0x0e, 0x11,
  0x0e, 0xf1, 0x1c, 0x06, 0x7f, 0xc2, 0x8c, 0xbf, 0x88, 0x95, 0x10, 0x11,
  0x0e, 0xf3, 0x1c, 0x06, 0x89, 0x97, 0x12, 0x11, 0x0e, 0xf5, 0x1c, 0x06,
  0x71, 0x01, 0x8c, 0xbf, 0x8a, 0x99, 0x14, 0x11, 0x0e, 0xf7, 0x1c, 0x06,
  0x8b, 0x9b, 0x16, 0x11, 0x0e, 0xf9, 0x1c, 0x06, 0x7f, 0xc0, 0x8c, 0xbf,
  0x8c, 0x9d, 0x18, 0x11, 0x0e, 0xfb, 0x1c, 0x06, 0x8d, 0x9f, 0x1a, 0x11,
  0x0e, 0xfd, 0x1c, 0x06, 0x0e, 0xff, 0x1c, 0x06, 0x0e, 0x01, 0x1d, 0x06,
  0x0e, 0x03, 0x1d, 0x06, 0x0e, 0x05, 0x1d, 0x06, 0x0e, 0x07, 0x1d, 0x06,
  0x0e, 0x09, 0x1d, 0x06, 0x0e, 0x0b, 0x1d, 0x06, 0x0e, 0x0d, 0x1d, 0x06,
  0x0e, 0x0f, 0x1d, 0x06, 0x0e, 0x11, 0x1d, 0x06, 0x0e, 0x13, 0x1d, 0x06,
  0x0e, 0x15, 0x1d, 0x06, 0x0e, 0x17, 0x1d, 0x06, 0x0e, 0x19, 0x1d, 0x06,
  0x0e, 0x1b, 0x1d, 0x06, 0xff, 0x1c, 0x1c, 0x10, 0x00, 0x00, 0x00, 0x3e,
  0x0e, 0x11, 0x1c, 0x08, 0xff, 0x1c, 0x1c, 0x10, 0x3b, 0xaa, 0xb8, 0x3f,
  0x0e, 0x4b, 0x1c, 0x7e, 0x0a, 0x1d, 0x14, 0x06, 0x70, 0x3f, 0x8c, 0xbf,
  0x0e, 0x19, 0x1c, 0x10, 0x0b, 0x1d, 0x16, 0x06, 0x0a, 0x0b, 0x0a, 0xbf,
  0xe7, 0xfe, 0x84, 0xbf, 0x0a, 0x55, 0x14, 0x7e, 0x82, 0x0e, 0x10, 0x34,
  0x0b, 0x15, 0x16, 0x10, 0x00, 0x20, 0x34, 0xd8, 0x08, 0x0b, 0x00, 0x00,
  0x00, 0x88, 0xd8, 0xd8, 0x08, 0x00, 0x00, 0x09, 0x01, 0x06, 0x08, 0xf4,
  0x30, 0x00, 0x00, 0xfa, 0xff, 0x10, 0x10, 0x4a, 0x00, 0x20, 0x00, 0x00,
  0x7f, 0xc0, 0x8c, 0xbf, 0x00, 0x10, 0x70, 0xe0, 0x08, 0x09, 0x06, 0x80,
  0xff, 0x0e, 0x0e, 0x4a, 0x00, 0x01, 0x00, 0x00, 0xbc, 0xfd, 0x82, 0xbf,
  0xc1, 0x03, 0xfe, 0xbe, 0xa8, 0xac, 0xe0, 0xd8, 0x01, 0x00, 0x00, 0x08,
  0x01, 0x05, 0x08, 0xf4, 0x30, 0x00, 0x00, 0xfa, 0xff, 0x02, 0x0e, 0x4a,
  0x00, 0x40, 0x00, 0x00, 0x7f, 0xc0, 0x8c, 0xbf, 0x00, 0x10, 0x70, 0xe0,
  0x07, 0x08, 0x05, 0x80, 0xff, 0x02, 0x10, 0x4a, 0x00, 0x44, 0x00, 0x00,
  0x00, 0x10, 0x70, 0xe0, 0x08, 0x09, 0x05, 0x80, 0xb0, 0xb4, 0xe0, 0xd8,
  0x01, 0x00, 0x00, 0x08, 0xff, 0x02, 0x14, 0x4a, 0x00, 0x48, 0x00, 0x00,
  0xff, 0x02, 0x16, 0x4a, 0x00, 0x4c, 0x00, 0x00, 0x7f, 0xc0, 0x8c, 0xbf,
  0x00, 0x10, 0x70, 0xe0, 0x0a, 0x08, 0x05, 0x80, 0x00, 0x10, 0x70, 0xe0,
  0x0b, 0x09, 0x05, 0x80, 0xb8, 0xbc, 0xe0, 0xd8, 0x01, 0x00, 0x00, 0x08,
  0xff, 0x02, 0x18, 0x4a, 0x00, 0x50, 0x00, 0x00, 0xff, 0x02, 0x1a, 0x4a,
  0x00, 0x54, 0x00, 0x00, 0x7f, 0xc0, 0x8c, 0xbf, 0x00, 0x10, 0x70, 0xe0,
  0x0c, 0x08, 0x05, 0x80, 0x00, 0x10, 0x70, 0xe0, 0x0d, 0x09, 0x05, 0x80,
  0xc0, 0xc4, 0xe0, 0xd8, 0x01, 0x00, 0x00, 0x08, 0xff, 0x02, 0x1c, 0x4a,
  0x00, 0x58, 0x00, 0x00, 0xff, 0x02, 0x1e, 0x4a, 0x00, 0x5c, 0x00, 0x00,
  0x7f, 0xc0, 0x8c, 0xbf, 0x00, 0x10, 0x70, 0xe0, 0x0e, 0x08, 0x05, 0x80,
  0x00, 0x10, 0x70, 0xe0, 0x0f, 0x09, 0x05, 0x80, 0x6a, 0x03, 0xfe, 0xbe,
  0x07, 0x00, 0x88, 0xbf, 0x00, 0xc8, 0xd8, 0xd8, 0x01, 0x00, 0x00, 0x08,
  0xff, 0x02, 0x12, 0x4a, 0x00, 0x60, 0x00, 0x00, 0x7f, 0xc0, 0x8c, 0xbf,
  0x00, 0x10, 0x70, 0xe0, 0x09, 0x08, 0x05, 0x80, 0x00, 0x00, 0x8a, 0xbf,
  0x01, 0x03, 0xfe, 0xbe, 0xaf, 0x02, 0x88, 0xbf, 0x87, 0x00, 0x10, 0x34,
  0x00, 0x20, 0xd8, 0xd9, 0x08, 0x00, 0x00, 0x0a, 0x08, 0x20, 0xd8, 0xd9,
  0x08, 0x00, 0x00, 0x0c, 0x10, 0x20, 0xd8, 0xd9, 0x08, 0x00, 0x00, 0x0e,
  0x18, 0x20, 0xd8, 0xd9, 0x08, 0x00, 0x00, 0x10, 0x20, 0x20, 0xd8, 0xd9,
  0x08, 0x00, 0x00, 0x12, 0x28, 0x20, 0xd8, 0xd9, 0x08, 0x00, 0x00, 0x14,
  0x30, 0x20, 0xd8, 0xd9, 0x08, 0x00, 0x00, 0x16, 0x38, 0x20, 0xd8, 0xd9,
  0x08, 0x00, 0x00, 0x18, 0x40, 0x20, 0xd8, 0xd9, 0x08, 0x00, 0x00, 0x1a,
  0x48, 0x20, 0xd8, 0xd9, 0x08, 0x00, 0x00, 0x1c, 0x50, 0x20, 0xd8, 0xd9,
  0x08, 0x00, 0x00, 0x1e, 0x58, 0x20, 0xd8, 0xd9, 0x08, 0x00, 0x00, 0x20,
  0x60, 0x20, 0xd8, 0xd9, 0x08, 0x00, 0x00, 0x22, 0x68, 0x20, 0xd8, 0xd9,
  0x08, 0x00, 0x00, 0x24, 0x70, 0x20, 0xd8, 0xd9, 0x08, 0x00, 0x00, 0x26,
  0x78, 0x20, 0xd8, 0xd9, 0x08, 0x00, 0x00, 0x28, 0x7f, 0x00, 0x0a, 0xb0,
  0x81, 0xff, 0x0b, 0xb0, 0x7f, 0xce, 0x8c, 0xbf, 0x09, 0x07, 0x54, 0xd5,
  0x0a, 0x17, 0x32, 0x04, 0x7f, 0xcd, 0x8c, 0xbf, 0x09, 0x06, 0x54, 0xd5,
  0x09, 0x1b, 0x3a, 0x04, 0x7f, 0xcc, 0x8c, 0xbf, 0x09, 0x06, 0x54, 0xd5,
  0x09, 0x1f, 0x42, 0x04, 0x7f, 0xcb, 0x8c, 0xbf, 0x09, 0x06, 0x54, 0xd5,
  0x09, 0x23, 0x4a, 0x04, 0x7f, 0xca, 0x8c, 0xbf, 0x09, 0x06, 0x54, 0xd5,
  0x09, 0x27, 0x52, 0x04, 0x7f, 0xc9, 0x8c, 0xbf, 0x09, 0x06, 0x54, 0xd5,
  0x09, 0x2b, 0x5a, 0x04, 0x7f, 0xc8, 0x8c, 0xbf, 0x09, 0x06, 0x54, 0xd5,
  0x09, 0x2f, 0x62, 0x04, 0x7f, 0xc7, 0x8c, 0xbf, 0x09, 0x06, 0x54, 0xd5,
  0x09, 0x33, 0x6a, 0x04, 0x7f, 0xc6, 0x8c, 0xbf, 0x09, 0x06, 0x54, 0xd5,
  0x09, 0x37, 0x72, 0x04, 0x7f, 0xc5, 0x8c, 0xbf, 0x09, 0x06, 0x54, 0xd5,
  0x09, 0x3b, 0x7a, 0x04, 0x7f, 0xc4, 0x8c, 0xbf, 0x09, 0x06, 0x54, 0xd5,
  0x09, 0x3f, 0x82, 0x04, 0x7f, 0xc3, 0x8c, 0xbf, 0x09, 0x06, 0x54, 0xd5,
  0x09, 0x43, 0x8a, 0x04, 0x7f, 0xc2, 0x8c, 0xbf, 0x09, 0x06, 0x54, 0xd5,
  0x09, 0x47, 0x92, 0x04, 0x7f, 0xc1, 0x8c, 0xbf, 0x09, 0x06, 0x54, 0xd5,
  0x09, 0x4b, 0x9a, 0x04, 0x7f, 0xc0, 0x8c, 0xbf, 0x09, 0x06, 0x54, 0xd5,
  0x09, 0x4f, 0xa2, 0x04, 0x09, 0x02, 0x10, 0xd5, 0x09, 0x53, 0x02, 0x02,
  0xff, 0x12, 0x12, 0x10, 0x04, 0x02, 0x01, 0x3c, 0x00, 0x40, 0x34, 0xd8,
  0x01, 0x09, 0x00, 0x00, 0x6a, 0x03, 0x99, 0xbe, 0x09, 0x55, 0x54, 0x7e,
  0x18, 0x00, 0x02, 0xd4, 0x80, 0x12, 0x02, 0x02, 0x18, 0x03, 0xea, 0xbe,
  0x0c, 0x55, 0x18, 0x10, 0x0a, 0x55, 0x14, 0x10, 0x0b, 0x55, 0x16, 0x10,
  0x0d, 0x55, 0x1a, 0x10, 0x0c, 0x47, 0x18, 0x7e, 0x0a, 0x47, 0x14, 0x7e,
  0x0b, 0x47, 0x16, 0x7e, 0x0d, 0x47, 0x1a, 0x7e, 0x0e, 0x55, 0x1c, 0x10,
  0x0c, 0x11, 0x18, 0x7e, 0x0a, 0x11, 0x14, 0x7e, 0x0b, 0x11, 0x16, 0x7e,
  0x0f, 0x55, 0x1e, 0x10, 0x0d, 0x11, 0x1a, 0x7e, 0x0e, 0x47, 0x1c, 0x7e,
  0x0c, 0x00, 0x58, 0xd5, 0x0a, 0x16, 0x30, 0x04, 0x0a, 0x00, 0x58, 0xd5,
  0x0a, 0x16, 0x28, 0x04, 0x0b, 0x00, 0x58, 0xd5, 0x0a, 0x16, 0x2c, 0x04,
  0x10, 0x55, 0x20, 0x10, 0x0f, 0x47, 0x1e, 0x7e, 0x0d, 0x00, 0x58, 0xd5,
  0x0a, 0x16, 0x34, 0x04, 0x0e, 0x11, 0x1c, 0x7e, 0xf9, 0x00, 0x19, 0x02,
  0x0c, 0x02, 0x06, 0x86, 0xf9, 0x00, 0x15, 0x02, 0x0a, 0x00, 0x06, 0x86,
  0xf9, 0x00, 0x17, 0x02, 0x0b, 0x01, 0x06, 0x86, 0x11, 0x55, 0x22, 0x10,
  0x10, 0x47, 0x20, 0x7e, 0x0f, 0x11, 0x1e, 0x7e, 0xf9, 0x00, 0x1b, 0x02,
  0x0d, 0x03, 0x06, 0x86, 0x0e, 0x00, 0x58, 0xd5, 0x0a, 0x16, 0x38, 0x04,
  0x12, 0x55, 0x24, 0x10, 0x0c, 0x00, 0x72, 0xd7, 0x0c, 0x15, 0x2e, 0x04,
  0x11, 0x47, 0x22, 0x7e, 0x10, 0x11, 0x20, 0x7e, 0x0f, 0x00, 0x58, 0xd5,
  0x0a, 0x16, 0x3c, 0x04, 0x13, 0x55, 0x26, 0x10, 0xf9, 0x00, 0x1d, 0x02,
  0x0e, 0x00, 0x06, 0x86, 0x12, 0x47, 0x24, 0x7e, 0x0c, 0x1b, 0x58, 0x38,
  0x11, 0x11, 0x22, 0x7e, 0x10, 0x00, 0x58, 0xd5, 0x0a, 0x16, 0x40, 0x04,
  0x14, 0x55, 0x28, 0x10, 0xf9, 0x00, 0x1f, 0x02, 0x0f, 0x01, 0x06, 0x86,
  0x13, 0x47, 0x26, 0x7e, 0x12, 0x11, 0x24, 0x7e, 0x15, 0x55, 0x2a, 0x10,
  0x11, 0x00, 0x58, 0xd5, 0x0a, 0x16, 0x44, 0x04, 0xf9, 0x00, 0x21, 0x02,
  0x10, 0x02, 0x06, 0x86, 0x14, 0x47, 0x28, 0x7e, 0x13, 0x11, 0x26, 0x7e,
  0x12, 0x00, 0x58, 0xd5, 0x0a, 0x16, 0x48, 0x04, 0x15, 0x47, 0x2a, 0x7e,
  0x16, 0x55, 0x2c, 0x10, 0xf9, 0x00, 0x23, 0x02, 0x11, 0x03, 0x06, 0x86,
  0x10, 0x00, 0x72, 0xd7, 0x10, 0x1d, 0x3e, 0x04, 0x14, 0x11, 0x28, 0x7e,
  0x13, 0x00, 0x58, 0xd5, 0x0a, 0x16, 0x4c, 0x04, 0x17, 0x55, 0x2e, 0x10,
  0xf9, 0x00, 0x25, 0x02, 0x12, 0x00, 0x06, 0x86, 0x15, 0x11, 0x2a, 0x7e,
  0x16, 0x47, 0x2c, 0x7e, 0x10, 0x23, 0x5a, 0x38, 0x18, 0x55, 0x30, 0x10,
  0x14, 0x00, 0x58, 0xd5, 0x0a, 0x16, 0x50, 0x04, 0xf9, 0x00, 0x27, 0x02,
  0x13, 0x01, 0x06, 0x86, 0x17, 0x47, 0x2e, 0x7e, 0x15, 0x00, 0x58, 0xd5,
  0x0a, 0x16, 0x54, 0x04, 0x16, 0x11, 0x2c, 0x7e, 0x19, 0x55, 0x32, 0x10,
  0x18, 0x47, 0x30, 0x7e, 0xf9, 0x00, 0x29, 0x02, 0x14, 0x02, 0x06, 0x86,
  0x17, 0x11, 0x2e, 0x7e, 0xf9, 0x00, 0x2b, 0x02, 0x15, 0x03, 0x06, 0x86,
  0x16, 0x00, 0x58, 0xd5, 0x0a, 0x16, 0x58, 0x04, 0x85, 0x00, 0x56, 0x34,
  0x19, 0x47, 0x32, 0x7e, 0x18, 0x11, 0x30, 0x7e, 0x14, 0x00, 0x72, 0xd7,
  0x14, 0x25, 0x4e, 0x04, 0x17, 0x00, 0x58, 0xd5, 0x0a, 0x16, 0x5c, 0x04,
  0xf9, 0x00, 0x2d, 0x02, 0x16, 0x00, 0x06, 0x86, 0x19, 0x11, 0x32, 0x7e,
  0x18, 0x00, 0x58, 0xd5, 0x0a, 0x16, 0x60, 0x04, 0x14, 0x2b, 0x5c, 0x38,
  0xf9, 0x00, 0x2f, 0x02, 0x17, 0x01, 0x06, 0x86, 0x19, 0x00, 0x58, 0xd5,
  0x0a, 0x16, 0x64, 0x04, 0xf9, 0x00, 0x31, 0x02, 0x18, 0x02, 0x06, 0x86,
  0xf9, 0x00, 0x33, 0x02, 0x19, 0x03, 0x06, 0x86, 0x18, 0x00, 0x72, 0xd7,
  0x18, 0x2d, 0x5e, 0x04, 0x18, 0x33, 0x5e, 0x38, 0x00, 0x44, 0x7c, 0xdb,
  0x2b, 0x2c, 0x00, 0x00, 0x1a, 0x55, 0x34, 0x10, 0x1b, 0x55, 0x36, 0x10,
  0x1c, 0x55, 0x38, 0x10, 0x1d, 0x55, 0x3a, 0x10, 0x1a, 0x47, 0x34, 0x7e,
  0x1b, 0x47, 0x36, 0x7e, 0x1c, 0x47, 0x38, 0x7e, 0x1e, 0x55, 0x3c, 0x10,
  0x1d, 0x47, 0x3a, 0x7e, 0x1a, 0x11, 0x34, 0x7e, 0x1b, 0x11, 0x36, 0x7e,
  0x1c, 0x11, 0x38, 0x7e, 0x1f, 0x55, 0x3e, 0x10, 0x1e, 0x47, 0x3c, 0x7e,
  0x1d, 0x11, 0x3a, 0x7e, 0x1a, 0x00, 0x58, 0xd5, 0x0a, 0x16, 0x68, 0x04,
  0x1b, 0x00, 0x58, 0xd5, 0x0a, 0x16, 0x6c, 0x04, 0x1c, 0x00, 0x58, 0xd5,
  0x0a, 0x16, 0x70, 0x04, 0x20, 0x55, 0x40, 0x10, 0x1f, 0x47, 0x3e, 0x7e,
  0x1e, 0x11, 0x3c, 0x7e, 0x1d, 0x00, 0x58, 0xd5, 0x0a, 0x16, 0x74, 0x04,
  0xf9, 0x00, 0x35, 0x02, 0x1a, 0x00, 0x06, 0x86, 0xf9, 0x00, 0x37, 0x02,
  0x1b, 0x01, 0x06, 0x86, 0xf9, 0x00, 0x39, 0x02, 0x1c, 0x02, 0x06, 0x86,
  0x21, 0x55, 0x42, 0x10, 0x20, 0x47, 0x40, 0x7e, 0x1f, 0x11, 0x3e, 0x7e,
  0x1e, 0x00, 0x58, 0xd5, 0x0a, 0x16, 0x78, 0x04, 0xf9, 0x00, 0x3b, 0x02,
  0x1d, 0x03, 0x06, 0x86, 0x22, 0x55, 0x44, 0x10, 0x1c, 0x00, 0x72, 0xd7,
  0x1c, 0x35, 0x6e, 0x04, 0x21, 0x47, 0x42, 0x7e, 0x20, 0x11, 0x40, 0x7e,
  0x1f, 0x00, 0x58, 0xd5, 0x0a, 0x16, 0x7c, 0x04, 0xf9, 0x00, 0x3d, 0x02,
  0x1e, 0x00, 0x06, 0x86, 0x23, 0x55, 0x46, 0x10, 0x22, 0x47, 0x44, 0x7e,
  0x1c, 0x3b, 0x18, 0x38, 0x21, 0x11, 0x42, 0x7e, 0x24, 0x55, 0x48, 0x10,
  0x20, 0x00, 0x58, 0xd5, 0x0a, 0x16, 0x80, 0x04, 0xf9, 0x00, 0x3f, 0x02,
  0x1f, 0x01, 0x06, 0x86, 0x23, 0x47, 0x46, 0x7e, 0x22, 0x11, 0x44, 0x7e,
  0x25, 0x55, 0x4a, 0x10, 0x21, 0x00, 0x58, 0xd5, 0x0a, 0x16, 0x84, 0x04,
  0x24, 0x47, 0x48, 0x7e, 0xf9, 0x00, 0x41, 0x02, 0x20, 0x02, 0x06, 0x86,
  0x23, 0x11, 0x46, 0x7e, 0x22, 0x00, 0x58, 0xd5, 0x0a, 0x16, 0x88, 0x04,
  0x26, 0x55, 0x4c, 0x10, 0x25, 0x47, 0x4a, 0x7e, 0xf9, 0x00, 0x43, 0x02,
  0x21, 0x03, 0x06, 0x86, 0x24, 0x11, 0x48, 0x7e, 0x20, 0x00, 0x72, 0xd7,
  0x20, 0x3d, 0x7e, 0x04, 0x23, 0x00, 0x58, 0xd5, 0x0a, 0x16, 0x8c, 0x04,
  0x27, 0x55, 0x4e, 0x10, 0xf9, 0x00, 0x45, 0x02, 0x22, 0x00, 0x06, 0x86,
  0x26, 0x47, 0x4c, 0x7e, 0x25, 0x11, 0x4a, 0x7e, 0x24, 0x00, 0x58, 0xd5,
  0x0a, 0x16, 0x90, 0x04, 0x20, 0x43, 0x1a, 0x38, 0x28, 0x55, 0x50, 0x10,
  0xf9, 0x00, 0x47, 0x02, 0x23, 0x01, 0x06, 0x86, 0x27, 0x47, 0x4e, 0x7e,
  0x26, 0x11, 0x4c, 0x7e, 0x25, 0x00, 0x58, 0xd5, 0x0a, 0x16, 0x94, 0x04,
  0x29, 0x55, 0x52, 0x10, 0xf9, 0x00, 0x49, 0x02, 0x24, 0x02, 0x06, 0x86,
  0x28, 0x47, 0x50, 0x7e, 0x27, 0x11, 0x4e, 0x7e, 0x26, 0x00, 0x58, 0xd5,
  0x0a, 0x16, 0x98, 0x04, 0xf9, 0x00, 0x4b, 0x02, 0x25, 0x03, 0x06, 0x86,
  0x29, 0x47, 0x52, 0x7e, 0x24, 0x00, 0x72, 0xd7, 0x24, 0x45, 0x8e, 0x04,
  0x28, 0x11, 0x50, 0x7e, 0x27, 0x00, 0x58, 0xd5, 0x0a, 0x16, 0x9c, 0x04,
  0xf9, 0x00, 0x4d, 0x02, 0x26, 0x00, 0x06, 0x86, 0x29, 0x11, 0x52, 0x7e,
  0x24, 0x4b, 0x1c, 0x38, 0x28, 0x00, 0x58, 0xd5, 0x0a, 0x16, 0xa0, 0x04,
  0xf9, 0x00, 0x4f, 0x02, 0x27, 0x01, 0x06, 0x86, 0x29, 0x00, 0x58, 0xd5,
  0x0a, 0x16, 0xa4, 0x04, 0xf9, 0x00, 0x51, 0x02, 0x28, 0x02, 0x06, 0x86,
  0xf9, 0x00, 0x53, 0x02, 0x29, 0x03, 0x06, 0x86, 0x28, 0x00, 0x72, 0xd7,
  0x28, 0x4d, 0x9e, 0x04, 0x28, 0x53, 0x1e, 0x38, 0x10, 0x44, 0x7c, 0xdb,
  0x2b, 0x0c, 0x00, 0x00, 0x7e, 0x03, 0x9a, 0xbe, 0xc0, 0x0c, 0xa8, 0x7d,
  0x53, 0x01, 0x88, 0xbf, 0x00, 0xa0, 0xd8, 0xd9, 0x08, 0x00, 0x00, 0x0a,
  0x08, 0xa0, 0xd8, 0xd9, 0x08, 0x00, 0x00, 0x0c, 0x10, 0xa0, 0xd8, 0xd9,
  0x08, 0x00, 0x00, 0x0e, 0x18, 0xa0, 0xd8, 0xd9, 0x08, 0x00, 0x00, 0x10,
  0x20, 0xa0, 0xd8, 0xd9, 0x08, 0x00, 0x00, 0x12, 0x28, 0xa0, 0xd8, 0xd9,
  0x08, 0x00, 0x00, 0x14, 0x30, 0xa0, 0xd8, 0xd9, 0x08, 0x00, 0x00, 0x16,
  0x38, 0xa0, 0xd8, 0xd9, 0x08, 0x00, 0x00, 0x18, 0x40, 0xa0, 0xd8, 0xd9,
  0x08, 0x00, 0x00, 0x1a, 0x48, 0xa0, 0xd8, 0xd9, 0x08, 0x00, 0x00, 0x1c,
  0x50, 0xa0, 0xd8, 0xd9, 0x08, 0x00, 0x00, 0x1e, 0x58, 0xa0, 0xd8, 0xd9,
  0x08, 0x00, 0x00, 0x20, 0x60, 0xa0, 0xd8, 0xd9, 0x08, 0x00, 0x00, 0x22,
  0x68, 0xa0, 0xd8, 0xd9, 0x08, 0x00, 0x00, 0x24, 0x70, 0xa0, 0xd8, 0xd9,
  0x08, 0x00, 0x00, 0x26, 0x78, 0xa0, 0xd8, 0xd9, 0x08, 0x00, 0x00, 0x08,
  0x81, 0xff, 0x0a, 0xb0, 0x7f, 0x00, 0x0b, 0xb0, 0x7f, 0xce, 0x8c, 0xbf,
  0x28, 0x07, 0x54, 0xd5, 0x0a, 0x17, 0x32, 0x04, 0x7f, 0xcd, 0x8c, 0xbf,
  0x28, 0x06, 0x54, 0xd5, 0x28, 0x1b, 0x3a, 0x04, 0x7f, 0xcc, 0x8c, 0xbf,
  0x28, 0x06, 0x54, 0xd5, 0x28, 0x1f, 0x42, 0x04, 0x7f, 0xcb, 0x8c, 0xbf,
  0x28, 0x06, 0x54, 0xd5, 0x28, 0x23, 0x4a, 0x04, 0x7f, 0xca, 0x8c, 0xbf,
  0x28, 0x06, 0x54, 0xd5, 0x28, 0x27, 0x52, 0x04, 0x7f, 0xc9, 0x8c, 0xbf,
  0x28, 0x06, 0x54, 0xd5, 0x28, 0x2b, 0x5a, 0x04, 0x7f, 0xc8, 0x8c, 0xbf,
  0x28, 0x06, 0x54, 0xd5, 0x28, 0x2f, 0x62, 0x04, 0x7f, 0xc7, 0x8c, 0xbf,
  0x28, 0x06, 0x54, 0xd5, 0x28, 0x33, 0x6a, 0x04, 0x7f, 0xc6, 0x8c, 0xbf,
  0x28, 0x06, 0x54, 0xd5, 0x28, 0x37, 0x72, 0x04, 0x7f, 0xc5, 0x8c, 0xbf,
  0x28, 0x06, 0x54, 0xd5, 0x28, 0x3b, 0x7a, 0x04, 0x7f, 0xc4, 0x8c, 0xbf,
  0x28, 0x06, 0x54, 0xd5, 0x28, 0x3f, 0x82, 0x04, 0x7f, 0xc3, 0x8c, 0xbf,
  0x28, 0x06, 0x54, 0xd5, 0x28, 0x43, 0x8a, 0x04, 0x7f, 0xc2, 0x8c, 0xbf,
  0x28, 0x06, 0x54, 0xd5, 0x28, 0x47, 0x92, 0x04, 0x7f, 0xc1, 0x8c, 0xbf,
  0x28, 0x06, 0x54, 0xd5, 0x28, 0x4b, 0x9a, 0x04, 0x7f, 0xc0, 0x8c, 0xbf,
  0x28, 0x06, 0x54, 0xd5, 0x28, 0x4f, 0x22, 0x04, 0x28, 0x02, 0x10, 0xd5,
  0x28, 0x13, 0x02, 0x02, 0xff, 0x50, 0x50, 0x10, 0x04, 0x02, 0x01, 0x3c,
  0x00, 0x44, 0x34, 0xd8, 0x01, 0x28, 0x00, 0x00, 0x28, 0x55, 0x52, 0x7e,
  0x80, 0x50, 0x04, 0x7c, 0x0c, 0x53, 0x18, 0x10, 0x0a, 0x53, 0x14, 0x10,
  0x0b, 0x53, 0x16, 0x10, 0x0d, 0x53, 0x1a, 0x10, 0x0c, 0x47, 0x18, 0x7e,
  0x0a, 0x47, 0x14, 0x7e, 0x0b, 0x47, 0x16, 0x7e, 0x0d, 0x47, 0x1a, 0x7e,
  0x0e, 0x53, 0x1c, 0x10, 0x0c, 0x11, 0x18, 0x7e, 0x0a, 0x11, 0x14, 0x7e,
  0x0b, 0x11, 0x16, 0x7e, 0x0d, 0x11, 0x1a, 0x7e, 0x0f, 0x53, 0x1e, 0x10,
  0x0e, 0x47, 0x1c, 0x7e, 0x0c, 0x00, 0x58, 0xd5, 0x0b, 0x14, 0x30, 0x04,
  0x0a, 0x00, 0x58, 0xd5, 0x0b, 0x14, 0x28, 0x04, 0x10, 0x53, 0x20, 0x10,
  0x0b, 0x00, 0x58, 0xd5, 0x0b, 0x14, 0x2c, 0x04, 0x0d, 0x00, 0x58, 0xd5,
  0x0b, 0x14, 0x34, 0x04, 0x0f, 0x47, 0x1e, 0x7e, 0x0e, 0x11, 0x1c, 0x7e,
  0xf9, 0x00, 0x19, 0x02, 0x0c, 0x02, 0x06, 0x86, 0xf9, 0x00, 0x15, 0x02,
  0x0a, 0x00, 0x06, 0x86, 0x11, 0x53, 0x22, 0x10, 0x10, 0x47, 0x20, 0x7e,
  0xf9, 0x00, 0x17, 0x02, 0x0b, 0x01, 0x06, 0x86, 0xf9, 0x00, 0x1b, 0x02,
  0x0d, 0x03, 0x06, 0x86, 0x0f, 0x11, 0x1e, 0x7e, 0x0e, 0x00, 0x58, 0xd5,
  0x0b, 0x14, 0x38, 0x04, 0x12, 0x53, 0x24, 0x10, 0x11, 0x47, 0x22, 0x7e,
  0x10, 0x11, 0x20, 0x7e, 0x0c, 0x00, 0x72, 0xd7, 0x0c, 0x15, 0x2e, 0x04,
  0x0f, 0x00, 0x58, 0xd5, 0x0b, 0x14, 0x3c, 0x04, 0x13, 0x53, 0x26, 0x10,
  0xf9, 0x00, 0x1d, 0x02, 0x0e, 0x00, 0x06, 0x86, 0x12, 0x47, 0x24, 0x7e,
  0x11, 0x11, 0x22, 0x7e, 0x10, 0x00, 0x58, 0xd5, 0x0b, 0x14, 0x40, 0x04,
  0x14, 0x53, 0x28, 0x10, 0x0c, 0x1b, 0x58, 0x38, 0xf9, 0x00, 0x1f, 0x02,
  0x0f, 0x01, 0x06, 0x86, 0x13, 0x47, 0x26, 0x7e, 0x12, 0x11, 0x24, 0x7e,
  0x11, 0x00, 0x58, 0xd5, 0x0b, 0x14, 0x44, 0x04, 0xf9, 0x00, 0x21, 0x02,
  0x10, 0x02, 0x06, 0x86, 0x15, 0x53, 0x2a, 0x10, 0x14, 0x47, 0x28, 0x7e,
  0x13, 0x11, 0x26, 0x7e, 0x12, 0x00, 0x58, 0xd5, 0x0b, 0x14, 0x48, 0x04,
  0x16, 0x53, 0x2c, 0x10, 0xf9, 0x00, 0x23, 0x02, 0x11, 0x03, 0x06, 0x86,
  0x10, 0x00, 0x72, 0xd7, 0x10, 0x1d, 0x3e, 0x04, 0x15, 0x47, 0x2a, 0x7e,
  0x14, 0x11, 0x28, 0x7e, 0x13, 0x00, 0x58, 0xd5, 0x0b, 0x14, 0x4c, 0x04,
  0x17, 0x53, 0x2e, 0x10, 0xf9, 0x00, 0x25, 0x02, 0x12, 0x00, 0x06, 0x86,
  0x16, 0x47, 0x2c, 0x7e, 0x10, 0x23, 0x5a, 0x38, 0x15, 0x11, 0x2a, 0x7e,
  0x18, 0x53, 0x30, 0x10, 0x14, 0x00, 0x58, 0xd5, 0x0b, 0x14, 0x50, 0x04,
  0xf9, 0x00, 0x27, 0x02, 0x13, 0x01, 0x06, 0x86, 0x17, 0x47, 0x2e, 0x7e,
  0x16, 0x11, 0x2c, 0x7e, 0x15, 0x00, 0x58, 0xd5, 0x0b, 0x14, 0x54, 0x04,
  0x19, 0x53, 0x32, 0x10, 0x18, 0x47, 0x30, 0x7e, 0xf9, 0x00, 0x29, 0x02,
  0x14, 0x02, 0x06, 0x86, 0x17, 0x11, 0x2e, 0x7e, 0x16, 0x00, 0x58, 0xd5,
  0x0b, 0x14, 0x58, 0x04, 0xf9, 0x00, 0x2b, 0x02, 0x15, 0x03, 0x06, 0x86,
  0x19, 0x47, 0x32, 0x7e, 0x18, 0x11, 0x30, 0x7e, 0x14, 0x00, 0x72, 0xd7,
  0x14, 0x25, 0x4e, 0x04, 0x17, 0x00, 0x58, 0xd5, 0x0b, 0x14, 0x5c, 0x04,
  0xf9, 0x00, 0x2d, 0x02, 0x16, 0x00, 0x06, 0x86, 0x19, 0x11, 0x32, 0x7e,
  0x18, 0x00, 0x58, 0xd5, 0x0b, 0x14, 0x60, 0x04, 0x14, 0x2b, 0x5c, 0x38,
  0xf9, 0x00, 0x2f, 0x02, 0x17, 0x01, 0x06, 0x86, 0x19, 0x00, 0x58, 0xd5,
  0x0b, 0x14, 0x64, 0x04, 0xf9, 0x00, 0x31, 0x02, 0x18, 0x02, 0x06, 0x86,
  0xf9, 0x00, 0x33, 0x02, 0x19, 0x03, 0x06, 0x86, 0x18, 0x00, 0x72, 0xd7,
  0x18, 0x2d, 0x5e, 0x04, 0x18, 0x33, 0x5e, 0x38, 0x00, 0x64, 0x7c, 0xdb,
  0x2b, 0x2c, 0x00, 0x00, 0x1a, 0x53, 0x34, 0x10, 0x1b, 0x53, 0x36, 0x10,
  0x1c, 0x53, 0x38, 0x10, 0x1d, 0x53, 0x3a, 0x10, 0x1a, 0x47, 0x34, 0x7e,
  0x1b, 0x47, 0x36, 0x7e, 0x1c, 0x47, 0x38, 0x7e, 0x1e, 0x53, 0x3c, 0x10,
  0x1d, 0x47, 0x3a, 0x7e, 0x1a, 0x11, 0x34, 0x7e, 0x1b, 0x11, 0x36, 0x7e,
  0x1c, 0x11, 0x38, 0x7e, 0x1e, 0x47, 0x3c, 0x7e, 0x1f, 0x53, 0x3e, 0x10,
  0x1d, 0x11, 0x3a, 0x7e, 0x1a, 0x00, 0x58, 0xd5, 0x0b, 0x14, 0x68, 0x04,
  0x1b, 0x00, 0x58, 0xd5, 0x0b, 0x14, 0x6c, 0x04, 0x1c, 0x00, 0x58, 0xd5,
  0x0b, 0x14, 0x70, 0x04, 0x20, 0x53, 0x40, 0x10, 0x1e, 0x11, 0x3c, 0x7e,
  0x1f, 0x47, 0x3e, 0x7e, 0x1d, 0x00, 0x58, 0xd5, 0x0b, 0x14, 0x74, 0x04,
  0xf9, 0x00, 0x35, 0x02, 0x1a, 0x00, 0x06, 0x86, 0xf9, 0x00, 0x37, 0x02,
  0x1b, 0x01, 0x06, 0x86, 0xf9, 0x00, 0x39, 0x02, 0x1c, 0x02, 0x06, 0x86,
  0x21, 0x53, 0x42, 0x10, 0x20, 0x47, 0x40, 0x7e, 0x1e, 0x00, 0x58, 0xd5,
  0x0b, 0x14, 0x78, 0x04, 0x1f, 0x11, 0x3e, 0x7e, 0xf9, 0x00, 0x3b, 0x02,
  0x1d, 0x03, 0x06, 0x86, 0x22, 0x53, 0x44, 0x10, 0x1c, 0x00, 0x72, 0xd7,
  0x1c, 0x35, 0x6e, 0x04, 0x21, 0x47, 0x42, 0x7e, 0x20, 0x11, 0x40, 0x7e,
  0xf9, 0x00, 0x3d, 0x02, 0x1e, 0x00, 0x06, 0x86, 0x23, 0x53, 0x46, 0x10,
  0x1f, 0x00, 0x58, 0xd5, 0x0b, 0x14, 0x7c, 0x04, 0x22, 0x47, 0x44, 0x7e,
  0x1c, 0x3b, 0x18, 0x38, 0x21, 0x11, 0x42, 0x7e, 0x20, 0x00, 0x58, 0xd5,
  0x0b, 0x14, 0x80, 0x04, 0x24, 0x53, 0x48, 0x10, 0x23, 0x47, 0x46, 0x7e,
  0xf9, 0x00, 0x3f, 0x02, 0x1f, 0x01, 0x06, 0x86, 0x22, 0x11, 0x44, 0x7e,
  0x25, 0x53, 0x4a, 0x10, 0x21, 0x00, 0x58, 0xd5, 0x0b, 0x14, 0x84, 0x04,
  0xf9, 0x00, 0x41, 0x02, 0x20, 0x02, 0x06, 0x86, 0x24, 0x47, 0x48, 0x7e,
  0x23, 0x11, 0x46, 0x7e, 0x22, 0x00, 0x58, 0xd5, 0x0b, 0x14, 0x88, 0x04,
  0x25, 0x47, 0x4a, 0x7e, 0x26, 0x53, 0x4c, 0x10, 0xf9, 0x00, 0x43, 0x02,
  0x21, 0x03, 0x06, 0x86, 0x20, 0x00, 0x72, 0xd7, 0x20, 0x3d, 0x7e, 0x04,
  0x24, 0x11, 0x48, 0x7e, 0x23, 0x00, 0x58, 0xd5, 0x0b, 0x14, 0x8c, 0x04,
  0x27, 0x53, 0x4e, 0x10, 0xf9, 0x00, 0x45, 0x02, 0x22, 0x00, 0x06, 0x86,
  0x25, 0x11, 0x4a, 0x7e, 0x26, 0x47, 0x4c, 0x7e, 0x20, 0x43, 0x1a, 0x38,
  0x08, 0x53, 0x10, 0x10, 0x24, 0x00, 0x58, 0xd5, 0x0b, 0x14, 0x90, 0x04,
  0xf9, 0x00, 0x47, 0x02, 0x23, 0x01, 0x06, 0x86, 0x27, 0x47, 0x4e, 0x7e,
  0x25, 0x00, 0x58, 0xd5, 0x0b, 0x14, 0x94, 0x04, 0x26, 0x11, 0x4c, 0x7e,
  0x09, 0x53, 0x12, 0x10, 0x08, 0x47, 0x10, 0x7e, 0xf9, 0x00, 0x49, 0x02,
  0x24, 0x02, 0x06, 0x86, 0x27, 0x11, 0x4e, 0x7e, 0xf9, 0x00, 0x4b, 0x02,
  0x25, 0x03, 0x06, 0x86, 0x26, 0x00, 0x58, 0xd5, 0x0b, 0x14, 0x98, 0x04,
  0x09, 0x47, 0x12, 0x7e, 0x08, 0x11, 0x10, 0x7e, 0x24, 0x00, 0x72, 0xd7,
  0x24, 0x45, 0x8e, 0x04, 0x27, 0x00, 0x58, 0xd5, 0x0b, 0x14, 0x9c, 0x04,
  0xf9, 0x00, 0x4d, 0x02, 0x26, 0x00, 0x06, 0x86, 0x09, 0x11, 0x12, 0x7e,
  0x08, 0x00, 0x58, 0xd5, 0x0b, 0x14, 0x20, 0x04, 0x24, 0x4b, 0x1c, 0x38,
  0xf9, 0x00, 0x4f, 0x02, 0x27, 0x01, 0x06, 0x86, 0x09, 0x00, 0x58, 0xd5,
  0x0b, 0x14, 0x24, 0x04, 0xf9, 0x00, 0x11, 0x02, 0x08, 0x02, 0x06, 0x86,
  0xf9, 0x00, 0x13, 0x02, 0x09, 0x03, 0x06, 0x86, 0x08, 0x00, 0x72, 0xd7,
  0x08, 0x4d, 0x9e, 0x04, 0x08, 0x13, 0x1e, 0x38, 0x10, 0x64, 0x7c, 0xdb,
  0x2b, 0x0c, 0x00, 0x00, 0x19, 0x03, 0xea, 0xbe, 0xc1, 0x03, 0xfe, 0xbe,
  0xe3, 0xff, 0xa3, 0xbf, 0x00, 0x00, 0x8a, 0xbf, 0x00, 0x03, 0x10, 0x7e,
  0x7e, 0x03, 0x8a, 0xbe, 0xff, 0x10, 0xa6, 0x7d, 0x00, 0x08, 0x00, 0x00,
  0x0a, 0x7e, 0x0a, 0x8a, 0x2e, 0x01, 0x84, 0xbf, 0x08, 0x06, 0x28, 0xf4,
  0x20, 0x00, 0x00, 0xfa, 0x0a, 0x03, 0xfe, 0xbe, 0x80, 0x03, 0x8a, 0xbe,
  0x80, 0x02, 0x12, 0x7e, 0x7f, 0xc0, 0x8c, 0xbf, 0x1b, 0x85, 0x1b, 0x90,
  0x1a, 0x1b, 0x1a, 0x93, 0x1d, 0x01, 0x82, 0xbf, 0x01, 0x07, 0x08, 0xf4,
  0x10, 0x00, 0x00, 0xfa, 0x0a, 0x00, 0x69, 0xd5, 0x08, 0x37, 0x00, 0x02,
  0x19, 0x1a, 0x0b, 0x80, 0x0a, 0x14, 0x14, 0x4a, 0x0b, 0x00, 0x47, 0xd7,
  0x19, 0x14, 0x0a, 0x02, 0x0a, 0x00, 0x46, 0xd7, 0x0a, 0x05, 0x2d, 0x00,
  0x82, 0x14, 0x14, 0x34, 0x7f, 0xc0, 0x8c, 0xbf, 0x01, 0x00, 0xa1, 0xbf,
  0x00, 0x10, 0x30, 0xe0, 0x0b, 0x0b, 0x07, 0x80, 0x00, 0x10, 0x38, 0xe0,
  0x0a, 0x0c, 0x07, 0x80, 0x0a, 0x85, 0x18, 0x8f, 0x18, 0x02, 0x20, 0x7e,
  0x00, 0x44, 0xd8, 0xd9, 0x10, 0x00, 0x00, 0x12, 0x10, 0x44, 0xd8, 0xd9,
  0x10, 0x00, 0x00, 0x14, 0x08, 0x44, 0xd8, 0xd9, 0x10, 0x00, 0x00, 0x16,
  0x18, 0x44, 0xd8, 0xd9, 0x10, 0x00, 0x00, 0x10, 0x7f, 0xc3, 0x8c, 0xbf,
  0x13, 0x05, 0x3a, 0x7e, 0x12, 0x05, 0x38, 0x7e, 0x7f, 0xc2, 0x8c, 0xbf,
  0x14, 0x05, 0x48, 0x7e, 0x15, 0x05, 0x4a, 0x7e, 0x1d, 0x19, 0xa1, 0xbe,
  0x1c, 0x19, 0x9e, 0xbe, 0x1c, 0xff, 0x1f, 0x94, 0x08, 0x00, 0x08, 0x00,
  0x1c, 0xff, 0x20, 0x94, 0x10, 0x00, 0x08, 0x00, 0x1c, 0x98, 0x1c, 0x91,
  0x1d, 0xff, 0x22, 0x94, 0x08, 0x00, 0x08, 0x00, 0x1d, 0xff, 0x23, 0x94,
  0x10, 0x00, 0x08, 0x00, 0x1d, 0x98, 0x1d, 0x91, 0x7f, 0xc1, 0x8c, 0xbf,
  0x16, 0x05, 0x58, 0x7e, 0x17, 0x05, 0x5a, 0x7e, 0x24, 0x19, 0xa6, 0xbe,
  0x24, 0xff, 0x27, 0x94, 0x08, 0x00, 0x08, 0x00, 0x24, 0xff, 0x28, 0x94,
  0x10, 0x00, 0x08, 0x00, 0x24, 0x98, 0x24, 0x91, 0x25, 0x19, 0xa9, 0xbe,
  0x25, 0xff, 0x2a, 0x94, 0x08, 0x00, 0x08, 0x00, 0x25, 0xff, 0x2b, 0x94,
  0x10, 0x00, 0x08, 0x00, 0x25, 0x98, 0x25, 0x91, 0x7f, 0xc0, 0x8c, 0xbf,
  0x10, 0x05, 0x68, 0x7e, 0x11, 0x05, 0x6a, 0x7e, 0x2c, 0xff, 0x2f, 0x94,
  0x08, 0x00, 0x08, 0x00, 0x2c, 0xff, 0x30, 0x94, 0x10, 0x00, 0x08, 0x00,
  0x2c, 0x19, 0xae, 0xbe, 0x2c, 0x98, 0x2c, 0x91, 0x2d, 0x19, 0xb1, 0xbe,
  0x2d, 0xff, 0x32, 0x94, 0x08, 0x00, 0x08, 0x00, 0x2d, 0xff, 0x33, 0x94,
  0x10, 0x00, 0x08, 0x00, 0x34, 0x19, 0xb6, 0xbe, 0x34, 0xff, 0x37, 0x94,
  0x08, 0x00, 0x08, 0x00, 0x34, 0xff, 0x38, 0x94, 0x10, 0x00, 0x08, 0x00,
  0x34, 0x98, 0x34, 0x91, 0x35, 0xff, 0x3a, 0x94, 0x08, 0x00, 0x08, 0x00,
  0x35, 0xff, 0x3b, 0x94, 0x10, 0x00, 0x08, 0x00, 0x2d, 0x98, 0x2d, 0x91,
  0x35, 0x19, 0xb9, 0xbe, 0x35, 0x98, 0x35, 0x91, 0x0a, 0x82, 0x3c, 0x8f,
  0x3c, 0x02, 0x22, 0x7e, 0x00, 0x40, 0xd8, 0xd8, 0x11, 0x00, 0x00, 0x11,
  0x0a, 0x81, 0x0a, 0x80, 0x70, 0x3f, 0x8c, 0xbf, 0x14, 0x00, 0x48, 0xd5,
  0x0c, 0x11, 0x11, 0x02, 0x16, 0x00, 0x48, 0xd5, 0x0c, 0x21, 0x11, 0x02,
  0x8f, 0x18, 0x24, 0x36, 0x13, 0x00, 0x48, 0xd5, 0x0c, 0x09, 0x11, 0x02,
  0x15, 0x00, 0x48, 0xd5, 0x0c, 0x19, 0x11, 0x02, 0x17, 0x00, 0x48, 0xd5,
  0x0c, 0x29, 0x11, 0x02, 0x18, 0x00, 0x48, 0xd5, 0x0c, 0x31, 0x11, 0x02,
  0xc8, 0x28, 0x28, 0x4a, 0xc8, 0x2c, 0x2c, 0x4a, 0xc8, 0x24, 0x24, 0x4a,
  0x0c, 0x00, 0x48, 0xd5, 0x0c, 0x39, 0x11, 0x02, 0xc8, 0x26, 0x26, 0x4a,
  0xc8, 0x2a, 0x2a, 0x4a, 0xc8, 0x2e, 0x2e, 0x4a, 0xc8, 0x30, 0x30, 0x4a,
  0x8f, 0x1a, 0x32, 0x36, 0x14, 0x00, 0x69, 0xd5, 0x14, 0x3f, 0x00, 0x02,
  0x16, 0x00, 0x69, 0xd5, 0x16, 0x41, 0x00, 0x02, 0x12, 0x00, 0x69, 0xd5,
  0x12, 0x3d, 0x00, 0x02, 0xc8, 0x18, 0x18, 0x4a, 0x1a, 0x00, 0x48, 0xd5,
  0x0d, 0x09, 0x11, 0x02, 0x13, 0x00, 0x69, 0xd5, 0x13, 0x4d, 0x00, 0x02,
  0x15, 0x00, 0x69, 0xd5, 0x15, 0x4f, 0x00, 0x02, 0x17, 0x00, 0x69, 0xd5,
  0x17, 0x51, 0x00, 0x02, 0x18, 0x00, 0x69, 0xd5, 0x18, 0x39, 0x00, 0x02,
  0xc8, 0x32, 0x32, 0x4a, 0x1b, 0x00, 0x48, 0xd5, 0x0d, 0x11, 0x11, 0x02,
  0x0c, 0x00, 0x69, 0xd5, 0x0c, 0x49, 0x00, 0x02, 0xc8, 0x34, 0x34, 0x4a,
  0x1c, 0x00, 0x48, 0xd5, 0x0d, 0x19, 0x11, 0x02, 0x14, 0x00, 0x6d, 0xd7,
  0x14, 0x25, 0x4e, 0x04, 0x1d, 0x00, 0x48, 0xd5, 0x0d, 0x21, 0x11, 0x02,
  0x19, 0x00, 0x69, 0xd5, 0x19, 0x43, 0x00, 0x02, 0xc8, 0x36, 0x36, 0x4a,
  0x1e, 0x00, 0x48, 0xd5, 0x0d, 0x29, 0x11, 0x02, 0x1a, 0x00, 0x69, 0xd5,
  0x1a, 0x53, 0x00, 0x02, 0xc8, 0x38, 0x38, 0x4a, 0x16, 0x00, 0x6d, 0xd7,
  0x16, 0x29, 0x56, 0x04, 0x1f, 0x00, 0x48, 0xd5, 0x0d, 0x31, 0x11, 0x02,
  0xc8, 0x3a, 0x3a, 0x4a, 0x1b, 0x00, 0x69, 0xd5, 0x1b, 0x45, 0x00, 0x02,
  0xc8, 0x3c, 0x3c, 0x4a, 0x0d, 0x00, 0x48, 0xd5, 0x0d, 0x39, 0x11, 0x02,
  0x8f, 0x1c, 0x40, 0x36, 0x1c, 0x00, 0x69, 0xd5, 0x1c, 0x55, 0x00, 0x02,
  0x18, 0x00, 0x6d, 0xd7, 0x18, 0x2d, 0x5e, 0x04, 0xc8, 0x3e, 0x3e, 0x4a,
  0x1d, 0x00, 0x69, 0xd5, 0x1d, 0x47, 0x00, 0x02, 0x21, 0x00, 0x48, 0xd5,
  0x0e, 0x09, 0x11, 0x02, 0x1e, 0x00, 0x69, 0xd5, 0x1e, 0x57, 0x00, 0x02,
  0xc8, 0x1a, 0x1a, 0x4a, 0xc8, 0x40, 0x40, 0x4a, 0x22, 0x00, 0x48, 0xd5,
  0x0e, 0x11, 0x11, 0x02, 0x19, 0x00, 0x6d, 0xd7, 0x19, 0x31, 0x32, 0x04,
  0x1f, 0x00, 0x69, 0xd5, 0x1f, 0x3b, 0x00, 0x02, 0x23, 0x00, 0x48, 0xd5,
  0x0e, 0x19, 0x11, 0x02, 0xc8, 0x42, 0x42, 0x4a, 0x24, 0x00, 0x48, 0xd5,
  0x0e, 0x21, 0x11, 0x02, 0x0d, 0x00, 0x69, 0xd5, 0x0d, 0x4b, 0x00, 0x02,
  0x20, 0x00, 0x69, 0xd5, 0x20, 0x5d, 0x00, 0x02, 0xc8, 0x44, 0x44, 0x4a,
  0x1b, 0x00, 0x6d, 0xd7, 0x1b, 0x33, 0x6a, 0x04, 0x25, 0x00, 0x48, 0xd5,
  0x0e, 0x29, 0x11, 0x02, 0xc8, 0x46, 0x46, 0x4a, 0x21, 0x00, 0x69, 0xd5,
  0x21, 0x6d, 0x00, 0x02, 0xc8, 0x48, 0x48, 0x4a, 0x26, 0x00, 0x48, 0xd5,
  0x0e, 0x31, 0x11, 0x02, 0x22, 0x00, 0x69, 0xd5, 0x22, 0x5f, 0x00, 0x02,
  0x1d, 0x00, 0x6d, 0xd7, 0x1d, 0x37, 0x72, 0x04, 0xc8, 0x4a, 0x4a, 0x4a,
  0x0e, 0x00, 0x48, 0xd5, 0x0e, 0x39, 0x11, 0x02, 0x23, 0x00, 0x69, 0xd5,
  0x23, 0x6f, 0x00, 0x02, 0x24, 0x00, 0x69, 0xd5, 0x24, 0x61, 0x00, 0x02,
  0x8f, 0x1e, 0x4e, 0x36, 0xc8, 0x4c, 0x4c, 0x4a, 0x1f, 0x00, 0x6d, 0xd7,
  0x1f, 0x3b, 0x7a, 0x04, 0x25, 0x00, 0x69, 0xd5, 0x25, 0x71, 0x00, 0x02,
  0x28, 0x00, 0x48, 0xd5, 0x0f, 0x09, 0x11, 0x02, 0xc8, 0x1c, 0x1c, 0x4a,
  0x29, 0x00, 0x48, 0xd5, 0x0f, 0x11, 0x11, 0x02, 0xc8, 0x4e, 0x4e, 0x4a,
  0x26, 0x00, 0x69, 0xd5, 0x26, 0x59, 0x00, 0x02, 0x20, 0x00, 0x6d, 0xd7,
  0x20, 0x3f, 0x36, 0x04, 0x2a, 0x00, 0x48, 0xd5, 0x0f, 0x19, 0x11, 0x02,
  0xc8, 0x50, 0x50, 0x4a, 0x0e, 0x00, 0x69, 0xd5, 0x0e, 0x69, 0x00, 0x02,
  0x2b, 0x00, 0x48, 0xd5, 0x0f, 0x21, 0x11, 0x02, 0xc8, 0x52, 0x52, 0x4a,
  0x27, 0x00, 0x69, 0xd5, 0x27, 0x63, 0x00, 0x02, 0x22, 0x00, 0x6d, 0xd7,
  0x22, 0x41, 0x86, 0x04, 0x2c, 0x00, 0x48, 0xd5, 0x0f, 0x29, 0x11, 0x02,
  0xc8, 0x54, 0x54, 0x4a, 0x28, 0x00, 0x69, 0xd5, 0x28, 0x73, 0x00, 0x02,
  0x2d, 0x00, 0x48, 0xd5, 0x0f, 0x31, 0x11, 0x02, 0xc8, 0x56, 0x56, 0x4a,
  0x29, 0x00, 0x69, 0xd5, 0x29, 0x65, 0x00, 0x02, 0x24, 0x00, 0x6d, 0xd7,
  0x24, 0x45, 0x8e, 0x04, 0xc8, 0x58, 0x58, 0x4a, 0x0f, 0x00, 0x48, 0xd5,
  0x0f, 0x39, 0x11, 0x02, 0x2a, 0x00, 0x69, 0xd5, 0x2a, 0x75, 0x00, 0x02,
  0xc8, 0x5a, 0x5a, 0x4a, 0x2b, 0x00, 0x69, 0xd5, 0x2b, 0x67, 0x00, 0x02,
  0x26, 0x00, 0x6d, 0xd7, 0x26, 0x49, 0x96, 0x04, 0x2c, 0x00, 0x69, 0xd5,
  0x2c, 0x77, 0x00, 0x02, 0xc8, 0x1e, 0x1e, 0x4a, 0x2d, 0x00, 0x69, 0xd5,
  0x2d, 0x5b, 0x00, 0x02, 0x27, 0x00, 0x6d, 0xd7, 0x27, 0x4d, 0x3a, 0x04,
  0x0f, 0x00, 0x69, 0xd5, 0x0f, 0x6b, 0x00, 0x02, 0x29, 0x00, 0x6d, 0xd7,
  0x29, 0x4f, 0xa2, 0x04, 0x2b, 0x00, 0x6d, 0xd7, 0x2b, 0x53, 0xaa, 0x04,
  0x2d, 0x00, 0x6d, 0xd7, 0x2d, 0x57, 0xb2, 0x04, 0x2d, 0x1f, 0x5a, 0x4a,
  0x2d, 0x0b, 0x5a, 0x7e, 0x2d, 0x17, 0x5a, 0x10, 0x7f, 0xc0, 0x8c, 0xbf,
  0x11, 0x5b, 0x22, 0x10, 0x09, 0x23, 0x12, 0x06, 0x0a, 0x1b, 0x09, 0xbf,
  0xe1, 0xfe, 0x84, 0xbf, 0x82, 0x10, 0x14, 0x34, 0x00, 0x00, 0x34, 0xd8,
  0x0a, 0x09, 0x00, 0x00, 0xff, 0x10, 0x10, 0x4a, 0x00, 0x01, 0x00, 0x00,
  0xcd, 0xfe, 0x82, 0xbf, 0xc1, 0x03, 0xfe, 0xbe, 0xe3, 0xff, 0xa3, 0xbf,
  0x00, 0x00, 0x8a, 0xbf, 0x00, 0x04, 0xe0, 0xd8, 0x01, 0x00, 0x00, 0x08,
  0x64, 0x68, 0xe0, 0xd8, 0x01, 0x00, 0x00, 0x0a, 0x7f, 0xc0, 0x8c, 0xbf,
  0x0a, 0x11, 0x14, 0x06, 0x0b, 0x13, 0x16, 0x06, 0x64, 0x68, 0x3c, 0xd8,
  0x01, 0x0a, 0x0b, 0x00, 0x08, 0x0c, 0xe0, 0xd8, 0x01, 0x00, 0x00, 0x08,
  0x6c, 0x70, 0xe0, 0xd8, 0x01, 0x00, 0x00, 0x0c, 0x0a, 0x15, 0x14, 0x10,
  0x0b, 0x17, 0x16, 0x10, 0x0a, 0x17, 0x14, 0x06, 0x7f, 0xc0, 0x8c, 0xbf,
  0x0d, 0x13, 0x1a, 0x06, 0x0c, 0x11, 0x18, 0x06, 0x0c, 0x19, 0x10, 0x10,
  0x0a, 0x11, 0x14, 0x06, 0x6c, 0x70, 0x3c, 0xd8, 0x01, 0x0c, 0x0d, 0x00,
  0x10, 0x14, 0xe0, 0xd8, 0x01, 0x00, 0x00, 0x08, 0x74, 0x78, 0xe0, 0xd8,
  0x01, 0x00, 0x00, 0x0e, 0x0d, 0x1b, 0x1a, 0x10, 0x0a, 0x1b, 0x14, 0x06,
  0x7f, 0xc0, 0x8c, 0xbf, 0x0e, 0x11, 0x1c, 0x06, 0x0f, 0x13, 0x1e, 0x06,
  0x0e, 0x1d, 0x16, 0x10, 0x0a, 0x17, 0x14, 0x06, 0x74, 0x78, 0x3c, 0xd8,
  0x01, 0x0e, 0x0f, 0x00, 0x18, 0x1c, 0xe0, 0xd8, 0x01, 0x00, 0x00, 0x08,
  0x7c, 0x80, 0xe0, 0xd8, 0x01, 0x00, 0x00, 0x0c, 0x0f, 0x1f, 0x1e, 0x10,
  0x0a, 0x1f, 0x14, 0x06, 0x7f, 0xc0, 0x8c, 0xbf, 0x0d, 0x13, 0x1a, 0x06,
  0x0c, 0x11, 0x18, 0x06, 0x0c, 0x19, 0x1c, 0x10, 0x0a, 0x1d, 0x14, 0x06,
  0x7c, 0x80, 0x3c, 0xd8, 0x01, 0x0c, 0x0d, 0x00, 0x0d, 0x1b, 0x1a, 0x10,
  0x0a, 0x1b, 0x14, 0x06, 0x6a, 0x03, 0xfe, 0xbe, 0x06, 0x00, 0x88, 0xbf,
  0x20, 0x84, 0xe0, 0xd8, 0x01, 0x00, 0x00, 0x08, 0x7f, 0xc0, 0x8c, 0xbf,
  0x09, 0x11, 0x12, 0x06, 0x00, 0x84, 0x34, 0xd8, 0x01, 0x09, 0x00, 0x00,
  0xc1, 0x03, 0xfe, 0xbe, 0x00, 0x84, 0x34, 0xd8, 0x01, 0x0a, 0x00, 0x00,
  0xe3, 0xff, 0xa3, 0xbf, 0x00, 0x00, 0x8a, 0xbf, 0x00, 0x03, 0xfe, 0xbe,
  0x06, 0x00, 0x88, 0xbf, 0x84, 0x86, 0xe0, 0xd8, 0x01, 0x00, 0x00, 0x08,
  0x7f, 0xc0, 0x8c, 0xbf, 0x08, 0x13, 0x10, 0x06, 0x00, 0x84, 0x34, 0xd8,
  0x01, 0x08, 0x00, 0x00, 0xe3, 0xff, 0xa3, 0xbf, 0x00, 0x00, 0x8a, 0xbf,
  0x01, 0x03, 0xfe, 0xbe, 0x06, 0x00, 0x88, 0xbf, 0x84, 0x85, 0xe0, 0xd8,
  0x01, 0x00, 0x00, 0x08, 0x7f, 0xc0, 0x8c, 0xbf, 0x08, 0x13, 0x10, 0x06,
  0x00, 0x84, 0x34, 0xd8, 0x01, 0x08, 0x00, 0x00, 0xe3, 0xff, 0xa3, 0xbf,
  0x00, 0x00, 0x8a, 0xbf, 0x04, 0x03, 0xfe, 0xbe, 0x08, 0x00, 0x88, 0xbf,
  0xff, 0x02, 0x10, 0x4a, 0x00, 0x84, 0x00, 0x00, 0x00, 0x20, 0xdc, 0xd8,
  0x08, 0x00, 0x00, 0x08, 0x7f, 0xc0, 0x8c, 0xbf, 0x08, 0x13, 0x10, 0x06,
  0x00, 0x84, 0x34, 0xd8, 0x01, 0x08, 0x00, 0x00, 0xe3, 0xff, 0xa3, 0xbf,
  0x00, 0x00, 0x8a, 0xbf, 0x05, 0x03, 0xfe, 0xbe, 0x08, 0x00, 0x88, 0xbf,
  0xff, 0x02, 0x10, 0x4a, 0x00, 0x84, 0x00, 0x00, 0x00, 0x10, 0xdc, 0xd8,
  0x08, 0x00, 0x00, 0x08, 0x7f, 0xc0, 0x8c, 0xbf, 0x08, 0x13, 0x10, 0x06,
  0x00, 0x84, 0x34, 0xd8, 0x01, 0x08, 0x00, 0x00, 0xe3, 0xff, 0xa3, 0xbf,
  0x00, 0x00, 0x8a, 0xbf, 0x06, 0x03, 0xfe, 0xbe, 0x08, 0x00, 0x88, 0xbf,
  0xff, 0x02, 0x10, 0x4a, 0x00, 0x84, 0x00, 0x00, 0x00, 0x08, 0xdc, 0xd8,
  0x08, 0x00, 0x00, 0x08, 0x7f, 0xc0, 0x8c, 0xbf, 0x08, 0x13, 0x10, 0x06,
  0x00, 0x84, 0x34, 0xd8, 0x01, 0x08, 0x00, 0x00, 0xe3, 0xff, 0xa3, 0xbf,
  0x00, 0x00, 0x8a, 0xbf, 0x07, 0x03, 0xfe, 0xbe, 0x08, 0x00, 0x88, 0xbf,
  0xff, 0x02, 0x10, 0x4a, 0x00, 0x84, 0x00, 0x00, 0x00, 0x04, 0xdc, 0xd8,
  0x08, 0x00, 0x00, 0x08, 0x7f, 0xc0, 0x8c, 0xbf, 0x08, 0x13, 0x10, 0x06,
  0x00, 0x84, 0x34, 0xd8, 0x01, 0x08, 0x00, 0x00, 0xe3, 0xff, 0xa3, 0xbf,
  0x00, 0x00, 0x8a, 0xbf, 0x08, 0x03, 0xfe, 0xbe, 0x08, 0x00, 0x88, 0xbf,
  0xff, 0x02, 0x10, 0x4a, 0x00, 0x84, 0x00, 0x00, 0x00, 0x02, 0xdc, 0xd8,
  0x08, 0x00, 0x00, 0x08, 0x7f, 0xc0, 0x8c, 0xbf, 0x08, 0x13, 0x10, 0x06,
  0x00, 0x84, 0x34, 0xd8, 0x01, 0x08, 0x00, 0x00, 0xe3, 0xff, 0xa3, 0xbf,
  0x00, 0x00, 0x8a, 0xbf, 0x09, 0x03, 0xfe, 0xbe, 0x09, 0x00, 0x88, 0xbf,
  0x80, 0x02, 0x10, 0x7e, 0x04, 0x84, 0xd8, 0xd8, 0x08, 0x00, 0x00, 0x08,
  0x00, 0x84, 0xd8, 0xd8, 0x01, 0x00, 0x00, 0x09, 0x7f, 0xc0, 0x8c, 0xbf,
  0x08, 0x13, 0x10, 0x06, 0x00, 0x84, 0x34, 0xd8, 0x01, 0x08, 0x00, 0x00,
  0xc1, 0x03, 0xfe, 0xbe, 0xff, 0x02, 0x10, 0x4a, 0x00, 0x20, 0x00, 0x00,
  0xff, 0x02, 0x12, 0x4a, 0x00, 0x24, 0x00, 0x00, 0xff, 0x02, 0x14, 0x4a,
  0x00, 0x28, 0x00, 0x00, 0xff, 0x02, 0x16, 0x4a, 0x00, 0x2c, 0x00, 0x00,
  0xff, 0x02, 0x18, 0x4a, 0x00, 0x30, 0x00, 0x00, 0xff, 0x02, 0x1a, 0x4a,
  0x00, 0x34, 0x00, 0x00, 0xff, 0x02, 0x1c, 0x4a, 0x00, 0x38, 0x00, 0x00,
  0xff, 0x02, 0x1e, 0x4a, 0x00, 0x3c, 0x00, 0x00, 0x07, 0x00, 0xa1, 0xbf,
  0x00, 0x10, 0x30, 0xe0, 0x08, 0x10, 0x03, 0x80, 0x00, 0x10, 0x30, 0xe0,
  0x09, 0x09, 0x03, 0x80, 0x00, 0x10, 0x30, 0xe0, 0x0a, 0x0a, 0x03, 0x80,
  0x00, 0x10, 0x30, 0xe0, 0x0b, 0x0b, 0x03, 0x80, 0x00, 0x10, 0x30, 0xe0,
  0x0c, 0x0c, 0x03, 0x80, 0x00, 0x10, 0x30, 0xe0, 0x0d, 0x0d, 0x03, 0x80,
  0x00, 0x10, 0x30, 0xe0, 0x0e, 0x0e, 0x03, 0x80, 0x00, 0x10, 0x30, 0xe0,
  0x0f, 0x0f, 0x03, 0x80, 0xe3, 0xff, 0xa3, 0xbf, 0x00, 0x00, 0x8a, 0xbf,
  0x80, 0x02, 0x22, 0x7e, 0x00, 0x84, 0xd8, 0xd8, 0x11, 0x00, 0x00, 0x11,
  0x64, 0x68, 0xe0, 0xd8, 0x01, 0x00, 0x00, 0x12, 0x7f, 0xc1, 0x8c, 0xbf,
  0xff, 0x22, 0x22, 0x10, 0x00, 0x00, 0x00, 0x3a, 0xff, 0x22, 0x22, 0x06,
  0xac, 0xc5, 0x27, 0x37, 0x11, 0x5d, 0x22, 0x7e, 0x7f, 0xc0, 0x8c, 0xbf,
  0x12, 0x23, 0x24, 0x10, 0x13, 0x23, 0x26, 0x10, 0x77, 0x3f, 0x8c, 0xbf,
  0x12, 0x21, 0x24, 0x10, 0x76, 0x3f, 0x8c, 0xbf, 0x13, 0x13, 0x26, 0x10,
  0x00, 0x04, 0x3c, 0xd8, 0x01, 0x12, 0x13, 0x00, 0x6c, 0x70, 0xe0, 0xd8,
  0x01, 0x00, 0x00, 0x12, 0x7f, 0xc0, 0x8c, 0xbf, 0x13, 0x23, 0x26, 0x10,
  0x12, 0x23, 0x24, 0x10, 0x74, 0x3f, 0x8c, 0xbf, 0x13, 0x17, 0x26, 0x10,
  0x12, 0x15, 0x24, 0x10, 0x08, 0x0c, 0x3c, 0xd8, 0x01, 0x12, 0x13, 0x00,
  0x74, 0x78, 0xe0, 0xd8, 0x01, 0x00, 0x00, 0x0a, 0x7f, 0xc0, 0x8c, 0xbf,
  0x0a, 0x23, 0x14, 0x10, 0x0b, 0x23, 0x16, 0x10, 0x73, 0x3f, 0x8c, 0xbf,
  0x0a, 0x19, 0x14, 0x10, 0x72, 0x3f, 0x8c, 0xbf, 0x0b, 0x1b, 0x16, 0x10,
  0x10, 0x14, 0x3c, 0xd8, 0x01, 0x0a, 0x0b, 0x00, 0x7c, 0x80, 0xe0, 0xd8,
  0x01, 0x00, 0x00, 0x0a, 0x7f, 0xc0, 0x8c, 0xbf, 0x0a, 0x23, 0x14, 0x10,
  0x0b, 0x23, 0x16, 0x10, 0x71, 0x3f, 0x8c, 0xbf, 0x0a, 0x1d, 0x14, 0x10,
  0x70, 0x3f, 0x8c, 0xbf, 0x0b, 0x1f, 0x16, 0x10, 0x18, 0x1c, 0x3c, 0xd8,
  0x01, 0x0a, 0x0b, 0x00, 0x6a, 0x03, 0xfe, 0xbe, 0x0a, 0x00, 0x88, 0xbf,
  0x00, 0x10, 0x30, 0xe0, 0x07, 0x07, 0x03, 0x80, 0x00, 0x84, 0xd8, 0xd8,
  0x01, 0x00, 0x00, 0x09, 0x7f, 0xc0, 0x8c, 0xbf, 0x09, 0x23, 0x12, 0x10,
  0x70, 0x3f, 0x8c, 0xbf, 0x09, 0x0f, 0x12, 0x10, 0x00, 0x20, 0x34, 0xd8,
  0x01, 0x09, 0x00, 0x00, 0xe3, 0xff, 0xa3, 0xbf, 0x00, 0x00, 0x8a, 0xbf,
  0x01, 0x03, 0xfe, 0xbe, 0xaf, 0x02, 0x88, 0xbf, 0x87, 0x00, 0x0e, 0x34,
  0x00, 0x00, 0xd8, 0xd9, 0x07, 0x00, 0x00, 0x0a, 0x08, 0x00, 0xd8, 0xd9,
  0x07, 0x00, 0x00, 0x0c, 0x10, 0x00, 0xd8, 0xd9, 0x07, 0x00, 0x00, 0x0e,
  0x18, 0x00, 0xd8, 0xd9, 0x07, 0x00, 0x00, 0x10, 0x20, 0x00, 0xd8, 0xd9,
  0x07, 0x00, 0x00, 0x12, 0x28, 0x00, 0xd8, 0xd9, 0x07, 0x00, 0x00, 0x14,
  0x30, 0x00, 0xd8, 0xd9, 0x07, 0x00, 0x00, 0x16, 0x38, 0x00, 0xd8, 0xd9,
  0x07, 0x00, 0x00, 0x18, 0x40, 0x00, 0xd8, 0xd9, 0x07, 0x00, 0x00, 0x1a,
  0x48, 0x00, 0xd8, 0xd9, 0x07, 0x00, 0x00, 0x1c, 0x50, 0x00, 0xd8, 0xd9,
  0x07, 0x00, 0x00, 0x1e, 0x58, 0x00, 0xd8, 0xd9, 0x07, 0x00, 0x00, 0x20,
  0x60, 0x00, 0xd8, 0xd9, 0x07, 0x00, 0x00, 0x22, 0x68, 0x00, 0xd8, 0xd9,
  0x07, 0x00, 0x00, 0x24, 0x70, 0x00, 0xd8, 0xd9, 0x07, 0x00, 0x00, 0x26,
  0x78, 0x00, 0xd8, 0xd9, 0x07, 0x00, 0x00, 0x28, 0x7f, 0x00, 0x00, 0xb0,
  0x81, 0xff, 0x01, 0xb0, 0x7f, 0xce, 0x8c, 0xbf, 0x09, 0x07, 0x54, 0xd5,
  0x0a, 0x17, 0x32, 0x04, 0x7f, 0xcd, 0x8c, 0xbf, 0x09, 0x06, 0x54, 0xd5,
  0x09, 0x1b, 0x3a, 0x04, 0x7f, 0xcc, 0x8c, 0xbf, 0x09, 0x06, 0x54, 0xd5,
  0x09, 0x1f, 0x42, 0x04, 0x7f, 0xcb, 0x8c, 0xbf, 0x09, 0x06, 0x54, 0xd5,
  0x09, 0x23, 0x4a, 0x04, 0x7f, 0xca, 0x8c, 0xbf, 0x09, 0x06, 0x54, 0xd5,
  0x09, 0x27, 0x52, 0x04, 0x7f, 0xc9, 0x8c, 0xbf, 0x09, 0x06, 0x54, 0xd5,
  0x09, 0x2b, 0x5a, 0x04, 0x7f, 0xc8, 0x8c, 0xbf, 0x09, 0x06, 0x54, 0xd5,
  0x09, 0x2f, 0x62, 0x04, 0x7f, 0xc7, 0x8c, 0xbf, 0x09, 0x06, 0x54, 0xd5,
  0x09, 0x33, 0x6a, 0x04, 0x7f, 0xc6, 0x8c, 0xbf, 0x09, 0x06, 0x54, 0xd5,
  0x09, 0x37, 0x72, 0x04, 0x7f, 0xc5, 0x8c, 0xbf, 0x09, 0x06, 0x54, 0xd5,
  0x09, 0x3b, 0x7a, 0x04, 0x7f, 0xc4, 0x8c, 0xbf, 0x09, 0x06, 0x54, 0xd5,
  0x09, 0x3f, 0x82, 0x04, 0x7f, 0xc3, 0x8c, 0xbf, 0x09, 0x06, 0x54, 0xd5,
  0x09, 0x43, 0x8a, 0x04, 0x7f, 0xc2, 0x8c, 0xbf, 0x09, 0x06, 0x54, 0xd5,
  0x09, 0x47, 0x92, 0x04, 0x7f, 0xc1, 0x8c, 0xbf, 0x09, 0x06, 0x54, 0xd5,
  0x09, 0x4b, 0x9a, 0x04, 0x7f, 0xc0, 0x8c, 0xbf, 0x09, 0x06, 0x54, 0xd5,
  0x09, 0x4f, 0xa2, 0x04, 0x09, 0x02, 0x10, 0xd5, 0x09, 0x53, 0x02, 0x02,
  0xff, 0x12, 0x12, 0x10, 0x04, 0x02, 0x01, 0x3c, 0x00, 0x40, 0x34, 0xd8,
  0x01, 0x09, 0x00, 0x00, 0x6a, 0x03, 0x85, 0xbe, 0x09, 0x55, 0x54, 0x7e,
  0x04, 0x00, 0x02, 0xd4, 0x80, 0x12, 0x02, 0x02, 0x04, 0x03, 0xea, 0xbe,
  0x0c, 0x55, 0x18, 0x10, 0x0a, 0x55, 0x14, 0x10, 0x0b, 0x55, 0x16, 0x10,
  0x0d, 0x55, 0x1a, 0x10, 0x0c, 0x47, 0x18, 0x7e, 0x0a, 0x47, 0x14, 0x7e,
  0x0b, 0x47, 0x16, 0x7e, 0x0d, 0x47, 0x1a, 0x7e, 0x0e, 0x55, 0x1c, 0x10,
  0x0c, 0x11, 0x18, 0x7e, 0x0a, 0x11, 0x14, 0x7e, 0x0b, 0x11, 0x16, 0x7e,
  0x0f, 0x55, 0x1e, 0x10, 0x0d, 0x11, 0x1a, 0x7e, 0x0e, 0x47, 0x1c, 0x7e,
  0x0c, 0x00, 0x58, 0xd5, 0x00, 0x02, 0x30, 0x04, 0x0a, 0x00, 0x58, 0xd5,
  0x00, 0x02, 0x28, 0x04, 0x0b, 0x00, 0x58, 0xd5, 0x00, 0x02, 0x2c, 0x04,
  0x10, 0x55, 0x20, 0x10, 0x0f, 0x47, 0x1e, 0x7e, 0x0d, 0x00, 0x58, 0xd5,
  0x00, 0x02, 0x34, 0x04, 0x0e, 0x11, 0x1c, 0x7e, 0xf9, 0x00, 0x19, 0x02,
  0x0c, 0x02, 0x06, 0x86, 0xf9, 0x00, 0x15, 0x02, 0x0a, 0x00, 0x06, 0x86,
  0xf9, 0x00, 0x17, 0x02, 0x0b, 0x01, 0x06, 0x86, 0x11, 0x55, 0x22, 0x10,
  0x10, 0x47, 0x20, 0x7e, 0x0f, 0x11, 0x1e, 0x7e, 0xf9, 0x00, 0x1b, 0x02,
  0x0d, 0x03, 0x06, 0x86, 0x0e, 0x00, 0x58, 0xd5, 0x00, 0x02, 0x38, 0x04,
  0x12, 0x55, 0x24, 0x10, 0x0c, 0x00, 0x72, 0xd7, 0x0c, 0x15, 0x2e, 0x04,
  0x11, 0x47, 0x22, 0x7e, 0x10, 0x11, 0x20, 0x7e, 0x0f, 0x00, 0x58, 0xd5,
  0x00, 0x02, 0x3c, 0x04, 0x13, 0x55, 0x26, 0x10, 0xf9, 0x00, 0x1d, 0x02,
  0x0e, 0x00, 0x06, 0x86, 0x12, 0x47, 0x24, 0x7e, 0x0c, 0x1b, 0x58, 0x38,
  0x11, 0x11, 0x22, 0x7e, 0x10, 0x00, 0x58, 0xd5, 0x00, 0x02, 0x40, 0x04,
  0x14, 0x55, 0x28, 0x10, 0xf9, 0x00, 0x1f, 0x02, 0x0f, 0x01, 0x06, 0x86,
  0x13, 0x47, 0x26, 0x7e, 0x12, 0x11, 0x24, 0x7e, 0x15, 0x55, 0x2a, 0x10,
  0x11, 0x00, 0x58, 0xd5, 0x00, 0x02, 0x44, 0x04, 0xf9, 0x00, 0x21, 0x02,
  0x10, 0x02, 0x06, 0x86, 0x14, 0x47, 0x28, 0x7e, 0x13, 0x11, 0x26, 0x7e,
  0x12, 0x00, 0x58, 0xd5, 0x00, 0x02, 0x48, 0x04, 0x15, 0x47, 0x2a, 0x7e,
  0x16, 0x55, 0x2c, 0x10, 0xf9, 0x00, 0x23, 0x02, 0x11, 0x03, 0x06, 0x86,
  0x10, 0x00, 0x72, 0xd7, 0x10, 0x1d, 0x3e, 0x04, 0x14, 0x11, 0x28, 0x7e,
  0x13, 0x00, 0x58, 0xd5, 0x00, 0x02, 0x4c, 0x04, 0x17, 0x55, 0x2e, 0x10,
  0xf9, 0x00, 0x25, 0x02, 0x12, 0x00, 0x06, 0x86, 0x15, 0x11, 0x2a, 0x7e,
  0x16, 0x47, 0x2c, 0x7e, 0x10, 0x23, 0x5a, 0x38, 0x18, 0x55, 0x30, 0x10,
  0x14, 0x00, 0x58, 0xd5, 0x00, 0x02, 0x50, 0x04, 0xf9, 0x00, 0x27, 0x02,
  0x13, 0x01, 0x06, 0x86, 0x17, 0x47, 0x2e, 0x7e, 0x15, 0x00, 0x58, 0xd5,
  0x00, 0x02, 0x54, 0x04, 0x16, 0x11, 0x2c, 0x7e, 0x19, 0x55, 0x32, 0x10,
  0x18, 0x47, 0x30, 0x7e, 0xf9, 0x00, 0x29, 0x02, 0x14, 0x02, 0x06, 0x86,
  0x17, 0x11, 0x2e, 0x7e, 0xf9, 0x00, 0x2b, 0x02, 0x15, 0x03, 0x06, 0x86,
  0x16, 0x00, 0x58, 0xd5, 0x00, 0x02, 0x58, 0x04, 0x85, 0x00, 0x56, 0x34,
  0x19, 0x47, 0x32, 0x7e, 0x18, 0x11, 0x30, 0x7e, 0x14, 0x00, 0x72, 0xd7,
  0x14, 0x25, 0x4e, 0x04, 0x17, 0x00, 0x58, 0xd5, 0x00, 0x02, 0x5c, 0x04,
  0xf9, 0x00, 0x2d, 0x02, 0x16, 0x00, 0x06, 0x86, 0x19, 0x11, 0x32, 0x7e,
  0x18, 0x00, 0x58, 0xd5, 0x00, 0x02, 0x60, 0x04, 0x14, 0x2b, 0x5c, 0x38,
  0xf9, 0x00, 0x2f, 0x02, 0x17, 0x01, 0x06, 0x86, 0x19, 0x00, 0x58, 0xd5,
  0x00, 0x02, 0x64, 0x04, 0xf9, 0x00, 0x31, 0x02, 0x18, 0x02, 0x06, 0x86,
  0xf9, 0x00, 0x33, 0x02, 0x19, 0x03, 0x06, 0x86, 0x18, 0x00, 0x72, 0xd7,
  0x18, 0x2d, 0x5e, 0x04, 0x18, 0x33, 0x5e, 0x38, 0x00, 0x44, 0x7c, 0xdb,
  0x2b, 0x2c, 0x00, 0x00, 0x1a, 0x55, 0x34, 0x10, 0x1b, 0x55, 0x36, 0x10,
  0x1c, 0x55, 0x38, 0x10, 0x1d, 0x55, 0x3a, 0x10, 0x1a, 0x47, 0x34, 0x7e,
  0x1b, 0x47, 0x36, 0x7e, 0x1c, 0x47, 0x38, 0x7e, 0x1e, 0x55, 0x3c, 0x10,
  0x1d, 0x47, 0x3a, 0x7e, 0x1a, 0x11, 0x34, 0x7e, 0x1b, 0x11, 0x36, 0x7e,
  0x1c, 0x11, 0x38, 0x7e, 0x1f, 0x55, 0x3e, 0x10, 0x1e, 0x47, 0x3c, 0x7e,
  0x1d, 0x11, 0x3a, 0x7e, 0x1a, 0x00, 0x58, 0xd5, 0x00, 0x02, 0x68, 0x04,
  0x1b, 0x00, 0x58, 0xd5, 0x00, 0x02, 0x6c, 0x04, 0x1c, 0x00, 0x58, 0xd5,
  0x00, 0x02, 0x70, 0x04, 0x20, 0x55, 0x40, 0x10, 0x1f, 0x47, 0x3e, 0x7e,
  0x1e, 0x11, 0x3c, 0x7e, 0x1d, 0x00, 0x58, 0xd5, 0x00, 0x02, 0x74, 0x04,
  0xf9, 0x00, 0x35, 0x02, 0x1a, 0x00, 0x06, 0x86, 0xf9, 0x00, 0x37, 0x02,
  0x1b, 0x01, 0x06, 0x86, 0xf9, 0x00, 0x39, 0x02, 0x1c, 0x02, 0x06, 0x86,
  0x21, 0x55, 0x42, 0x10, 0x20, 0x47, 0x40, 0x7e, 0x1f, 0x11, 0x3e, 0x7e,
  0x1e, 0x00, 0x58, 0xd5, 0x00, 0x02, 0x78, 0x04, 0xf9, 0x00, 0x3b, 0x02,
  0x1d, 0x03, 0x06, 0x86, 0x22, 0x55, 0x44, 0x10, 0x1c, 0x00, 0x72, 0xd7,
  0x1c, 0x35, 0x6e, 0x04, 0x21, 0x47, 0x42, 0x7e, 0x20, 0x11, 0x40, 0x7e,
  0x1f, 0x00, 0x58, 0xd5, 0x00, 0x02, 0x7c, 0x04, 0xf9, 0x00, 0x3d, 0x02,
  0x1e, 0x00, 0x06, 0x86, 0x23, 0x55, 0x46, 0x10, 0x22, 0x47, 0x44, 0x7e,
  0x1c, 0x3b, 0x18, 0x38, 0x21, 0x11, 0x42, 0x7e, 0x24, 0x55, 0x48, 0x10,
  0x20, 0x00, 0x58, 0xd5, 0x00, 0x02, 0x80, 0x04, 0xf9, 0x00, 0x3f, 0x02,
  0x1f, 0x01, 0x06, 0x86, 0x23, 0x47, 0x46, 0x7e, 0x22, 0x11, 0x44, 0x7e,
  0x25, 0x55, 0x4a, 0x10, 0x21, 0x00, 0x58, 0xd5, 0x00, 0x02, 0x84, 0x04,
  0x24, 0x47, 0x48, 0x7e, 0xf9, 0x00, 0x41, 0x02, 0x20, 0x02, 0x06, 0x86,
  0x23, 0x11, 0x46, 0x7e, 0x22, 0x00, 0x58, 0xd5, 0x00, 0x02, 0x88, 0x04,
  0x26, 0x55, 0x4c, 0x10, 0x25, 0x47, 0x4a, 0x7e, 0xf9, 0x00, 0x43, 0x02,
  0x21, 0x03, 0x06, 0x86, 0x24, 0x11, 0x48, 0x7e, 0x20, 0x00, 0x72, 0xd7,
  0x20, 0x3d, 0x7e, 0x04, 0x23, 0x00, 0x58, 0xd5, 0x00, 0x02, 0x8c, 0x04,
  0x27, 0x55, 0x4e, 0x10, 0xf9, 0x00, 0x45, 0x02, 0x22, 0x00, 0x06, 0x86,
  0x26, 0x47, 0x4c, 0x7e, 0x25, 0x11, 0x4a, 0x7e, 0x24, 0x00, 0x58, 0xd5,
  0x00, 0x02, 0x90, 0x04, 0x20, 0x43, 0x1a, 0x38, 0x28, 0x55, 0x50, 0x10,
  0xf9, 0x00, 0x47, 0x02, 0x23, 0x01, 0x06, 0x86, 0x27, 0x47, 0x4e, 0x7e,
  0x26, 0x11, 0x4c, 0x7e, 0x25, 0x00, 0x58, 0xd5, 0x00, 0x02, 0x94, 0x04,
  0x29, 0x55, 0x52, 0x10, 0xf9, 0x00, 0x49, 0x02, 0x24, 0x02, 0x06, 0x86,
  0x28, 0x47, 0x50, 0x7e, 0x27, 0x11, 0x4e, 0x7e, 0x26, 0x00, 0x58, 0xd5,
  0x00, 0x02, 0x98, 0x04, 0xf9, 0x00, 0x4b, 0x02, 0x25, 0x03, 0x06, 0x86,
  0x29, 0x47, 0x52, 0x7e, 0x24, 0x00, 0x72, 0xd7, 0x24, 0x45, 0x8e, 0x04,
  0x28, 0x11, 0x50, 0x7e, 0x27, 0x00, 0x58, 0xd5, 0x00, 0x02, 0x9c, 0x04,
  0xf9, 0x00, 0x4d, 0x02, 0x26, 0x00, 0x06, 0x86, 0x29, 0x11, 0x52, 0x7e,
  0x24, 0x4b, 0x1c, 0x38, 0x28, 0x00, 0x58, 0xd5, 0x00, 0x02, 0xa0, 0x04,
  0xf9, 0x00, 0x4f, 0x02, 0x27, 0x01, 0x06, 0x86, 0x29, 0x00, 0x58, 0xd5,
  0x00, 0x02, 0xa4, 0x04, 0xf9, 0x00, 0x51, 0x02, 0x28, 0x02, 0x06, 0x86,
  0xf9, 0x00, 0x53, 0x02, 0x29, 0x03, 0x06, 0x86, 0x28, 0x00, 0x72, 0xd7,
  0x28, 0x4d, 0x9e, 0x04, 0x28, 0x53, 0x1e, 0x38, 0x10, 0x44, 0x7c, 0xdb,
  0x2b, 0x0c, 0x00, 0x00, 0x7e, 0x03, 0x86, 0xbe, 0xc0, 0x0c, 0xa8, 0x7d,
  0x53, 0x01, 0x88, 0xbf, 0x00, 0x80, 0xd8, 0xd9, 0x07, 0x00, 0x00, 0x0a,
  0x08, 0x80, 0xd8, 0xd9, 0x07, 0x00, 0x00, 0x0c, 0x10, 0x80, 0xd8, 0xd9,
  0x07, 0x00, 0x00, 0x0e, 0x18, 0x80, 0xd8, 0xd9, 0x07, 0x00, 0x00, 0x10,
  0x20, 0x80, 0xd8, 0xd9, 0x07, 0x00, 0x00, 0x12, 0x28, 0x80, 0xd8, 0xd9,
  0x07, 0x00, 0x00, 0x14, 0x30, 0x80, 0xd8, 0xd9, 0x07, 0x00, 0x00, 0x16,
  0x38, 0x80, 0xd8, 0xd9, 0x07, 0x00, 0x00, 0x18, 0x40, 0x80, 0xd8, 0xd9,
  0x07, 0x00, 0x00, 0x1a, 0x48, 0x80, 0xd8, 0xd9, 0x07, 0x00, 0x00, 0x1c,
  0x50, 0x80, 0xd8, 0xd9, 0x07, 0x00, 0x00, 0x1e, 0x58, 0x80, 0xd8, 0xd9,
  0x07, 0x00, 0x00, 0x20, 0x60, 0x80, 0xd8, 0xd9, 0x07, 0x00, 0x00, 0x22,
  0x68, 0x80, 0xd8, 0xd9, 0x07, 0x00, 0x00, 0x24, 0x70, 0x80, 0xd8, 0xd9,
  0x07, 0x00, 0x00, 0x26, 0x78, 0x80, 0xd8, 0xd9, 0x07, 0x00, 0x00, 0x28,
  0x81, 0xff, 0x00, 0xb0, 0x7f, 0x00, 0x01, 0xb0, 0x7f, 0xce, 0x8c, 0xbf,
  0x07, 0x07, 0x54, 0xd5, 0x0a, 0x17, 0x32, 0x04, 0x7f, 0xcd, 0x8c, 0xbf,
  0x07, 0x06, 0x54, 0xd5, 0x07, 0x1b, 0x3a, 0x04, 0x7f, 0xcc, 0x8c, 0xbf,
  0x07, 0x06, 0x54, 0xd5, 0x07, 0x1f, 0x42, 0x04, 0x7f, 0xcb, 0x8c, 0xbf,
  0x07, 0x06, 0x54, 0xd5, 0x07, 0x23, 0x4a, 0x04, 0x7f, 0xca, 0x8c, 0xbf,
  0x07, 0x06, 0x54, 0xd5, 0x07, 0x27, 0x52, 0x04, 0x7f, 0xc9, 0x8c, 0xbf,
  0x07, 0x06, 0x54, 0xd5, 0x07, 0x2b, 0x5a, 0x04, 0x7f, 0xc8, 0x8c, 0xbf,
  0x07, 0x06, 0x54, 0xd5, 0x07, 0x2f, 0x62, 0x04, 0x7f, 0xc7, 0x8c, 0xbf,
  0x07, 0x06, 0x54, 0xd5, 0x07, 0x33, 0x6a, 0x04, 0x7f, 0xc6, 0x8c, 0xbf,
  0x07, 0x06, 0x54, 0xd5, 0x07, 0x37, 0x72, 0x04, 0x7f, 0xc5, 0x8c, 0xbf,
  0x07, 0x06, 0x54, 0xd5, 0x07, 0x3b, 0x7a, 0x04, 0x7f, 0xc4, 0x8c, 0xbf,
  0x07, 0x06, 0x54, 0xd5, 0x07, 0x3f, 0x82, 0x04, 0x7f, 0xc3, 0x8c, 0xbf,
  0x07, 0x06, 0x54, 0xd5, 0x07, 0x43, 0x8a, 0x04, 0x7f, 0xc2, 0x8c, 0xbf,
  0x07, 0x06, 0x54, 0xd5, 0x07, 0x47, 0x92, 0x04, 0x7f, 0xc1, 0x8c, 0xbf,
  0x07, 0x06, 0x54, 0xd5, 0x07, 0x4b, 0x9a, 0x04, 0x7f, 0xc0, 0x8c, 0xbf,
  0x07, 0x06, 0x54, 0xd5, 0x07, 0x4f, 0xa2, 0x04, 0x07, 0x02, 0x10, 0xd5,
  0x07, 0x53, 0x02, 0x02, 0xff, 0x0e, 0x0e, 0x10, 0x04, 0x02, 0x01, 0x3c,
  0x00, 0x44, 0x34, 0xd8, 0x01, 0x07, 0x00, 0x00, 0x07, 0x55, 0x12, 0x7e,
  0x80, 0x0e, 0x04, 0x7c, 0x0c, 0x13, 0x18, 0x10, 0x0a, 0x13, 0x14, 0x10,
  0x0b, 0x13, 0x16, 0x10, 0x0d, 0x13, 0x1a, 0x10, 0x0c, 0x47, 0x18, 0x7e,
  0x0a, 0x47, 0x14, 0x7e, 0x0b, 0x47, 0x16, 0x7e, 0x0d, 0x47, 0x1a, 0x7e,
  0x0e, 0x13, 0x1c, 0x10, 0x0c, 0x11, 0x18, 0x7e, 0x0a, 0x11, 0x14, 0x7e,
  0x0b, 0x11, 0x16, 0x7e, 0x0d, 0x11, 0x1a, 0x7e, 0x0f, 0x13, 0x1e, 0x10,
  0x0e, 0x47, 0x1c, 0x7e, 0x0c, 0x00, 0x58, 0xd5, 0x01, 0x00, 0x30, 0x04,
  0x0a, 0x00, 0x58, 0xd5, 0x01, 0x00, 0x28, 0x04, 0x10, 0x13, 0x20, 0x10,
  0x0b, 0x00, 0x58, 0xd5, 0x01, 0x00, 0x2c, 0x04, 0x0d, 0x00, 0x58, 0xd5,
  0x01, 0x00, 0x34, 0x04, 0x0f, 0x47, 0x1e, 0x7e, 0x0e, 0x11, 0x1c, 0x7e,
  0xf9, 0x00, 0x19, 0x02, 0x0c, 0x02, 0x06, 0x86, 0xf9, 0x00, 0x15, 0x02,
  0x0a, 0x00, 0x06, 0x86, 0x11, 0x13, 0x22, 0x10, 0x10, 0x47, 0x20, 0x7e,
  0xf9, 0x00, 0x17, 0x02, 0x0b, 0x01, 0x06, 0x86, 0xf9, 0x00, 0x1b, 0x02,
  0x0d, 0x03, 0x06, 0x86, 0x0f, 0x11, 0x1e, 0x7e, 0x0e, 0x00, 0x58, 0xd5,
  0x01, 0x00, 0x38, 0x04, 0x12, 0x13, 0x24, 0x10, 0x11, 0x47, 0x22, 0x7e,
  0x10, 0x11, 0x20, 0x7e, 0x0c, 0x00, 0x72, 0xd7, 0x0c, 0x15, 0x2e, 0x04,
  0x0f, 0x00, 0x58, 0xd5, 0x01, 0x00, 0x3c, 0x04, 0x13, 0x13, 0x26, 0x10,
  0xf9, 0x00, 0x1d, 0x02, 0x0e, 0x00, 0x06, 0x86, 0x12, 0x47, 0x24, 0x7e,
  0x11, 0x11, 0x22, 0x7e, 0x10, 0x00, 0x58, 0xd5, 0x01, 0x00, 0x40, 0x04,
  0x14, 0x13, 0x28, 0x10, 0x0c, 0x1b, 0x58, 0x38, 0xf9, 0x00, 0x1f, 0x02,
  0x0f, 0x01, 0x06, 0x86, 0x13, 0x47, 0x26, 0x7e, 0x12, 0x11, 0x24, 0x7e,
  0x11, 0x00, 0x58, 0xd5, 0x01, 0x00, 0x44, 0x04, 0xf9, 0x00, 0x21, 0x02,
  0x10, 0x02, 0x06, 0x86, 0x15, 0x13, 0x2a, 0x10, 0x14, 0x47, 0x28, 0x7e,
  0x13, 0x11, 0x26, 0x7e, 0x12, 0x00, 0x58, 0xd5, 0x01, 0x00, 0x48, 0x04,
  0x16, 0x13, 0x2c, 0x10, 0xf9, 0x00, 0x23, 0x02, 0x11, 0x03, 0x06, 0x86,
  0x10, 0x00, 0x72, 0xd7, 0x10, 0x1d, 0x3e, 0x04, 0x15, 0x47, 0x2a, 0x7e,
  0x14, 0x11, 0x28, 0x7e, 0x13, 0x00, 0x58, 0xd5, 0x01, 0x00, 0x4c, 0x04,
  0x17, 0x13, 0x2e, 0x10, 0xf9, 0x00, 0x25, 0x02, 0x12, 0x00, 0x06, 0x86,
  0x16, 0x47, 0x2c, 0x7e, 0x10, 0x23, 0x5a, 0x38, 0x15, 0x11, 0x2a, 0x7e,
  0x18, 0x13, 0x30, 0x10, 0x14, 0x00, 0x58, 0xd5, 0x01, 0x00, 0x50, 0x04,
  0xf9, 0x00, 0x27, 0x02, 0x13, 0x01, 0x06, 0x86, 0x17, 0x47, 0x2e, 0x7e,
  0x16, 0x11, 0x2c, 0x7e, 0x15, 0x00, 0x58, 0xd5, 0x01, 0x00, 0x54, 0x04,
  0x19, 0x13, 0x32, 0x10, 0x18, 0x47, 0x30, 0x7e, 0xf9, 0x00, 0x29, 0x02,
  0x14, 0x02, 0x06, 0x86, 0x17, 0x11, 0x2e, 0x7e, 0x16, 0x00, 0x58, 0xd5,
  0x01, 0x00, 0x58, 0x04, 0xf9, 0x00, 0x2b, 0x02, 0x15, 0x03, 0x06, 0x86,
  0x19, 0x47, 0x32, 0x7e, 0x18, 0x11, 0x30, 0x7e, 0x14, 0x00, 0x72, 0xd7,
  0x14, 0x25, 0x4e, 0x04, 0x17, 0x00, 0x58, 0xd5, 0x01, 0x00, 0x5c, 0x04,
  0xf9, 0x00, 0x2d, 0x02, 0x16, 0x00, 0x06, 0x86, 0x19, 0x11, 0x32, 0x7e,
  0x18, 0x00, 0x58, 0xd5, 0x01, 0x00, 0x60, 0x04, 0x14, 0x2b, 0x5c, 0x38,
  0xf9, 0x00, 0x2f, 0x02, 0x17, 0x01, 0x06, 0x86, 0x19, 0x00, 0x58, 0xd5,
  0x01, 0x00, 0x64, 0x04, 0xf9, 0x00, 0x31, 0x02, 0x18, 0x02, 0x06, 0x86,
  0xf9, 0x00, 0x33, 0x02, 0x19, 0x03, 0x06, 0x86, 0x18, 0x00, 0x72, 0xd7,
  0x18, 0x2d, 0x5e, 0x04, 0x18, 0x33, 0x5e, 0x38, 0x00, 0x64, 0x7c, 0xdb,
  0x2b, 0x2c, 0x00, 0x00, 0x1a, 0x13, 0x34, 0x10, 0x1b, 0x13, 0x36, 0x10,
  0x1c, 0x13, 0x38, 0x10, 0x1d, 0x13, 0x3a, 0x10, 0x1a, 0x47, 0x34, 0x7e,
  0x1b, 0x47, 0x36, 0x7e, 0x1c, 0x47, 0x38, 0x7e, 0x1e, 0x13, 0x3c, 0x10,
  0x1d, 0x47, 0x3a, 0x7e, 0x1a, 0x11, 0x34, 0x7e, 0x1b, 0x11, 0x36, 0x7e,
  0x1c, 0x11, 0x38, 0x7e, 0x1e, 0x47, 0x3c, 0x7e, 0x1f, 0x13, 0x3e, 0x10,
  0x1d, 0x11, 0x3a, 0x7e, 0x1a, 0x00, 0x58, 0xd5, 0x01, 0x00, 0x68, 0x04,
  0x1b, 0x00, 0x58, 0xd5, 0x01, 0x00, 0x6c, 0x04, 0x1c, 0x00, 0x58, 0xd5,
  0x01, 0x00, 0x70, 0x04, 0x20, 0x13, 0x40, 0x10, 0x1e, 0x11, 0x3c, 0x7e,
  0x1f, 0x47, 0x3e, 0x7e, 0x1d, 0x00, 0x58, 0xd5, 0x01, 0x00, 0x74, 0x04,
  0xf9, 0x00, 0x35, 0x02, 0x1a, 0x00, 0x06, 0x86, 0xf9, 0x00, 0x37, 0x02,
  0x1b, 0x01, 0x06, 0x86, 0xf9, 0x00, 0x39, 0x02, 0x1c, 0x02, 0x06, 0x86,
  0x21, 0x13, 0x42, 0x10, 0x20, 0x47, 0x40, 0x7e, 0x1e, 0x00, 0x58, 0xd5,
  0x01, 0x00, 0x78, 0x04, 0x1f, 0x11, 0x3e, 0x7e, 0xf9, 0x00, 0x3b, 0x02,
  0x1d, 0x03, 0x06, 0x86, 0x22, 0x13, 0x44, 0x10, 0x1c, 0x00, 0x72, 0xd7,
  0x1c, 0x35, 0x6e, 0x04, 0x21, 0x47, 0x42, 0x7e, 0x20, 0x11, 0x40, 0x7e,
  0xf9, 0x00, 0x3d, 0x02, 0x1e, 0x00, 0x06, 0x86, 0x23, 0x13, 0x46, 0x10,
  0x1f, 0x00, 0x58, 0xd5, 0x01, 0x00, 0x7c, 0x04, 0x22, 0x47, 0x44, 0x7e,
  0x1c, 0x3b, 0x18, 0x38, 0x21, 0x11, 0x42, 0x7e, 0x20, 0x00, 0x58, 0xd5,
  0x01, 0x00, 0x80, 0x04, 0x24, 0x13, 0x48, 0x10, 0x23, 0x47, 0x46, 0x7e,
  0xf9, 0x00, 0x3f, 0x02, 0x1f, 0x01, 0x06, 0x86, 0x22, 0x11, 0x44, 0x7e,
  0x25, 0x13, 0x4a, 0x10, 0x21, 0x00, 0x58, 0xd5, 0x01, 0x00, 0x84, 0x04,
  0xf9, 0x00, 0x41, 0x02, 0x20, 0x02, 0x06, 0x86, 0x24, 0x47, 0x48, 0x7e,
  0x23, 0x11, 0x46, 0x7e, 0x22, 0x00, 0x58, 0xd5, 0x01, 0x00, 0x88, 0x04,
  0x25, 0x47, 0x4a, 0x7e, 0x26, 0x13, 0x4c, 0x10, 0xf9, 0x00, 0x43, 0x02,
  0x21, 0x03, 0x06, 0x86, 0x20, 0x00, 0x72, 0xd7, 0x20, 0x3d, 0x7e, 0x04,
  0x24, 0x11, 0x48, 0x7e, 0x23, 0x00, 0x58, 0xd5, 0x01, 0x00, 0x8c, 0x04,
  0x27, 0x13, 0x4e, 0x10, 0xf9, 0x00, 0x45, 0x02, 0x22, 0x00, 0x06, 0x86,
  0x25, 0x11, 0x4a, 0x7e, 0x26, 0x47, 0x4c, 0x7e, 0x20, 0x43, 0x1a, 0x38,
  0x28, 0x13, 0x50, 0x10, 0x24, 0x00, 0x58, 0xd5, 0x01, 0x00, 0x90, 0x04,
  0xf9, 0x00, 0x47, 0x02, 0x23, 0x01, 0x06, 0x86, 0x27, 0x47, 0x4e, 0x7e,
  0x25, 0x00, 0x58, 0xd5, 0x01, 0x00, 0x94, 0x04, 0x26, 0x11, 0x4c, 0x7e,
  0x29, 0x13, 0x52, 0x10, 0x28, 0x47, 0x50, 0x7e, 0xf9, 0x00, 0x49, 0x02,
  0x24, 0x02, 0x06, 0x86, 0x27, 0x11, 0x4e, 0x7e, 0xf9, 0x00, 0x4b, 0x02,
  0x25, 0x03, 0x06, 0x86, 0x26, 0x00, 0x58, 0xd5, 0x01, 0x00, 0x98, 0x04,
  0x29, 0x47, 0x52, 0x7e, 0x28, 0x11, 0x50, 0x7e, 0x24, 0x00, 0x72, 0xd7,
  0x24, 0x45, 0x8e, 0x04, 0x27, 0x00, 0x58, 0xd5, 0x01, 0x00, 0x9c, 0x04,
  0xf9, 0x00, 0x4d, 0x02, 0x26, 0x00, 0x06, 0x86, 0x29, 0x11, 0x52, 0x7e,
  0x28, 0x00, 0x58, 0xd5, 0x01, 0x00, 0xa0, 0x04, 0x24, 0x4b, 0x1c, 0x38,
  0xf9, 0x00, 0x4f, 0x02, 0x27, 0x01, 0x06, 0x86, 0x29, 0x00, 0x58, 0xd5,
  0x01, 0x00, 0xa4, 0x04, 0xf9, 0x00, 0x51, 0x02, 0x28, 0x02, 0x06, 0x86,
  0xf9, 0x00, 0x53, 0x02, 0x29, 0x03, 0x06, 0x86, 0x28, 0x00, 0x72, 0xd7,
  0x28, 0x4d, 0x9e, 0x04, 0x28, 0x53, 0x1e, 0x38, 0x10, 0x64, 0x7c, 0xdb,
  0x2b, 0x0c, 0x00, 0x00, 0x05, 0x03, 0xea, 0xbe, 0xc1, 0x03, 0xfe, 0xbe,
  0xe3, 0xff, 0xa3, 0xbf, 0x00, 0x00, 0x8a, 0xbf, 0x00, 0x03, 0x0e, 0x7e,
  0x7e, 0x03, 0x80, 0xbe, 0xff, 0x0e, 0xa6, 0x7d, 0x00, 0x20, 0x00, 0x00,
  0x00, 0x7e, 0x00, 0x8a, 0x5c, 0x02, 0x84, 0xbf, 0x08, 0x01, 0x28, 0xf4,
  0x30, 0x00, 0x00, 0xfa, 0x00, 0x03, 0xfe, 0xbe, 0x80, 0x03, 0x80, 0xbe,
  0x80, 0x02, 0x12, 0x7e, 0x7f, 0xc0, 0x8c, 0xbf, 0x06, 0x85, 0x06, 0x90,
  0x05, 0x06, 0x05, 0x93, 0x1d, 0x01, 0x82, 0xbf, 0x01, 0x02, 0x08, 0xf4,
  0x10, 0x00, 0x00, 0xfa, 0x0a, 0x00, 0x69, 0xd5, 0x07, 0x0d, 0x00, 0x02,
  0x04, 0x05, 0x01, 0x80, 0x00, 0x14, 0x14, 0x4a, 0x0b, 0x00, 0x47, 0xd7,
  0x04, 0x14, 0x0a, 0x02, 0x0a, 0x00, 0x46, 0xd7, 0x0a, 0x05, 0x05, 0x00,
  0x82, 0x14, 0x14, 0x34, 0x7f, 0xc0, 0x8c, 0xbf, 0x01, 0x00, 0xa1, 0xbf,
  0x00, 0x10, 0x30, 0xe0, 0x0b, 0x0b, 0x02, 0x80, 0x00, 0x10, 0x38, 0xe0,
  0x0a, 0x0c, 0x02, 0x80, 0x00, 0x85, 0x08, 0x8f, 0x08, 0x02, 0x20, 0x7e,
  0x00, 0x44, 0xd8, 0xd9, 0x10, 0x00, 0x00, 0x12, 0x10, 0x44, 0xd8, 0xd9,
  0x10, 0x00, 0x00, 0x14, 0x08, 0x44, 0xd8, 0xd9, 0x10, 0x00, 0x00, 0x16,
  0x18, 0x44, 0xd8, 0xd9, 0x10, 0x00, 0x00, 0x10, 0x7f, 0xc3, 0x8c, 0xbf,
  0x13, 0x05, 0x14, 0x7e, 0x12, 0x05, 0x12, 0x7e, 0x7f, 0xc2, 0x8c, 0xbf,
  0x14, 0x05, 0x32, 0x7e, 0x15, 0x05, 0x34, 0x7e, 0x0a, 0x19, 0x8e, 0xbe,
  0x09, 0x19, 0x8b, 0xbe, 0x09, 0xff, 0x0c, 0x94, 0x08, 0x00, 0x08, 0x00,
  0x09, 0xff, 0x0d, 0x94, 0x10, 0x00, 0x08, 0x00, 0x09, 0x98, 0x09, 0x91,
  0x0a, 0xff, 0x0f, 0x94, 0x08, 0x00, 0x08, 0x00, 0x0a, 0xff, 0x18, 0x94,
  0x10, 0x00, 0x08, 0x00, 0x0a, 0x98, 0x0a, 0x91, 0x7f, 0xc1, 0x8c, 0xbf,
  0x16, 0x05, 0x42, 0x7e, 0x17, 0x05, 0x44, 0x7e, 0x19, 0x19, 0x9b, 0xbe,
  0x19, 0xff, 0x1c, 0x94, 0x08, 0x00, 0x08, 0x00, 0x19, 0xff, 0x1d, 0x94,
  0x10, 0x00, 0x08, 0x00, 0x19, 0x98, 0x19, 0x91, 0x1a, 0x19, 0x9e, 0xbe,
  0x1a, 0xff, 0x1f, 0x94, 0x08, 0x00, 0x08, 0x00, 0x1a, 0xff, 0x20, 0x94,
  0x10, 0x00, 0x08, 0x00, 0x1a, 0x98, 0x1a, 0x91, 0x7f, 0xc0, 0x8c, 0xbf,
  0x10, 0x05, 0x52, 0x7e, 0x11, 0x05, 0x54, 0x7e, 0x21, 0xff, 0x24, 0x94,
  0x08, 0x00, 0x08, 0x00, 0x21, 0xff, 0x25, 0x94, 0x10, 0x00, 0x08, 0x00,
  0x21, 0x19, 0xa3, 0xbe, 0x21, 0x98, 0x21, 0x91, 0x22, 0x19, 0xa6, 0xbe,
  0x22, 0xff, 0x27, 0x94, 0x08, 0x00, 0x08, 0x00, 0x22, 0xff, 0x28, 0x94,
  0x10, 0x00, 0x08, 0x00, 0x29, 0x19, 0xab, 0xbe, 0x29, 0xff, 0x2c, 0x94,
  0x08, 0x00, 0x08, 0x00, 0x29, 0xff, 0x2d, 0x94, 0x10, 0x00, 0x08, 0x00,
  0x29, 0x98, 0x29, 0x91, 0x2a, 0xff, 0x2f, 0x94, 0x08, 0x00, 0x08, 0x00,
  0x2a, 0xff, 0x30, 0x94, 0x10, 0x00, 0x08, 0x00, 0x22, 0x98, 0x22, 0x91,
  0x2a, 0x19, 0xae, 0xbe, 0x2a, 0x98, 0x2a, 0x91, 0x00, 0x82, 0x31, 0x8f,
  0x31, 0x02, 0x22, 0x7e, 0x00, 0x40, 0xd8, 0xd8, 0x11, 0x00, 0x00, 0x11,
  0x00, 0x81, 0x00, 0x80, 0x70, 0x3f, 0x8c, 0xbf, 0x14, 0x00, 0x48, 0xd5,
  0x0c, 0x11, 0x11, 0x02, 0x16, 0x00, 0x48, 0xd5, 0x0c, 0x21, 0x11, 0x02,
  0x8f, 0x18, 0x24, 0x36, 0x13, 0x00, 0x48, 0xd5, 0x0c, 0x09, 0x11, 0x02,
  0x15, 0x00, 0x48, 0xd5, 0x0c, 0x19, 0x11, 0x02, 0x17, 0x00, 0x48, 0xd5,
  0x0c, 0x29, 0x11, 0x02, 0x18, 0x00, 0x48, 0xd5, 0x0c, 0x31, 0x11, 0x02,
  0xc8, 0x28, 0x28, 0x4a, 0xc8, 0x2c, 0x2c, 0x4a, 0xc8, 0x24, 0x24, 0x4a,
  0x0c, 0x00, 0x48, 0xd5, 0x0c, 0x39, 0x11, 0x02, 0xc8, 0x26, 0x26, 0x4a,
  0xc8, 0x2a, 0x2a, 0x4a, 0xc8, 0x2e, 0x2e, 0x4a, 0xc8, 0x30, 0x30, 0x4a,
  0x8f, 0x1a, 0x32, 0x36, 0x14, 0x00, 0x69, 0xd5, 0x14, 0x19, 0x00, 0x02,
  0x16, 0x00, 0x69, 0xd5, 0x16, 0x1b, 0x00, 0x02, 0x12, 0x00, 0x69, 0xd5,
  0x12, 0x17, 0x00, 0x02, 0xc8, 0x18, 0x18, 0x4a, 0x1a, 0x00, 0x48, 0xd5,
  0x0d, 0x09, 0x11, 0x02, 0x13, 0x00, 0x69, 0xd5, 0x13, 0x37, 0x00, 0x02,
  0x15, 0x00, 0x69, 0xd5, 0x15, 0x39, 0x00, 0x02, 0x17, 0x00, 0x69, 0xd5,
  0x17, 0x3b, 0x00, 0x02, 0x18, 0x00, 0x69, 0xd5, 0x18, 0x13, 0x00, 0x02,
  0xc8, 0x32, 0x32, 0x4a, 0x1b, 0x00, 0x48, 0xd5, 0x0d, 0x11, 0x11, 0x02,
  0x0c, 0x00, 0x69, 0xd5, 0x0c, 0x33, 0x00, 0x02, 0xc8, 0x34, 0x34, 0x4a,
  0x1c, 0x00, 0x48, 0xd5, 0x0d, 0x19, 0x11, 0x02, 0x14, 0x00, 0x6d, 0xd7,
  0x14, 0x25, 0x4e, 0x04, 0x1d, 0x00, 0x48, 0xd5, 0x0d, 0x21, 0x11, 0x02,
  0x19, 0x00, 0x69, 0xd5, 0x19, 0x1d, 0x00, 0x02, 0xc8, 0x36, 0x36, 0x4a,
  0x1e, 0x00, 0x48, 0xd5, 0x0d, 0x29, 0x11, 0x02, 0x1a, 0x00, 0x69, 0xd5,
  0x1a, 0x3d, 0x00, 0x02, 0xc8, 0x38, 0x38, 0x4a, 0x16, 0x00, 0x6d, 0xd7,
  0x16, 0x29, 0x56, 0x04, 0x1f, 0x00, 0x48, 0xd5, 0x0d, 0x31, 0x11, 0x02,
  0xc8, 0x3a, 0x3a, 0x4a, 0x1b, 0x00, 0x69, 0xd5, 0x1b, 0x1f, 0x00, 0x02,
  0xc8, 0x3c, 0x3c, 0x4a, 0x0d, 0x00, 0x48, 0xd5, 0x0d, 0x39, 0x11, 0x02,
  0x8f, 0x1c, 0x40, 0x36, 0x1c, 0x00, 0x69, 0xd5, 0x1c, 0x3f, 0x00, 0x02,
  0x18, 0x00, 0x6d, 0xd7, 0x18, 0x2d, 0x5e, 0x04, 0xc8, 0x3e, 0x3e, 0x4a,
  0x1d, 0x00, 0x69, 0xd5, 0x1d, 0x31, 0x00, 0x02, 0x21, 0x00, 0x48, 0xd5,
  0x0e, 0x09, 0x11, 0x02, 0x1e, 0x00, 0x69, 0xd5, 0x1e, 0x41, 0x00, 0x02,
  0xc8, 0x1a, 0x1a, 0x4a, 0xc8, 0x40, 0x40, 0x4a, 0x22, 0x00, 0x48, 0xd5,
  0x0e, 0x11, 0x11, 0x02, 0x19, 0x00, 0x6d, 0xd7, 0x19, 0x31, 0x32, 0x04,
  0x1f, 0x00, 0x69, 0xd5, 0x1f, 0x15, 0x00, 0x02, 0x23, 0x00, 0x48, 0xd5,
  0x0e, 0x19, 0x11, 0x02, 0xc8, 0x42, 0x42, 0x4a, 0x24, 0x00, 0x48, 0xd5,
  0x0e, 0x21, 0x11, 0x02, 0x0d, 0x00, 0x69, 0xd5, 0x0d, 0x35, 0x00, 0x02,
  0x20, 0x00, 0x69, 0xd5, 0x20, 0x47, 0x00, 0x02, 0xc8, 0x44, 0x44, 0x4a,
  0x1b, 0x00, 0x6d, 0xd7, 0x1b, 0x33, 0x6a, 0x04, 0x25, 0x00, 0x48, 0xd5,
  0x0e, 0x29, 0x11, 0x02, 0xc8, 0x46, 0x46, 0x4a, 0x21, 0x00, 0x69, 0xd5,
  0x21, 0x57, 0x00, 0x02, 0xc8, 0x48, 0x48, 0x4a, 0x26, 0x00, 0x48, 0xd5,
  0x0e, 0x31, 0x11, 0x02, 0x22, 0x00, 0x69, 0xd5, 0x22, 0x49, 0x00, 0x02,
  0x1d, 0x00, 0x6d, 0xd7, 0x1d, 0x37, 0x72, 0x04, 0xc8, 0x4a, 0x4a, 0x4a,
  0x0e, 0x00, 0x48, 0xd5, 0x0e, 0x39, 0x11, 0x02, 0x23, 0x00, 0x69, 0xd5,
  0x23, 0x59, 0x00, 0x02, 0x24, 0x00, 0x69, 0xd5, 0x24, 0x4b, 0x00, 0x02,
  0x8f, 0x1e, 0x4e, 0x36, 0xc8, 0x4c, 0x4c, 0x4a, 0x1f, 0x00, 0x6d, 0xd7,
  0x1f, 0x3b, 0x7a, 0x04, 0x25, 0x00, 0x69, 0xd5, 0x25, 0x5b, 0x00, 0x02,
  0x28, 0x00, 0x48, 0xd5, 0x0f, 0x09, 0x11, 0x02, 0xc8, 0x1c, 0x1c, 0x4a,
  0x29, 0x00, 0x48, 0xd5, 0x0f, 0x11, 0x11, 0x02, 0xc8, 0x4e, 0x4e, 0x4a,
  0x26, 0x00, 0x69, 0xd5, 0x26, 0x43, 0x00, 0x02, 0x20, 0x00, 0x6d, 0xd7,
  0x20, 0x3f, 0x36, 0x04, 0x2a, 0x00, 0x48, 0xd5, 0x0f, 0x19, 0x11, 0x02,
  0xc8, 0x50, 0x50, 0x4a, 0x0e, 0x00, 0x69, 0xd5, 0x0e, 0x53, 0x00, 0x02,
  0x2b, 0x00, 0x48, 0xd5, 0x0f, 0x21, 0x11, 0x02, 0xc8, 0x52, 0x52, 0x4a,
  0x27, 0x00, 0x69, 0xd5, 0x27, 0x4d, 0x00, 0x02, 0x22, 0x00, 0x6d, 0xd7,
  0x22, 0x41, 0x86, 0x04, 0x2c, 0x00, 0x48, 0xd5, 0x0f, 0x29, 0x11, 0x02,
  0xc8, 0x54, 0x54, 0x4a, 0x28, 0x00, 0x69, 0xd5, 0x28, 0x5d, 0x00, 0x02,
  0x2d, 0x00, 0x48, 0xd5, 0x0f, 0x31, 0x11, 0x02, 0xc8, 0x56, 0x56, 0x4a,
  0x29, 0x00, 0x69, 0xd5, 0x29, 0x4f, 0x00, 0x02, 0x24, 0x00, 0x6d, 0xd7,
  0x24, 0x45, 0x8e, 0x04, 0xc8, 0x58, 0x58, 0x4a, 0x0f, 0x00, 0x48, 0xd5,
  0x0f, 0x39, 0x11, 0x02, 0x2a, 0x00, 0x69, 0xd5, 0x2a, 0x5f, 0x00, 0x02,
  0xc8, 0x5a, 0x5a, 0x4a, 0x2b, 0x00, 0x69, 0xd5, 0x2b, 0x51, 0x00, 0x02,
  0x26, 0x00, 0x6d, 0xd7, 0x26, 0x49, 0x96, 0x04, 0x2c, 0x00, 0x69, 0xd5,
  0x2c, 0x61, 0x00, 0x02, 0xc8, 0x1e, 0x1e, 0x4a, 0x2d, 0x00, 0x69, 0xd5,
  0x2d, 0x45, 0x00, 0x02, 0x27, 0x00, 0x6d, 0xd7, 0x27, 0x4d, 0x3a, 0x04,
  0x0f, 0x00, 0x69, 0xd5, 0x0f, 0x55, 0x00, 0x02, 0x29, 0x00, 0x6d, 0xd7,
  0x29, 0x4f, 0xa2, 0x04, 0x2b, 0x00, 0x6d, 0xd7, 0x2b, 0x53, 0xaa, 0x04,
  0x2d, 0x00, 0x6d, 0xd7, 0x2d, 0x57, 0xb2, 0x04, 0x2d, 0x1f, 0x5a, 0x4a,
  0x2d, 0x0b, 0x5a, 0x7e, 0x2d, 0x17, 0x5a, 0x10, 0x7f, 0xc0, 0x8c, 0xbf,
  0x11, 0x5b, 0x22, 0x10, 0x09, 0x23, 0x12, 0x06, 0x00, 0x06, 0x09, 0xbf,
  0xe1, 0xfe, 0x84, 0xbf, 0x82, 0x0e, 0x14, 0x34, 0xff, 0x14, 0x16, 0x4a,
  0x00, 0x60, 0x00, 0x00, 0x00, 0x10, 0x70, 0xe0, 0x0b, 0x09, 0x05, 0x80,
  0x08, 0x00, 0x24, 0xf4, 0x40, 0x00, 0x00, 0xfa, 0x80, 0x03, 0x84, 0xbe,
  0x80, 0x02, 0x12, 0x7e, 0x7f, 0xc0, 0x8c, 0xbf, 0x01, 0x85, 0x01, 0x90,
  0x00, 0x01, 0x00, 0x93, 0x1e, 0x01, 0x82, 0xbf, 0x00, 0x00, 0x80, 0xbf,
  0x01, 0x02, 0x08, 0xf4, 0x10, 0x00, 0x00, 0xfa, 0x0b, 0x00, 0x69, 0xd5,
  0x07, 0x03, 0x00, 0x02, 0x07, 0x00, 0x05, 0x80, 0x04, 0x16, 0x16, 0x4a,
  0x0c, 0x00, 0x47, 0xd7, 0x07, 0x16, 0x0a, 0x02, 0x0b, 0x00, 0x46, 0xd7,
  0x0b, 0x05, 0x15, 0x00, 0x82, 0x16, 0x16, 0x34, 0x7f, 0xc0, 0x8c, 0xbf,
  0x01, 0x00, 0xa1, 0xbf, 0x00, 0x10, 0x30, 0xe0, 0x0c, 0x0c, 0x02, 0x80,
  0x00, 0x10, 0x38, 0xe0, 0x0b, 0x10, 0x02, 0x80, 0x04, 0x85, 0x06, 0x8f,
  0x06, 0x02, 0x1a, 0x7e, 0x00, 0x44, 0xd8, 0xd9, 0x0d, 0x00, 0x00, 0x0e,
  0x10, 0x44, 0xd8, 0xd9, 0x0d, 0x00, 0x00, 0x14, 0x08, 0x44, 0xd8, 0xd9,
  0x0d, 0x00, 0x00, 0x16, 0x18, 0x44, 0xd8, 0xd9, 0x0d, 0x00, 0x00, 0x18,
  0x7f, 0xc3, 0x8c, 0xbf, 0x0f, 0x05, 0x12, 0x7e, 0x0e, 0x05, 0x10, 0x7e,
  0x7f, 0xc2, 0x8c, 0xbf, 0x14, 0x05, 0x30, 0x7e, 0x15, 0x05, 0x32, 0x7e,
  0x09, 0x19, 0x8d, 0xbe, 0x08, 0x19, 0x8a, 0xbe, 0x08, 0xff, 0x0b, 0x94,
  0x08, 0x00, 0x08, 0x00, 0x08, 0xff, 0x0c, 0x94, 0x10, 0x00, 0x08, 0x00,
  0x08, 0x98, 0x08, 0x91, 0x09, 0xff, 0x0e, 0x94, 0x08, 0x00, 0x08, 0x00,
  0x09, 0xff, 0x0f, 0x94, 0x10, 0x00, 0x08, 0x00, 0x09, 0x98, 0x09, 0x91,
  0x7f, 0xc1, 0x8c, 0xbf, 0x16, 0x05, 0x40, 0x7e, 0x17, 0x05, 0x42, 0x7e,
  0x18, 0x19, 0x9a, 0xbe, 0x18, 0xff, 0x1b, 0x94, 0x08, 0x00, 0x08, 0x00,
  0x18, 0xff, 0x1c, 0x94, 0x10, 0x00, 0x08, 0x00, 0x18, 0x98, 0x18, 0x91,
  0x19, 0x19, 0x9d, 0xbe, 0x19, 0xff, 0x1e, 0x94, 0x08, 0x00, 0x08, 0x00,
  0x19, 0xff, 0x1f, 0x94, 0x10, 0x00, 0x08, 0x00, 0x19, 0x98, 0x19, 0x91,
  0x7f, 0xc0, 0x8c, 0xbf, 0x18, 0x05, 0x50, 0x7e, 0x19, 0x05, 0x52, 0x7e,
  0x20, 0xff, 0x23, 0x94, 0x08, 0x00, 0x08, 0x00, 0x20, 0xff, 0x24, 0x94,
  0x10, 0x00, 0x08, 0x00, 0x20, 0x19, 0xa2, 0xbe, 0x20, 0x98, 0x20, 0x91,
  0x21, 0x19, 0xa5, 0xbe, 0x21, 0xff, 0x26, 0x94, 0x08, 0x00, 0x08, 0x00,
  0x21, 0xff, 0x27, 0x94, 0x10, 0x00, 0x08, 0x00, 0x28, 0x19, 0xaa, 0xbe,
  0x28, 0xff, 0x2b, 0x94, 0x08, 0x00, 0x08, 0x00, 0x28, 0xff, 0x2c, 0x94,
  0x10, 0x00, 0x08, 0x00, 0x28, 0x98, 0x28, 0x91, 0x29, 0xff, 0x2e, 0x94,
  0x08, 0x00, 0x08, 0x00, 0x29, 0xff, 0x2f, 0x94, 0x10, 0x00, 0x08, 0x00,
  0x21, 0x98, 0x21, 0x91, 0x29, 0x19, 0xad, 0xbe, 0x29, 0x98, 0x29, 0x91,
  0x04, 0x82, 0x30, 0x8f, 0x30, 0x02, 0x1c, 0x7e, 0x00, 0x40, 0xd8, 0xd8,
  0x0e, 0x00, 0x00, 0x0e, 0x04, 0x81, 0x04, 0x80, 0x70, 0x3f, 0x8c, 0xbf,
  0x15, 0x00, 0x48, 0xd5, 0x10, 0x11, 0x11, 0x02, 0x17, 0x00, 0x48, 0xd5,
  0x10, 0x21, 0x11, 0x02, 0x8f, 0x20, 0x1e, 0x36, 0x14, 0x00, 0x48, 0xd5,
  0x10, 0x09, 0x11, 0x02, 0x16, 0x00, 0x48, 0xd5, 0x10, 0x19, 0x11, 0x02,
  0x18, 0x00, 0x48, 0xd5, 0x10, 0x29, 0x11, 0x02, 0x19, 0x00, 0x48, 0xd5,
  0x10, 0x31, 0x11, 0x02, 0xc8, 0x2a, 0x2a, 0x4a, 0xc8, 0x2e, 0x2e, 0x4a,
  0xc8, 0x1e, 0x1e, 0x4a, 0x10, 0x00, 0x48, 0xd5, 0x10, 0x39, 0x11, 0x02,
  0xc8, 0x28, 0x28, 0x4a, 0xc8, 0x2c, 0x2c, 0x4a, 0xc8, 0x30, 0x30, 0x4a,
  0xc8, 0x32, 0x32, 0x4a, 0x8f, 0x22, 0x34, 0x36, 0x15, 0x00, 0x69, 0xd5,
  0x15, 0x17, 0x00, 0x02, 0x17, 0x00, 0x69, 0xd5, 0x17, 0x19, 0x00, 0x02,
  0x0f, 0x00, 0x69, 0xd5, 0x0f, 0x15, 0x00, 0x02, 0xc8, 0x20, 0x20, 0x4a,
  0x1b, 0x00, 0x48, 0xd5, 0x11, 0x09, 0x11, 0x02, 0x14, 0x00, 0x69, 0xd5,
  0x14, 0x35, 0x00, 0x02, 0x16, 0x00, 0x69, 0xd5, 0x16, 0x37, 0x00, 0x02,
  0x18, 0x00, 0x69, 0xd5, 0x18, 0x39, 0x00, 0x02, 0x19, 0x00, 0x69, 0xd5,
  0x19, 0x11, 0x00, 0x02, 0xc8, 0x34, 0x34, 0x4a, 0x1c, 0x00, 0x48, 0xd5,
  0x11, 0x11, 0x11, 0x02, 0x10, 0x00, 0x69, 0xd5, 0x10, 0x31, 0x00, 0x02,
  0xc8, 0x36, 0x36, 0x4a, 0x1d, 0x00, 0x48, 0xd5, 0x11, 0x19, 0x11, 0x02,
  0x15, 0x00, 0x6d, 0xd7, 0x15, 0x1f, 0x52, 0x04, 0x1e, 0x00, 0x48, 0xd5,
  0x11, 0x21, 0x11, 0x02, 0x1a, 0x00, 0x69, 0xd5, 0x1a, 0x1b, 0x00, 0x02,
  0xc8, 0x38, 0x38, 0x4a, 0x1f, 0x00, 0x48, 0xd5, 0x11, 0x29, 0x11, 0x02,
  0x1b, 0x00, 0x69, 0xd5, 0x1b, 0x3b, 0x00, 0x02, 0xc8, 0x3a, 0x3a, 0x4a,
  0x17, 0x00, 0x6d, 0xd7, 0x17, 0x2b, 0x5a, 0x04, 0x20, 0x00, 0x48, 0xd5,
  0x11, 0x31, 0x11, 0x02, 0xc8, 0x3c, 0x3c, 0x4a, 0x1c, 0x00, 0x69, 0xd5,
  0x1c, 0x1d, 0x00, 0x02, 0xc8, 0x3e, 0x3e, 0x4a, 0x11, 0x00, 0x48, 0xd5,
  0x11, 0x39, 0x11, 0x02, 0x8f, 0x24, 0x42, 0x36, 0x1d, 0x00, 0x69, 0xd5,
  0x1d, 0x3d, 0x00, 0x02, 0x19, 0x00, 0x6d, 0xd7, 0x19, 0x2f, 0x62, 0x04,
  0xc8, 0x40, 0x40, 0x4a, 0x1e, 0x00, 0x69, 0xd5, 0x1e, 0x1f, 0x00, 0x02,
  0x22, 0x00, 0x48, 0xd5, 0x12, 0x09, 0x11, 0x02, 0x1f, 0x00, 0x69, 0xd5,
  0x1f, 0x3f, 0x00, 0x02, 0xc8, 0x22, 0x22, 0x4a, 0xc8, 0x42, 0x42, 0x4a,
  0x23, 0x00, 0x48, 0xd5, 0x12, 0x11, 0x11, 0x02, 0x1a, 0x00, 0x6d, 0xd7,
  0x1a, 0x33, 0x42, 0x04, 0x20, 0x00, 0x69, 0xd5, 0x20, 0x13, 0x00, 0x02,
  0x24, 0x00, 0x48, 0xd5, 0x12, 0x19, 0x11, 0x02, 0xc8, 0x44, 0x44, 0x4a,
  0x25, 0x00, 0x48, 0xd5, 0x12, 0x21, 0x11, 0x02, 0x11, 0x00, 0x69, 0xd5,
  0x11, 0x33, 0x00, 0x02, 0x21, 0x00, 0x69, 0xd5, 0x21, 0x45, 0x00, 0x02,
  0xc8, 0x46, 0x46, 0x4a, 0x1c, 0x00, 0x6d, 0xd7, 0x1c, 0x35, 0x6e, 0x04,
  0x26, 0x00, 0x48, 0xd5, 0x12, 0x29, 0x11, 0x02, 0xc8, 0x48, 0x48, 0x4a,
  0x22, 0x00, 0x69, 0xd5, 0x22, 0x55, 0x00, 0x02, 0xc8, 0x4a, 0x4a, 0x4a,
  0x27, 0x00, 0x48, 0xd5, 0x12, 0x31, 0x11, 0x02, 0x23, 0x00, 0x69, 0xd5,
  0x23, 0x47, 0x00, 0x02, 0x1e, 0x00, 0x6d, 0xd7, 0x1e, 0x39, 0x76, 0x04,
  0xc8, 0x4c, 0x4c, 0x4a, 0x12, 0x00, 0x48, 0xd5, 0x12, 0x39, 0x11, 0x02,
  0x24, 0x00, 0x69, 0xd5, 0x24, 0x57, 0x00, 0x02, 0x25, 0x00, 0x69, 0xd5,
  0x25, 0x49, 0x00, 0x02, 0x8f, 0x26, 0x50, 0x36, 0xc8, 0x4e, 0x4e, 0x4a,
  0x20, 0x00, 0x6d, 0xd7, 0x20, 0x3d, 0x7e, 0x04, 0x26, 0x00, 0x69, 0xd5,
  0x26, 0x59, 0x00, 0x02, 0x29, 0x00, 0x48, 0xd5, 0x13, 0x09, 0x11, 0x02,
  0xc8, 0x24, 0x24, 0x4a, 0x2a, 0x00, 0x48, 0xd5, 0x13, 0x11, 0x11, 0x02,
  0xc8, 0x50, 0x50, 0x4a, 0x27, 0x00, 0x69, 0xd5, 0x27, 0x41, 0x00, 0x02,
  0x21, 0x00, 0x6d, 0xd7, 0x21, 0x41, 0x46, 0x04, 0x2b, 0x00, 0x48, 0xd5,
  0x13, 0x19, 0x11, 0x02, 0xc8, 0x52, 0x52, 0x4a, 0x12, 0x00, 0x69, 0xd5,
  0x12, 0x51, 0x00, 0x02, 0x2c, 0x00, 0x48, 0xd5, 0x13, 0x21, 0x11, 0x02,
  0xc8, 0x54, 0x54, 0x4a, 0x28, 0x00, 0x69, 0xd5, 0x28, 0x4b, 0x00, 0x02,
  0x23, 0x00, 0x6d, 0xd7, 0x23, 0x43, 0x8a, 0x04, 0x2d, 0x00, 0x48, 0xd5,
  0x13, 0x29, 0x11, 0x02, 0xc8, 0x56, 0x56, 0x4a, 0x29, 0x00, 0x69, 0xd5,
  0x29, 0x5b, 0x00, 0x02, 0x2e, 0x00, 0x48, 0xd5, 0x13, 0x31, 0x11, 0x02,
  0xc8, 0x58, 0x58, 0x4a, 0x2a, 0x00, 0x69, 0xd5, 0x2a, 0x4d, 0x00, 0x02,
  0x25, 0x00, 0x6d, 0xd7, 0x25, 0x47, 0x92, 0x04, 0xc8, 0x5a, 0x5a, 0x4a,
  0x13, 0x00, 0x48, 0xd5, 0x13, 0x39, 0x11, 0x02, 0x2b, 0x00, 0x69, 0xd5,
  0x2b, 0x5d, 0x00, 0x02, 0xc8, 0x5c, 0x5c, 0x4a, 0x2c, 0x00, 0x69, 0xd5,
  0x2c, 0x4f, 0x00, 0x02, 0x27, 0x00, 0x6d, 0xd7, 0x27, 0x4b, 0x9a, 0x04,
  0x2d, 0x00, 0x69, 0xd5, 0x2d, 0x5f, 0x00, 0x02, 0xc8, 0x26, 0x26, 0x4a,
  0x2e, 0x00, 0x69, 0xd5, 0x2e, 0x43, 0x00, 0x02, 0x28, 0x00, 0x6d, 0xd7,
  0x28, 0x4f, 0x4a, 0x04, 0x13, 0x00, 0x69, 0xd5, 0x13, 0x53, 0x00, 0x02,
  0x2a, 0x00, 0x6d, 0xd7, 0x2a, 0x51, 0xa6, 0x04, 0x2c, 0x00, 0x6d, 0xd7,
  0x2c, 0x55, 0xae, 0x04, 0x2e, 0x00, 0x6d, 0xd7, 0x2e, 0x59, 0xb6, 0x04,
  0x2e, 0x27, 0x5c, 0x4a, 0x2e, 0x0b, 0x5c, 0x7e, 0x2e, 0x19, 0x5c, 0x10,
  0x7f, 0xc0, 0x8c, 0xbf, 0x0e, 0x5d, 0x1c, 0x10, 0x09, 0x1d, 0x12, 0x06,
  0x04, 0x01, 0x09, 0xbf, 0xe1, 0xfe, 0x84, 0xbf, 0xff, 0x14, 0x14, 0x4a,
  0x00, 0xe0, 0x00, 0x00, 0x00, 0x10, 0x70, 0xe0, 0x0a, 0x09, 0x05, 0x80,
  0xff, 0x0e, 0x0e, 0x4a, 0x00, 0x01, 0x00, 0x00, 0x9f, 0xfd, 0x82, 0xbf,
  0xc1, 0x03, 0xfe, 0xbe, 0x00, 0x00, 0xfd, 0xbb, 0x00, 0x00, 0x8a, 0xbf,
  0x87, 0x00, 0x0e, 0x34, 0xff, 0x0e, 0x28, 0x4a, 0x50, 0xe0, 0x00, 0x00,
  0xff, 0x0e, 0x2a, 0x4a, 0x60, 0x60, 0x00, 0x00, 0xff, 0x0e, 0x2c, 0x4a,
  0x60, 0xe0, 0x00, 0x00, 0xff, 0x0e, 0x2e, 0x4a, 0x70, 0x60, 0x00, 0x00,
  0xff, 0x0e, 0x30, 0x4a, 0x70, 0xe0, 0x00, 0x00, 0xff, 0x0e, 0x12, 0x4a,
  0x00, 0x60, 0x00, 0x00, 0xff, 0x0e, 0x14, 0x4a, 0x00, 0xe0, 0x00, 0x00,
  0xff, 0x0e, 0x16, 0x4a, 0x10, 0x60, 0x00, 0x00, 0xff, 0x0e, 0x18, 0x4a,
  0x10, 0xe0, 0x00, 0x00, 0xff, 0x0e, 0x1a, 0x4a, 0x20, 0x60, 0x00, 0x00,
  0xff, 0x0e, 0x1c, 0x4a, 0x20, 0xe0, 0x00, 0x00, 0xff, 0x0e, 0x1e, 0x4a,
  0x30, 0x60, 0x00, 0x00, 0xff, 0x0e, 0x20, 0x4a, 0x30, 0xe0, 0x00, 0x00,
  0xff, 0x0e, 0x22, 0x4a, 0x40, 0x60, 0x00, 0x00, 0xff, 0x0e, 0x24, 0x4a,
  0x40, 0xe0, 0x00, 0x00, 0xff, 0x0e, 0x26, 0x4a, 0x50, 0x60, 0x00, 0x00,
  0x0f, 0x00, 0xa1, 0xbf, 0x00, 0x10, 0x38, 0xe0, 0x09, 0x1c, 0x05, 0x80,
  0x00, 0x10, 0x38, 0xe0, 0x0a, 0x20, 0x05, 0x80, 0x00, 0x10, 0x38, 0xe0,
  0x0b, 0x24, 0x05, 0x80, 0x00, 0x10, 0x38, 0xe0, 0x0c, 0x28, 0x05, 0x80,
  0x00, 0x10, 0x38, 0xe0, 0x0d, 0x2c, 0x05, 0x80, 0x00, 0x10, 0x38, 0xe0,
  0x0e, 0x30, 0x05, 0x80, 0x00, 0x10, 0x38, 0xe0, 0x0f, 0x0c, 0x05, 0x80,
  0x00, 0x10, 0x38, 0xe0, 0x10, 0x34, 0x05, 0x80, 0x00, 0x10, 0x38, 0xe0,
  0x11, 0x38, 0x05, 0x80, 0x00, 0x10, 0x38, 0xe0, 0x12, 0x3c, 0x05, 0x80,
  0x00, 0x10, 0x38, 0xe0, 0x13, 0x10, 0x05, 0x80, 0x00, 0x10, 0x38, 0xe0,
  0x14, 0x40, 0x05, 0x80, 0x00, 0x10, 0x38, 0xe0, 0x15, 0x44, 0x05, 0x80,
  0x00, 0x10, 0x38, 0xe0, 0x16, 0x48, 0x05, 0x80, 0x00, 0x10, 0x38, 0xe0,
  0x17, 0x14, 0x05, 0x80, 0x00, 0x10, 0x38, 0xe0, 0x18, 0x18, 0x05, 0x80,
  0xff, 0x03, 0x80, 0xbe, 0x3b, 0xaa, 0xb8, 0x3f, 0x7f, 0x00, 0x01, 0xb0,
  0x81, 0xff, 0x04, 0xb0, 0x85, 0x00, 0x98, 0x34, 0x05, 0x00, 0xc4, 0xd4,
  0xff, 0x0c, 0x02, 0x02, 0x00, 0x01, 0x00, 0x00, 0x7f, 0x3f, 0x8c, 0xbf,
  0x00, 0x3e, 0xa0, 0x10, 0x00, 0x38, 0x9a, 0x10, 0x00, 0x3a, 0x9c, 0x10,
  0x00, 0x3c, 0x9e, 0x10, 0x50, 0x00, 0xa5, 0xd5, 0x50, 0x01, 0x01, 0x22,
  0x4d, 0x00, 0xa5, 0xd5, 0x4d, 0x01, 0x01, 0x22, 0x4e, 0x00, 0xa5, 0xd5,
  0x4e, 0x01, 0x01, 0x22, 0x4f, 0x00, 0xa5, 0xd5, 0x4f, 0x01, 0x01, 0x22,
  0xf2, 0xa0, 0xa0, 0x06, 0xf2, 0x9a, 0x9a, 0x06, 0x7d, 0x3f, 0x8c, 0xbf,
  0x00, 0x48, 0xa4, 0x10, 0x50, 0x55, 0xa0, 0x7e, 0xf2, 0x9c, 0x9c, 0x06,
  0x4d, 0x55, 0x9a, 0x7e, 0x52, 0x00, 0xa5, 0xd5, 0x52, 0x01, 0x01, 0x22,
  0xf2, 0x9e, 0x9e, 0x06, 0x4e, 0x55, 0x9c, 0x7e, 0x00, 0x4a, 0xa6, 0x10,
  0x1f, 0xa1, 0x3e, 0x10, 0x4f, 0x55, 0x9e, 0x7e, 0x1c, 0x9b, 0x38, 0x10,
  0xf2, 0xa4, 0xa4, 0x06, 0x53, 0x00, 0xa5, 0xd5, 0x53, 0x01, 0x01, 0x22,
  0x00, 0x4c, 0xa8, 0x10, 0x1f, 0x47, 0x3e, 0x10, 0x1d, 0x9d, 0x3a, 0x10,
  0x1c, 0x41, 0x38, 0x10, 0x52, 0x55, 0xa4, 0x7e, 0x00, 0x4e, 0xaa, 0x10,
  0x1e, 0x9f, 0x3c, 0x10, 0x54, 0x00, 0xa5, 0xd5, 0x54, 0x01, 0x01, 0x22,
  0x1d, 0x43, 0x3a, 0x10, 0xf2, 0xa6, 0xa6, 0x06, 0x55, 0x00, 0xa5, 0xd5,
  0x55, 0x01, 0x01, 0x22, 0x1e, 0x45, 0x3c, 0x10, 0x24, 0xa5, 0x48, 0x10,
  0x53, 0x55, 0xa6, 0x7e, 0x7b, 0x3f, 0x8c, 0xbf, 0x00, 0x58, 0xac, 0x10,
  0xf2, 0xa8, 0xa8, 0x06, 0x51, 0x07, 0x54, 0xd5, 0x1c, 0x3b, 0x7a, 0x04,
  0x24, 0x51, 0x48, 0x10, 0x00, 0x5a, 0xae, 0x10, 0xf2, 0xaa, 0xaa, 0x06,
  0x56, 0x00, 0xa5, 0xd5, 0x56, 0x01, 0x01, 0x22, 0x54, 0x55, 0xa8, 0x7e,
  0x51, 0x06, 0x54, 0xd5, 0x51, 0x3f, 0x92, 0x04, 0x57, 0x00, 0xa5, 0xd5,
  0x57, 0x01, 0x01, 0x22, 0x25, 0xa7, 0x4a, 0x10, 0x55, 0x55, 0xaa, 0x7e,
  0x00, 0x5c, 0xb0, 0x10, 0xf2, 0xac, 0xac, 0x06, 0x26, 0xa9, 0x4c, 0x10,
  0x25, 0x53, 0x4a, 0x10, 0x00, 0x5e, 0xb2, 0x10, 0xf2, 0xae, 0xae, 0x06,
  0x58, 0x00, 0xa5, 0xd5, 0x58, 0x01, 0x01, 0x22, 0x56, 0x55, 0xac, 0x7e,
  0x26, 0x55, 0x4c, 0x10, 0x59, 0x00, 0xa5, 0xd5, 0x59, 0x01, 0x01, 0x22,
  0x27, 0xab, 0x4e, 0x10, 0x57, 0x55, 0xae, 0x7e, 0x51, 0x06, 0x54, 0xd5,
  0x51, 0x4b, 0x9a, 0x04, 0xf2, 0xb0, 0xb0, 0x06, 0x2c, 0xad, 0x58, 0x10,
  0x27, 0x57, 0x4e, 0x10, 0x79, 0x3f, 0x8c, 0xbf, 0x00, 0x18, 0xb4, 0x10,
  0xf2, 0xb2, 0xb2, 0x06, 0x00, 0x1a, 0xb6, 0x10, 0x58, 0x55, 0xb0, 0x7e,
  0x2c, 0x61, 0x58, 0x10, 0x2d, 0xaf, 0x5a, 0x10, 0x5a, 0x00, 0xa5, 0xd5,
  0x5a, 0x01, 0x01, 0x22, 0x59, 0x55, 0xb2, 0x7e, 0x5b, 0x00, 0xa5, 0xd5,
  0x5b, 0x01, 0x01, 0x22, 0x51, 0x06, 0x54, 0xd5, 0x51, 0x4f, 0xb2, 0x04,
  0x00, 0x1c, 0xb8, 0x10, 0x2d, 0x63, 0x5a, 0x10, 0x2e, 0xb1, 0x5c, 0x10,
  0xf2, 0xb4, 0xb4, 0x06, 0x00, 0x1e, 0xba, 0x10, 0x2f, 0xb3, 0x5e, 0x10,
  0x5c, 0x00, 0xa5, 0xd5, 0x5c, 0x01, 0x01, 0x22, 0x2e, 0x65, 0x5c, 0x10,
  0x5a, 0x55, 0xb4, 0x7e, 0xf2, 0xb6, 0xb6, 0x06, 0x5d, 0x00, 0xa5, 0xd5,
  0x5d, 0x01, 0x01, 0x22, 0x2f, 0x67, 0x5e, 0x10, 0x51, 0x06, 0x54, 0xd5,
  0x51, 0x5b, 0xba, 0x04, 0xf2, 0xb8, 0xb8, 0x06, 0x5b, 0x55, 0xb6, 0x7e,
  0x77, 0x3f, 0x8c, 0xbf, 0x00, 0x70, 0xbc, 0x10, 0x0c, 0xb5, 0x18, 0x10,
  0x5c, 0x55, 0xb8, 0x7e, 0xf2, 0xba, 0xba, 0x06, 0x5e, 0x00, 0xa5, 0xd5,
  0x5e, 0x01, 0x01, 0x22, 0x00, 0x72, 0xbe, 0x10, 0x0c, 0x69, 0x18, 0x10,
  0x0d, 0xb7, 0x1a, 0x10, 0x5d, 0x55, 0xba, 0x7e, 0x00, 0x74, 0xc0, 0x10,
  0x0e, 0xb9, 0x1c, 0x10, 0x5f, 0x00, 0xa5, 0xd5, 0x5f, 0x01, 0x01, 0x22,
  0x51, 0x06, 0x54, 0xd5, 0x51, 0x5f, 0x32, 0x04, 0x0d, 0x6b, 0x1a, 0x10,
  0xf2, 0xbc, 0xbc, 0x06, 0x60, 0x00, 0xa5, 0xd5, 0x60, 0x01, 0x01, 0x22,
  0x00, 0x76, 0xc2, 0x10, 0x0e, 0x6d, 0x1c, 0x10, 0x0f, 0xbb, 0x1e, 0x10,
  0x5e, 0x55, 0xbc, 0x7e, 0xf2, 0xbe, 0xbe, 0x06, 0x61, 0x00, 0xa5, 0xd5,
  0x61, 0x01, 0x01, 0x22, 0x51, 0x06, 0x54, 0xd5, 0x51, 0x1b, 0x3a, 0x04,
  0x0f, 0x6f, 0x1e, 0x10, 0xf2, 0xc0, 0xc0, 0x06, 0x5f, 0x55, 0xbe, 0x7e,
  0x75, 0x3f, 0x8c, 0xbf, 0x00, 0x20, 0xc4, 0x10, 0x38, 0xbd, 0x70, 0x10,
  0x60, 0x55, 0xc0, 0x7e, 0xf2, 0xc2, 0xc2, 0x06, 0x62, 0x00, 0xa5, 0xd5,
  0x62, 0x01, 0x01, 0x22, 0x00, 0x22, 0xc6, 0x10, 0x38, 0x79, 0x70, 0x10,
  0x39, 0xbf, 0x72, 0x10, 0x61, 0x55, 0xc2, 0x7e, 0x00, 0x24, 0xc8, 0x10,
  0x3a, 0xc1, 0x74, 0x10, 0x63, 0x00, 0xa5, 0xd5, 0x63, 0x01, 0x01, 0x22,
  0x51, 0x06, 0x54, 0xd5, 0x51, 0x1f, 0xe2, 0x04, 0x39, 0x7b, 0x72, 0x10,
  0xf2, 0xc4, 0xc4, 0x06, 0x64, 0x00, 0xa5, 0xd5, 0x64, 0x01, 0x01, 0x22,
  0x00, 0x26, 0xca, 0x10, 0x3a, 0x7d, 0x74, 0x10, 0x3b, 0xc3, 0x76, 0x10,
  0x62, 0x55, 0xc4, 0x7e, 0xf2, 0xc6, 0xc6, 0x06, 0x65, 0x00, 0xa5, 0xd5,
  0x65, 0x01, 0x01, 0x22, 0x51, 0x06, 0x54, 0xd5, 0x51, 0x73, 0xea, 0x04,
  0x3b, 0x7f, 0x76, 0x10, 0xf2, 0xc8, 0xc8, 0x06, 0x63, 0x55, 0xc6, 0x7e,
  0x73, 0x3f, 0x8c, 0xbf, 0x00, 0x88, 0xcc, 0x10, 0x10, 0xc5, 0x20, 0x10,
  0x64, 0x55, 0xc8, 0x7e, 0xf2, 0xca, 0xca, 0x06, 0x00, 0x8a, 0xce, 0x10,
  0x66, 0x00, 0xa5, 0xd5, 0x66, 0x01, 0x01, 0x22, 0x10, 0x81, 0x20, 0x10,
  0x11, 0xc7, 0x22, 0x10, 0x65, 0x55, 0xca, 0x7e, 0x67, 0x00, 0xa5, 0xd5,
  0x67, 0x01, 0x01, 0x22, 0x00, 0x8c, 0xd0, 0x10, 0x12, 0xc9, 0x24, 0x10,
  0x51, 0x06, 0x54, 0xd5, 0x51, 0x77, 0x42, 0x04, 0x11, 0x83, 0x22, 0x10,
  0xf2, 0xcc, 0xcc, 0x06, 0x00, 0x8e, 0xd2, 0x10, 0x13, 0xcb, 0x26, 0x10,
  0x68, 0x00, 0xa5, 0xd5, 0x68, 0x01, 0x01, 0x22, 0x12, 0x85, 0x24, 0x10,
  0xf2, 0xce, 0xce, 0x06, 0x66, 0x55, 0xcc, 0x7e, 0x69, 0x00, 0xa5, 0xd5,
  0x69, 0x01, 0x01, 0x22, 0x13, 0x87, 0x26, 0x10, 0x51, 0x06, 0x54, 0xd5,
  0x51, 0x23, 0x4a, 0x04, 0x67, 0x55, 0xce, 0x7e, 0xf2, 0xd0, 0xd0, 0x06,
  0x71, 0x3f, 0x8c, 0xbf, 0x00, 0x28, 0xd4, 0x10, 0x44, 0xcd, 0x88, 0x10,
  0xf2, 0xd2, 0xd2, 0x06, 0x00, 0x2a, 0xd6, 0x10, 0x68, 0x55, 0xd0, 0x7e,
  0x6a, 0x00, 0xa5, 0xd5, 0x6a, 0x01, 0x01, 0x22, 0x44, 0x91, 0x88, 0x10,
  0x69, 0x55, 0xd2, 0x7e, 0x45, 0xcf, 0x8a, 0x10, 0x6b, 0x00, 0xa5, 0xd5,
  0x6b, 0x01, 0x01, 0x22, 0x00, 0x2c, 0xd8, 0x10, 0x51, 0x06, 0x54, 0xd5,
  0x51, 0x27, 0x12, 0x05, 0x46, 0xd1, 0x8c, 0x10, 0xf2, 0xd4, 0xd4, 0x06,
  0x45, 0x93, 0x8a, 0x10, 0x00, 0x2e, 0xda, 0x10, 0x47, 0xd3, 0x8e, 0x10,
  0x6c, 0x00, 0xa5, 0xd5, 0x6c, 0x01, 0x01, 0x22, 0x46, 0x95, 0x8c, 0x10,
  0x6a, 0x55, 0xd4, 0x7e, 0xf2, 0xd6, 0xd6, 0x06, 0x6d, 0x00, 0xa5, 0xd5,
  0x6d, 0x01, 0x01, 0x22, 0x47, 0x97, 0x8e, 0x10, 0x51, 0x06, 0x54, 0xd5,
  0x51, 0x8b, 0x1a, 0x05, 0xf2, 0xd8, 0xd8, 0x06, 0x6b, 0x55, 0xd6, 0x7e,
  0x14, 0xd5, 0x28, 0x10, 0x6c, 0x55, 0xd8, 0x7e, 0xf2, 0xda, 0xda, 0x06,
  0x70, 0x3f, 0x8c, 0xbf, 0x14, 0x31, 0x28, 0x10, 0x15, 0xd7, 0x2a, 0x10,
  0x6d, 0x55, 0xda, 0x7e, 0x51, 0x06, 0x54, 0xd5, 0x51, 0x8f, 0x52, 0x04,
  0x16, 0xd9, 0x2c, 0x10, 0x15, 0x33, 0x2a, 0x10, 0x16, 0x35, 0x2c, 0x10,
  0x17, 0xdb, 0x2e, 0x10, 0x51, 0x06, 0x54, 0xd5, 0x51, 0x2b, 0x5a, 0x04,
  0x17, 0x37, 0x2e, 0x10, 0x51, 0x02, 0x10, 0xd5, 0x51, 0x2f, 0x02, 0x02,
  0xff, 0xa2, 0xa2, 0x10, 0x04, 0x02, 0x01, 0x3c, 0x00, 0x40, 0x34, 0xd8,
  0x01, 0x51, 0x00, 0x00, 0x6a, 0x03, 0x87, 0xbe, 0x06, 0x00, 0x02, 0xd4,
  0x80, 0xa2, 0x02, 0x02, 0x51, 0x55, 0xdc, 0x7e, 0x06, 0x03, 0xea, 0xbe,
  0x1c, 0xdd, 0x38, 0x10, 0x1d, 0xdd, 0x3a, 0x10, 0x1e, 0xdd, 0x3c, 0x10,
  0x1f, 0xdd, 0x3e, 0x10, 0x1c, 0x47, 0x38, 0x7e, 0x1d, 0x47, 0x3a, 0x7e,
  0x1e, 0x47, 0x3c, 0x7e, 0x24, 0xdd, 0x48, 0x10, 0x1f, 0x47, 0x3e, 0x7e,
  0x1c, 0x11, 0x38, 0x7e, 0x1d, 0x11, 0x3a, 0x7e, 0x1e, 0x11, 0x3c, 0x7e,
  0x24, 0x47, 0x48, 0x7e, 0x25, 0xdd, 0x4a, 0x10, 0x1f, 0x11, 0x3e, 0x7e,
  0x1c, 0x00, 0x58, 0xd5, 0x01, 0x08, 0x70, 0x04, 0x1d, 0x00, 0x58, 0xd5,
  0x01, 0x08, 0x74, 0x04, 0x1e, 0x00, 0x58, 0xd5, 0x01, 0x08, 0x78, 0x04,
  0x26, 0xdd, 0x4c, 0x10, 0x24, 0x11, 0x48, 0x7e, 0x25, 0x47, 0x4a, 0x7e,
  0x1f, 0x00, 0x58, 0xd5, 0x01, 0x08, 0x7c, 0x04, 0xf9, 0x00, 0x39, 0x02,
  0x1c, 0x00, 0x06, 0x86, 0xf9, 0x00, 0x3b, 0x02, 0x1d, 0x01, 0x06, 0x86,
  0x27, 0xdd, 0x4e, 0x10, 0xf9, 0x00, 0x3d, 0x02, 0x1e, 0x02, 0x06, 0x86,
  0x26, 0x47, 0x4c, 0x7e, 0x24, 0x00, 0x58, 0xd5, 0x01, 0x08, 0x90, 0x04,
  0x25, 0x11, 0x4a, 0x7e, 0xf9, 0x00, 0x3f, 0x02, 0x1f, 0x03, 0x06, 0x86,
  0x2c, 0xdd, 0x58, 0x10, 0x27, 0x47, 0x4e, 0x7e, 0x1e, 0x00, 0x72, 0xd7,
  0x1e, 0x39, 0x76, 0x04, 0x26, 0x11, 0x4c, 0x7e, 0xf9, 0x00, 0x49, 0x02,
  0x24, 0x00, 0x06, 0x86, 0x2d, 0xdd, 0x5a, 0x10, 0x25, 0x00, 0x58, 0xd5,
  0x01, 0x08, 0x94, 0x04, 0x2c, 0x47, 0x58, 0x7e, 0x27, 0x11, 0x4e, 0x7e,
  0x1e, 0x3f, 0x38, 0x38, 0x2e, 0xdd, 0x5c, 0x10, 0x26, 0x00, 0x58, 0xd5,
  0x01, 0x08, 0x98, 0x04, 0x2d, 0x47, 0x5a, 0x7e, 0xf9, 0x00, 0x4b, 0x02,
  0x25, 0x01, 0x06, 0x86, 0x2c, 0x11, 0x58, 0x7e, 0x27, 0x00, 0x58, 0xd5,
  0x01, 0x08, 0x9c, 0x04, 0x2f, 0xdd, 0x5e, 0x10, 0x2e, 0x47, 0x5c, 0x7e,
  0xf9, 0x00, 0x4d, 0x02, 0x26, 0x02, 0x06, 0x86, 0x2d, 0x11, 0x5a, 0x7e,
  0x2c, 0x00, 0x58, 0xd5, 0x01, 0x08, 0xb0, 0x04, 0xf9, 0x00, 0x4f, 0x02,
  0x27, 0x03, 0x06, 0x86, 0x0c, 0xdd, 0x18, 0x10, 0x2f, 0x47, 0x5e, 0x7e,
  0x2e, 0x11, 0x5c, 0x7e, 0x26, 0x00, 0x72, 0xd7, 0x26, 0x49, 0x96, 0x04,
  0x2d, 0x00, 0x58, 0xd5, 0x01, 0x08, 0xb4, 0x04, 0xf9, 0x00, 0x59, 0x02,
  0x2c, 0x00, 0x06, 0x86, 0x0d, 0xdd, 0x1a, 0x10, 0x0c, 0x47, 0x18, 0x7e,
  0x2f, 0x11, 0x5e, 0x7e, 0x2e, 0x00, 0x58, 0xd5, 0x01, 0x08, 0xb8, 0x04,
  0x26, 0x4f, 0x3a, 0x38, 0x0e, 0xdd, 0x1c, 0x10, 0xf9, 0x00, 0x5b, 0x02,
  0x2d, 0x01, 0x06, 0x86, 0x0d, 0x47, 0x1a, 0x7e, 0x0c, 0x11, 0x18, 0x7e,
  0x2f, 0x00, 0x58, 0xd5, 0x01, 0x08, 0xbc, 0x04, 0x0f, 0xdd, 0x1e, 0x10,
  0xf9, 0x00, 0x5d, 0x02, 0x2e, 0x02, 0x06, 0x86, 0x0e, 0x47, 0x1c, 0x7e,
  0x0d, 0x11, 0x1a, 0x7e, 0x0c, 0x00, 0x58, 0xd5, 0x01, 0x08, 0x30, 0x04,
  0xf9, 0x00, 0x5f, 0x02, 0x2f, 0x03, 0x06, 0x86, 0x0f, 0x47, 0x1e, 0x7e,
  0x2e, 0x00, 0x72, 0xd7, 0x2e, 0x59, 0xb6, 0x04, 0x0e, 0x11, 0x1c, 0x7e,
  0x0d, 0x00, 0x58, 0xd5, 0x01, 0x08, 0x34, 0x04, 0xf9, 0x00, 0x19, 0x02,
  0x0c, 0x00, 0x06, 0x86, 0x0f, 0x11, 0x1e, 0x7e, 0x2e, 0x5f, 0x3c, 0x38,
  0x0e, 0x00, 0x58, 0xd5, 0x01, 0x08, 0x38, 0x04, 0xf9, 0x00, 0x1b, 0x02,
  0x0d, 0x01, 0x06, 0x86, 0x0f, 0x00, 0x58, 0xd5, 0x01, 0x08, 0x3c, 0x04,
  0xf9, 0x00, 0x1d, 0x02, 0x0e, 0x02, 0x06, 0x86, 0xf9, 0x00, 0x1f, 0x02,
  0x0f, 0x03, 0x06, 0x86, 0x0e, 0x00, 0x72, 0xd7, 0x0e, 0x19, 0x36, 0x04,
  0x0e, 0x1f, 0x3e, 0x38, 0x00, 0x44, 0x7c, 0xdb, 0x4c, 0x1c, 0x00, 0x00,
  0x38, 0xdd, 0x70, 0x10, 0x39, 0xdd, 0x72, 0x10, 0x3a, 0xdd, 0x74, 0x10,
  0x3b, 0xdd, 0x76, 0x10, 0x38, 0x47, 0x70, 0x7e, 0x39, 0x47, 0x72, 0x7e,
  0x3a, 0x47, 0x74, 0x7e, 0x10, 0xdd, 0x20, 0x10, 0x3b, 0x47, 0x76, 0x7e,
  0x38, 0x11, 0x70, 0x7e, 0x39, 0x11, 0x72, 0x7e, 0x3a, 0x11, 0x74, 0x7e,
  0x10, 0x47, 0x20, 0x7e, 0x11, 0xdd, 0x22, 0x10, 0x3b, 0x11, 0x76, 0x7e,
  0x38, 0x00, 0x58, 0xd5, 0x01, 0x08, 0xe0, 0x04, 0x39, 0x00, 0x58, 0xd5,
  0x01, 0x08, 0xe4, 0x04, 0x12, 0xdd, 0x24, 0x10, 0x3a, 0x00, 0x58, 0xd5,
  0x01, 0x08, 0xe8, 0x04, 0x10, 0x11, 0x20, 0x7e, 0x11, 0x47, 0x22, 0x7e,
  0x3b, 0x00, 0x58, 0xd5, 0x01, 0x08, 0xec, 0x04, 0xf9, 0x00, 0x71, 0x02,
  0x38, 0x00, 0x06, 0x86, 0xf9, 0x00, 0x73, 0x02, 0x39, 0x01, 0x06, 0x86,
  0x13, 0xdd, 0x26, 0x10, 0x12, 0x47, 0x24, 0x7e, 0xf9, 0x00, 0x75, 0x02,
  0x3a, 0x02, 0x06, 0x86, 0x10, 0x00, 0x58, 0xd5, 0x01, 0x08, 0x40, 0x04,
  0x11, 0x11, 0x22, 0x7e, 0xf9, 0x00, 0x77, 0x02, 0x3b, 0x03, 0x06, 0x86,
  0x44, 0xdd, 0x88, 0x10, 0x13, 0x47, 0x26, 0x7e, 0x12, 0x11, 0x24, 0x7e,
  0x3a, 0x00, 0x72, 0xd7, 0x3a, 0x71, 0xe6, 0x04, 0xf9, 0x00, 0x21, 0x02,
  0x10, 0x00, 0x06, 0x86, 0x11, 0x00, 0x58, 0xd5, 0x01, 0x08, 0x44, 0x04,
  0x45, 0xdd, 0x8a, 0x10, 0x44, 0x47, 0x88, 0x7e, 0x13, 0x11, 0x26, 0x7e,
  0x12, 0x00, 0x58, 0xd5, 0x01, 0x08, 0x48, 0x04, 0x46, 0xdd, 0x8c, 0x10,
  0x3a, 0x77, 0x18, 0x38, 0xf9, 0x00, 0x23, 0x02, 0x11, 0x01, 0x06, 0x86,
  0x45, 0x47, 0x8a, 0x7e, 0x44, 0x11, 0x88, 0x7e, 0x13, 0x00, 0x58, 0xd5,
  0x01, 0x08, 0x4c, 0x04, 0xf9, 0x00, 0x25, 0x02, 0x12, 0x02, 0x06, 0x86,
  0x47, 0xdd, 0x8e, 0x10, 0x46, 0x47, 0x8c, 0x7e, 0x45, 0x11, 0x8a, 0x7e,
  0x44, 0x00, 0x58, 0xd5, 0x01, 0x08, 0x10, 0x05, 0xf9, 0x00, 0x27, 0x02,
  0x13, 0x03, 0x06, 0x86, 0x14, 0xdd, 0x28, 0x10, 0x12, 0x00, 0x72, 0xd7,
  0x12, 0x21, 0x46, 0x04, 0x47, 0x47, 0x8e, 0x7e, 0x46, 0x11, 0x8c, 0x7e,
  0x45, 0x00, 0x58, 0xd5, 0x01, 0x08, 0x14, 0x05, 0x15, 0xdd, 0x2a, 0x10,
  0xf9, 0x00, 0x89, 0x02, 0x44, 0x00, 0x06, 0x86, 0x14, 0x47, 0x28, 0x7e,
  0x12, 0x27, 0x1a, 0x38, 0x47, 0x11, 0x8e, 0x7e, 0x46, 0x00, 0x58, 0xd5,
  0x01, 0x08, 0x18, 0x05, 0x16, 0xdd, 0x2c, 0x10, 0xf9, 0x00, 0x8b, 0x02,
  0x45, 0x01, 0x06, 0x86, 0x15, 0x47, 0x2a, 0x7e, 0x14, 0x11, 0x28, 0x7e,
  0x17, 0xdd, 0x2e, 0x10, 0x47, 0x00, 0x58, 0xd5, 0x01, 0x08, 0x1c, 0x05,
  0xf9, 0x00, 0x8d, 0x02, 0x46, 0x02, 0x06, 0x86, 0x16, 0x47, 0x2c, 0x7e,
  0x15, 0x11, 0x2a, 0x7e, 0x14, 0x00, 0x58, 0xd5, 0x01, 0x08, 0x50, 0x04,
  0x17, 0x47, 0x2e, 0x7e, 0xf9, 0x00, 0x8f, 0x02, 0x47, 0x03, 0x06, 0x86,
  0x46, 0x00, 0x72, 0xd7, 0x46, 0x89, 0x16, 0x05, 0x16, 0x11, 0x2c, 0x7e,
  0x15, 0x00, 0x58, 0xd5, 0x01, 0x08, 0x54, 0x04, 0xf9, 0x00, 0x29, 0x02,
  0x14, 0x00, 0x06, 0x86, 0x17, 0x11, 0x2e, 0x7e, 0x46, 0x8f, 0x1c, 0x38,
  0x16, 0x00, 0x58, 0xd5, 0x01, 0x08, 0x58, 0x04, 0xf9, 0x00, 0x2b, 0x02,
  0x15, 0x01, 0x06, 0x86, 0x17, 0x00, 0x58, 0xd5, 0x01, 0x08, 0x5c, 0x04,
  0xf9, 0x00, 0x2d, 0x02, 0x16, 0x02, 0x06, 0x86, 0xf9, 0x00, 0x2f, 0x02,
  0x17, 0x03, 0x06, 0x86, 0x16, 0x00, 0x72, 0xd7, 0x16, 0x29, 0x56, 0x04,
  0x16, 0x2f, 0x1e, 0x38, 0x10, 0x44, 0x7c, 0xdb, 0x4c, 0x0c, 0x00, 0x00,
  0x05, 0x03, 0xfe, 0xbe, 0x2f, 0x02, 0x88, 0xbf, 0xff, 0x0e, 0x0c, 0x4a,
  0x00, 0x60, 0x01, 0x00, 0xff, 0x0e, 0x12, 0x4a, 0x10, 0x60, 0x01, 0x00,
  0xff, 0x0e, 0x14, 0x4a, 0x20, 0x60, 0x01, 0x00, 0xff, 0x0e, 0x16, 0x4a,
  0x30, 0x60, 0x01, 0x00, 0xff, 0x0e, 0x18, 0x4a, 0x40, 0x60, 0x01, 0x00,
  0xff, 0x0e, 0x1a, 0x4a, 0x50, 0x60, 0x01, 0x00, 0xff, 0x0e, 0x1c, 0x4a,
  0x60, 0x60, 0x01, 0x00, 0xff, 0x0e, 0x0e, 0x4a, 0x70, 0x60, 0x01, 0x00,
  0x07, 0x00, 0xa1, 0xbf, 0x00, 0x10, 0x38, 0xe0, 0x06, 0x10, 0x05, 0x80,
  0x00, 0x10, 0x38, 0xe0, 0x09, 0x14, 0x05, 0x80, 0x00, 0x10, 0x38, 0xe0,
  0x0a, 0x1c, 0x05, 0x80, 0x00, 0x10, 0x38, 0xe0, 0x0b, 0x24, 0x05, 0x80,
  0x00, 0x10, 0x38, 0xe0, 0x0c, 0x2c, 0x05, 0x80, 0x00, 0x10, 0x38, 0xe0,
  0x0d, 0x38, 0x05, 0x80, 0x00, 0x10, 0x38, 0xe0, 0x0e, 0x0c, 0x05, 0x80,
  0x00, 0x10, 0x38, 0xe0, 0x07, 0x44, 0x05, 0x80, 0xff, 0x03, 0x80, 0xbe,
  0x3b, 0xaa, 0xb8, 0x3f, 0x00, 0x46, 0xa0, 0x10, 0x00, 0x40, 0x9a, 0x10,
  0x00, 0x42, 0x9c, 0x10, 0x00, 0x44, 0x9e, 0x10, 0x50, 0x00, 0xa5, 0xd5,
  0x50, 0x01, 0x01, 0x22, 0x4d, 0x00, 0xa5, 0xd5, 0x4d, 0x01, 0x01, 0x22,
  0x4e, 0x00, 0xa5, 0xd5, 0x4e, 0x01, 0x01, 0x22, 0x4f, 0x00, 0xa5, 0xd5,
  0x4f, 0x01, 0x01, 0x22, 0x00, 0x50, 0xa2, 0x10, 0xf2, 0xa0, 0xa0, 0x06,
  0x00, 0x52, 0xa4, 0x10, 0xf2, 0x9a, 0x9a, 0x06, 0x51, 0x00, 0xa5, 0xd5,
  0x51, 0x01, 0x01, 0x22, 0xf2, 0x9c, 0x9c, 0x06, 0x50, 0x55, 0xa0, 0x7e,
  0x52, 0x00, 0xa5, 0xd5, 0x52, 0x01, 0x01, 0x22, 0x4d, 0x55, 0x9a, 0x7e,
  0xf2, 0x9e, 0x9e, 0x06, 0x00, 0x54, 0xa6, 0x10, 0x4e, 0x55, 0x9c, 0x7e,
  0xf2, 0xa2, 0xa2, 0x06, 0x23, 0xa1, 0x46, 0x10, 0xf2, 0xa4, 0xa4, 0x06,
  0x00, 0x56, 0xa8, 0x10, 0x4f, 0x55, 0x9e, 0x7e, 0x53, 0x00, 0xa5, 0xd5,
  0x53, 0x01, 0x01, 0x22, 0x20, 0x9b, 0x40, 0x10, 0x51, 0x55, 0xa2, 0x7e,
  0x52, 0x55, 0xa4, 0x7e, 0x00, 0x60, 0xaa, 0x10, 0x54, 0x00, 0xa5, 0xd5,
  0x54, 0x01, 0x01, 0x22, 0x21, 0x9d, 0x42, 0x10, 0x22, 0x9f, 0x44, 0x10,
  0xf2, 0xa6, 0xa6, 0x06, 0x00, 0x62, 0xac, 0x10, 0x28, 0xa3, 0x50, 0x10,
  0x55, 0x00, 0xa5, 0xd5, 0x55, 0x01, 0x01, 0x22, 0x00, 0x64, 0xae, 0x10,
  0x29, 0xa5, 0x52, 0x10, 0x53, 0x55, 0xa6, 0x7e, 0x56, 0x00, 0xa5, 0xd5,
  0x56, 0x01, 0x01, 0x22, 0xf2, 0xa8, 0xa8, 0x06, 0x57, 0x00, 0xa5, 0xd5,
  0x57, 0x01, 0x01, 0x22, 0x00, 0x66, 0xb0, 0x10, 0xf2, 0xaa, 0xaa, 0x06,
  0x54, 0x55, 0xa8, 0x7e, 0x2a, 0xa7, 0x54, 0x10, 0x00, 0x68, 0xb2, 0x10,
  0xf2, 0xac, 0xac, 0x06, 0x58, 0x00, 0xa5, 0xd5, 0x58, 0x01, 0x01, 0x22,
  0x55, 0x55, 0xaa, 0x7e, 0xf2, 0xae, 0xae, 0x06, 0x59, 0x00, 0xa5, 0xd5,
  0x59, 0x01, 0x01, 0x22, 0x00, 0x6a, 0xb4, 0x10, 0x56, 0x55, 0xac, 0x7e,
  0x2b, 0xa9, 0x56, 0x10, 0xf2, 0xb0, 0xb0, 0x06, 0x57, 0x55, 0xae, 0x7e,
  0x30, 0xab, 0x60, 0x10, 0x00, 0x6c, 0xb6, 0x10, 0x5a, 0x00, 0xa5, 0xd5,
  0x5a, 0x01, 0x01, 0x22, 0xf2, 0xb2, 0xb2, 0x06, 0x58, 0x55, 0xb0, 0x7e,
  0x00, 0x6e, 0xb8, 0x10, 0x31, 0xad, 0x62, 0x10, 0x5b, 0x00, 0xa5, 0xd5,
  0x5b, 0x01, 0x01, 0x22, 0x32, 0xaf, 0x64, 0x10, 0x59, 0x55, 0xb2, 0x7e,
  0x00, 0x78, 0xba, 0x10, 0xf2, 0xb4, 0xb4, 0x06, 0x5c, 0x00, 0xa5, 0xd5,
  0x5c, 0x01, 0x01, 0x22, 0x33, 0xb1, 0x66, 0x10, 0x00, 0x7a, 0xbc, 0x10,
  0xf2, 0xb6, 0xb6, 0x06, 0x5d, 0x00, 0xa5, 0xd5, 0x5d, 0x01, 0x01, 0x22,
  0x5a, 0x55, 0xb4, 0x7e, 0x34, 0xb3, 0x68, 0x10, 0x00, 0x7c, 0xbe, 0x10,
  0x5e, 0x00, 0xa5, 0xd5, 0x5e, 0x01, 0x01, 0x22, 0x5b, 0x55, 0xb6, 0x7e,
  0xf2, 0xb8, 0xb8, 0x06, 0xf2, 0xba, 0xba, 0x06, 0x5f, 0x00, 0xa5, 0xd5,
  0x5f, 0x01, 0x01, 0x22, 0x35, 0xb5, 0x6a, 0x10, 0x00, 0x7e, 0xc0, 0x10,
  0x5c, 0x55, 0xb8, 0x7e, 0xf2, 0xbc, 0xbc, 0x06, 0x5d, 0x55, 0xba, 0x7e,
  0x00, 0x80, 0xc2, 0x10, 0x36, 0xb7, 0x6c, 0x10, 0x60, 0x00, 0xa5, 0xd5,
  0x60, 0x01, 0x01, 0x22, 0xf2, 0xbe, 0xbe, 0x06, 0x5e, 0x55, 0xbc, 0x7e,
  0x00, 0x82, 0xc4, 0x10, 0x37, 0xb9, 0x6e, 0x10, 0x61, 0x00, 0xa5, 0xd5,
  0x61, 0x01, 0x01, 0x22, 0x3c, 0xbb, 0x78, 0x10, 0x5f, 0x55, 0xbe, 0x7e,
  0x00, 0x84, 0xc6, 0x10, 0xf2, 0xc0, 0xc0, 0x06, 0x62, 0x00, 0xa5, 0xd5,
  0x62, 0x01, 0x01, 0x22, 0x3d, 0xbd, 0x7a, 0x10, 0x00, 0x86, 0xc8, 0x10,
  0xf2, 0xc2, 0xc2, 0x06, 0x63, 0x00, 0xa5, 0xd5, 0x63, 0x01, 0x01, 0x22,
  0x60, 0x55, 0xc0, 0x7e, 0x3e, 0xbf, 0x7c, 0x10, 0x00, 0x90, 0xca, 0x10,
  0x64, 0x00, 0xa5, 0xd5, 0x64, 0x01, 0x01, 0x22, 0x61, 0x55, 0xc2, 0x7e,
  0xf2, 0xc4, 0xc4, 0x06, 0xf2, 0xc6, 0xc6, 0x06, 0x65, 0x00, 0xa5, 0xd5,
  0x65, 0x01, 0x01, 0x22, 0x00, 0x92, 0xcc, 0x10, 0x3f, 0xc1, 0x7e, 0x10,
  0x62, 0x55, 0xc4, 0x7e, 0xf2, 0xc8, 0xc8, 0x06, 0x63, 0x55, 0xc6, 0x7e,
  0x00, 0x94, 0xce, 0x10, 0x40, 0xc3, 0x80, 0x10, 0x66, 0x00, 0xa5, 0xd5,
  0x66, 0x01, 0x01, 0x22, 0xf2, 0xca, 0xca, 0x06, 0x64, 0x55, 0xc8, 0x7e,
  0x00, 0x96, 0xd0, 0x10, 0x41, 0xc5, 0x82, 0x10, 0x67, 0x00, 0xa5, 0xd5,
  0x67, 0x01, 0x01, 0x22, 0x42, 0xc7, 0x84, 0x10, 0x65, 0x55, 0xca, 0x7e,
  0x00, 0x30, 0xd2, 0x10, 0xf2, 0xcc, 0xcc, 0x06, 0x68, 0x00, 0xa5, 0xd5,
  0x68, 0x01, 0x01, 0x22, 0x43, 0xc9, 0x86, 0x10, 0x00, 0x32, 0xd4, 0x10,
  0xf2, 0xce, 0xce, 0x06, 0x69, 0x00, 0xa5, 0xd5, 0x69, 0x01, 0x01, 0x22,
  0x66, 0x55, 0xcc, 0x7e, 0x48, 0xcb, 0x90, 0x10, 0x00, 0x34, 0xd6, 0x10,
  0x6a, 0x00, 0xa5, 0xd5, 0x6a, 0x01, 0x01, 0x22, 0x67, 0x55, 0xce, 0x7e,
  0xf2, 0xd0, 0xd0, 0x06, 0xf2, 0xd2, 0xd2, 0x06, 0x6b, 0x00, 0xa5, 0xd5,
  0x6b, 0x01, 0x01, 0x22, 0x49, 0xcd, 0x92, 0x10, 0x00, 0x36, 0xd8, 0x10,
  0x68, 0x55, 0xd0, 0x7e, 0xf2, 0xd4, 0xd4, 0x06, 0x69, 0x55, 0xd2, 0x7e,
  0x81, 0xff, 0x01, 0xb0, 0x4a, 0xcf, 0x94, 0x10, 0x7f, 0x00, 0x04, 0xb0,
  0x6c, 0x00, 0xa5, 0xd5, 0x6c, 0x01, 0x01, 0x22, 0x77, 0x3f, 0x8c, 0xbf,
  0x20, 0x21, 0x40, 0x10, 0xf2, 0xd6, 0xd6, 0x06, 0x21, 0x23, 0x42, 0x10,
  0x6a, 0x55, 0xd4, 0x7e, 0x22, 0x25, 0x44, 0x10, 0x23, 0x27, 0x46, 0x10,
  0x4b, 0xd1, 0x96, 0x10, 0x76, 0x3f, 0x8c, 0xbf, 0x28, 0x29, 0x50, 0x10,
  0x29, 0x2b, 0x52, 0x10, 0x2a, 0x2d, 0x54, 0x10, 0x18, 0xd3, 0x30, 0x10,
  0x6b, 0x55, 0xd6, 0x7e, 0x2b, 0x2f, 0x56, 0x10, 0x75, 0x3f, 0x8c, 0xbf,
  0x30, 0x39, 0x60, 0x10, 0xf2, 0xd8, 0xd8, 0x06, 0x31, 0x3b, 0x62, 0x10,
  0x32, 0x3d, 0x64, 0x10, 0x6d, 0x07, 0x54, 0xd5, 0x20, 0x43, 0x8a, 0x04,
  0x33, 0x3f, 0x66, 0x10, 0x19, 0xd5, 0x32, 0x10, 0x74, 0x3f, 0x8c, 0xbf,
  0x34, 0x49, 0x68, 0x10, 0x35, 0x4b, 0x6a, 0x10, 0x36, 0x4d, 0x6c, 0x10,
  0x37, 0x4f, 0x6e, 0x10, 0x73, 0x3f, 0x8c, 0xbf, 0x3c, 0x59, 0x78, 0x10,
  0x6c, 0x55, 0xd8, 0x7e, 0x3d, 0x5b, 0x7a, 0x10, 0x3e, 0x5d, 0x7c, 0x10,
  0x1a, 0xd7, 0x34, 0x10, 0x6d, 0x06, 0x54, 0xd5, 0x6d, 0x47, 0xa2, 0x04,
  0x3f, 0x5f, 0x7e, 0x10, 0x72, 0x3f, 0x8c, 0xbf, 0x40, 0x71, 0x80, 0x10,
  0x41, 0x73, 0x82, 0x10, 0x42, 0x75, 0x84, 0x10, 0x43, 0x77, 0x86, 0x10,
  0x71, 0x3f, 0x8c, 0xbf, 0x48, 0x19, 0x90, 0x10, 0x49, 0x1b, 0x92, 0x10,
  0x4a, 0x1d, 0x94, 0x10, 0x6d, 0x06, 0x54, 0xd5, 0x6d, 0x53, 0xaa, 0x04,
  0x4b, 0x1f, 0x96, 0x10, 0x1b, 0xd9, 0x36, 0x10, 0x70, 0x3f, 0x8c, 0xbf,
  0x18, 0x89, 0x30, 0x10, 0x19, 0x8b, 0x32, 0x10, 0x1a, 0x8d, 0x34, 0x10,
  0x6d, 0x06, 0x54, 0xd5, 0x6d, 0x57, 0xc2, 0x04, 0x1b, 0x8f, 0x36, 0x10,
  0x6d, 0x06, 0x54, 0xd5, 0x6d, 0x63, 0xca, 0x04, 0x6d, 0x06, 0x54, 0xd5,
  0x6d, 0x67, 0xd2, 0x04, 0x6d, 0x06, 0x54, 0xd5, 0x6d, 0x6b, 0xda, 0x04,
  0x6d, 0x06, 0x54, 0xd5, 0x6d, 0x6f, 0xf2, 0x04, 0x6d, 0x06, 0x54, 0xd5,
  0x6d, 0x7b, 0xfa, 0x04, 0x6d, 0x06, 0x54, 0xd5, 0x6d, 0x7f, 0x02, 0x05,
  0x6d, 0x06, 0x54, 0xd5, 0x6d, 0x83, 0x0a, 0x05, 0x6d, 0x06, 0x54, 0xd5,
  0x6d, 0x87, 0x22, 0x05, 0x6d, 0x06, 0x54, 0xd5, 0x6d, 0x93, 0x2a, 0x05,
  0x6d, 0x06, 0x54, 0xd5, 0x6d, 0x97, 0x62, 0x04, 0x6d, 0x06, 0x54, 0xd5,
  0x6d, 0x33, 0x6a, 0x04, 0x6d, 0x02, 0x10, 0xd5, 0x6d, 0x37, 0x02, 0x02,
  0xff, 0xda, 0xda, 0x10, 0x04, 0x02, 0x01, 0x3c, 0x00, 0x44, 0x34, 0xd8,
  0x01, 0x6d, 0x00, 0x00, 0x80, 0xda, 0x04, 0x7c, 0x6d, 0x55, 0xdc, 0x7e,
  0x20, 0xdd, 0x40, 0x10, 0x21, 0xdd, 0x42, 0x10, 0x22, 0xdd, 0x44, 0x10,
  0x23, 0xdd, 0x46, 0x10, 0x20, 0x47, 0x40, 0x7e, 0x21, 0x47, 0x42, 0x7e,
  0x22, 0x47, 0x44, 0x7e, 0x23, 0x47, 0x46, 0x7e, 0x28, 0xdd, 0x50, 0x10,
  0x20, 0x11, 0x40, 0x7e, 0x21, 0x11, 0x42, 0x7e, 0x22, 0x11, 0x44, 0x7e,
  0x29, 0xdd, 0x52, 0x10, 0x23, 0x11, 0x46, 0x7e, 0x28, 0x47, 0x50, 0x7e,
  0x20, 0x00, 0x58, 0xd5, 0x04, 0x02, 0x80, 0x04, 0x21, 0x00, 0x58, 0xd5,
  0x04, 0x02, 0x84, 0x04, 0x22, 0x00, 0x58, 0xd5, 0x04, 0x02, 0x88, 0x04,
  0x2a, 0xdd, 0x54, 0x10, 0x29, 0x47, 0x52, 0x7e, 0x23, 0x00, 0x58, 0xd5,
  0x04, 0x02, 0x8c, 0x04, 0x28, 0x11, 0x50, 0x7e, 0xf9, 0x00, 0x41, 0x02,
  0x20, 0x00, 0x06, 0x86, 0xf9, 0x00, 0x43, 0x02, 0x21, 0x01, 0x06, 0x86,
  0xf9, 0x00, 0x45, 0x02, 0x22, 0x02, 0x06, 0x86, 0x2b, 0xdd, 0x56, 0x10,
  0x2a, 0x47, 0x54, 0x7e, 0x29, 0x11, 0x52, 0x7e, 0xf9, 0x00, 0x47, 0x02,
  0x23, 0x03, 0x06, 0x86, 0x28, 0x00, 0x58, 0xd5, 0x04, 0x02, 0xa0, 0x04,
  0x30, 0xdd, 0x60, 0x10, 0x22, 0x00, 0x72, 0xd7, 0x22, 0x41, 0x86, 0x04,
  0x2b, 0x47, 0x56, 0x7e, 0x2a, 0x11, 0x54, 0x7e, 0x29, 0x00, 0x58, 0xd5,
  0x04, 0x02, 0xa4, 0x04, 0x31, 0xdd, 0x62, 0x10, 0xf9, 0x00, 0x51, 0x02,
  0x28, 0x00, 0x06, 0x86, 0x30, 0x47, 0x60, 0x7e, 0x22, 0x47, 0x18, 0x38,
  0x2b, 0x11, 0x56, 0x7e, 0x32, 0xdd, 0x64, 0x10, 0x2a, 0x00, 0x58, 0xd5,
  0x04, 0x02, 0xa8, 0x04, 0xf9, 0x00, 0x53, 0x02, 0x29, 0x01, 0x06, 0x86,
  0x31, 0x47, 0x62, 0x7e, 0x30, 0x11, 0x60, 0x7e, 0x33, 0xdd, 0x66, 0x10,
  0x2b, 0x00, 0x58, 0xd5, 0x04, 0x02, 0xac, 0x04, 0x32, 0x47, 0x64, 0x7e,
  0xf9, 0x00, 0x55, 0x02, 0x2a, 0x02, 0x06, 0x86, 0x31, 0x11, 0x62, 0x7e,
  0x30, 0x00, 0x58, 0xd5, 0x04, 0x02, 0xc0, 0x04, 0x33, 0x47, 0x66, 0x7e,
  0x34, 0xdd, 0x68, 0x10, 0xf9, 0x00, 0x57, 0x02, 0x2b, 0x03, 0x06, 0x86,
  0x32, 0x11, 0x64, 0x7e, 0x2a, 0x00, 0x72, 0xd7, 0x2a, 0x51, 0xa6, 0x04,
  0x31, 0x00, 0x58, 0xd5, 0x04, 0x02, 0xc4, 0x04, 0xf9, 0x00, 0x61, 0x02,
  0x30, 0x00, 0x06, 0x86, 0x35, 0xdd, 0x6a, 0x10, 0x33, 0x11, 0x66, 0x7e,
  0x34, 0x47, 0x68, 0x7e, 0x32, 0x00, 0x58, 0xd5, 0x04, 0x02, 0xc8, 0x04,
  0x36, 0xdd, 0x6c, 0x10, 0x2a, 0x57, 0x1a, 0x38, 0xf9, 0x00, 0x63, 0x02,
  0x31, 0x01, 0x06, 0x86, 0x35, 0x47, 0x6a, 0x7e, 0x33, 0x00, 0x58, 0xd5,
  0x04, 0x02, 0xcc, 0x04, 0x34, 0x11, 0x68, 0x7e, 0x37, 0xdd, 0x6e, 0x10,
  0xf9, 0x00, 0x65, 0x02, 0x32, 0x02, 0x06, 0x86, 0x36, 0x47, 0x6c, 0x7e,
  0x35, 0x11, 0x6a, 0x7e, 0xf9, 0x00, 0x67, 0x02, 0x33, 0x03, 0x06, 0x86,
  0x34, 0x00, 0x58, 0xd5, 0x04, 0x02, 0xd0, 0x04, 0x37, 0x47, 0x6e, 0x7e,
  0x32, 0x00, 0x72, 0xd7, 0x32, 0x61, 0xc6, 0x04, 0x36, 0x11, 0x6c, 0x7e,
  0x35, 0x00, 0x58, 0xd5, 0x04, 0x02, 0xd4, 0x04, 0xf9, 0x00, 0x69, 0x02,
  0x34, 0x00, 0x06, 0x86, 0x37, 0x11, 0x6e, 0x7e, 0x32, 0x67, 0x1c, 0x38,
  0x36, 0x00, 0x58, 0xd5, 0x04, 0x02, 0xd8, 0x04, 0xf9, 0x00, 0x6b, 0x02,
  0x35, 0x01, 0x06, 0x86, 0x37, 0x00, 0x58, 0xd5, 0x04, 0x02, 0xdc, 0x04,
  0xf9, 0x00, 0x6d, 0x02, 0x36, 0x02, 0x06, 0x86, 0xf9, 0x00, 0x6f, 0x02,
  0x37, 0x03, 0x06, 0x86, 0x36, 0x00, 0x72, 0xd7, 0x36, 0x69, 0xd6, 0x04,
  0x36, 0x6f, 0x1e, 0x38, 0x00, 0x64, 0x7c, 0xdb, 0x4c, 0x0c, 0x00, 0x00,
  0x3c, 0xdd, 0x78, 0x10, 0x3d, 0xdd, 0x7a, 0x10, 0x3e, 0xdd, 0x7c, 0x10,
  0x3f, 0xdd, 0x7e, 0x10, 0x3c, 0x47, 0x78, 0x7e, 0x3d, 0x47, 0x7a, 0x7e,
  0x3e, 0x47, 0x7c, 0x7e, 0x3f, 0x47, 0x7e, 0x7e, 0x40, 0xdd, 0x80, 0x10,
  0x3c, 0x11, 0x78, 0x7e, 0x3d, 0x11, 0x7a, 0x7e, 0x3e, 0x11, 0x7c, 0x7e,
  0x41, 0xdd, 0x82, 0x10, 0x3f, 0x11, 0x7e, 0x7e, 0x40, 0x47, 0x80, 0x7e,
  0x3c, 0x00, 0x58, 0xd5, 0x04, 0x02, 0xf0, 0x04, 0x3d, 0x00, 0x58, 0xd5,
  0x04, 0x02, 0xf4, 0x04, 0x42, 0xdd, 0x84, 0x10, 0x3e, 0x00, 0x58, 0xd5,
  0x04, 0x02, 0xf8, 0x04, 0x41, 0x47, 0x82, 0x7e, 0x3f, 0x00, 0x58, 0xd5,
  0x04, 0x02, 0xfc, 0x04, 0x40, 0x11, 0x80, 0x7e, 0xf9, 0x00, 0x79, 0x02,
  0x3c, 0x00, 0x06, 0x86, 0xf9, 0x00, 0x7b, 0x02, 0x3d, 0x01, 0x06, 0x86,
  0x42, 0x47, 0x84, 0x7e, 0x43, 0xdd, 0x86, 0x10, 0xf9, 0x00, 0x7d, 0x02,
  0x3e, 0x02, 0x06, 0x86, 0x41, 0x11, 0x82, 0x7e, 0xf9, 0x00, 0x7f, 0x02,
  0x3f, 0x03, 0x06, 0x86, 0x40, 0x00, 0x58, 0xd5, 0x04, 0x02, 0x00, 0x05,
  0x48, 0xdd, 0x90, 0x10, 0x42, 0x11, 0x84, 0x7e, 0x43, 0x47, 0x86, 0x7e,
  0x3e, 0x00, 0x72, 0xd7, 0x3e, 0x79, 0xf6, 0x04, 0x41, 0x00, 0x58, 0xd5,
  0x04, 0x02, 0x04, 0x05, 0x49, 0xdd, 0x92, 0x10, 0xf9, 0x00, 0x81, 0x02,
  0x40, 0x00, 0x06, 0x86, 0x48, 0x47, 0x90, 0x7e, 0x42, 0x00, 0x58, 0xd5,
  0x04, 0x02, 0x08, 0x05, 0x43, 0x11, 0x86, 0x7e, 0x3e, 0x7f, 0x18, 0x38,
  0x4a, 0xdd, 0x94, 0x10, 0xf9, 0x00, 0x83, 0x02, 0x41, 0x01, 0x06, 0x86,
  0x49, 0x47, 0x92, 0x7e, 0x48, 0x11, 0x90, 0x7e, 0xf9, 0x00, 0x85, 0x02,
  0x42, 0x02, 0x06, 0x86, 0x43, 0x00, 0x58, 0xd5, 0x04, 0x02, 0x0c, 0x05,
  0x4b, 0xdd, 0x96, 0x10, 0x4a, 0x47, 0x94, 0x7e, 0x49, 0x11, 0x92, 0x7e,
  0x48, 0x00, 0x58, 0xd5, 0x04, 0x02, 0x20, 0x05, 0x42, 0x00, 0x72, 0xd7,
  0x42, 0x81, 0x06, 0x05, 0x18, 0xdd, 0x30, 0x10, 0xf9, 0x00, 0x87, 0x02,
  0x43, 0x03, 0x06, 0x86, 0x4b, 0x47, 0x96, 0x7e, 0x4a, 0x11, 0x94, 0x7e,
  0x49, 0x00, 0x58, 0xd5, 0x04, 0x02, 0x24, 0x05, 0x19, 0xdd, 0x32, 0x10,
  0xf9, 0x00, 0x91, 0x02, 0x48, 0x00, 0x06, 0x86, 0x18, 0x47, 0x30, 0x7e,
  0x42, 0x87, 0x1a, 0x38, 0x4b, 0x11, 0x96, 0x7e, 0x4a, 0x00, 0x58, 0xd5,
  0x04, 0x02, 0x28, 0x05, 0x1a, 0xdd, 0x34, 0x10, 0xf9, 0x00, 0x93, 0x02,
  0x49, 0x01, 0x06, 0x86, 0x19, 0x47, 0x32, 0x7e, 0x18, 0x11, 0x30, 0x7e,
  0x4b, 0x00, 0x58, 0xd5, 0x04, 0x02, 0x2c, 0x05, 0x1b, 0xdd, 0x36, 0x10,
  0xf9, 0x00, 0x95, 0x02, 0x4a, 0x02, 0x06, 0x86, 0x1a, 0x47, 0x34, 0x7e,
  0x19, 0x11, 0x32, 0x7e, 0x18, 0x00, 0x58, 0xd5, 0x04, 0x02, 0x60, 0x04,
  0xf9, 0x00, 0x97, 0x02, 0x4b, 0x03, 0x06, 0x86, 0x1b, 0x47, 0x36, 0x7e,
  0x4a, 0x00, 0x72, 0xd7, 0x4a, 0x91, 0x26, 0x05, 0x1a, 0x11, 0x34, 0x7e,
  0x19, 0x00, 0x58, 0xd5, 0x04, 0x02, 0x64, 0x04, 0xf9, 0x00, 0x31, 0x02,
  0x18, 0x00, 0x06, 0x86, 0x1b, 0x11, 0x36, 0x7e, 0x4a, 0x97, 0x1c, 0x38,
  0x1a, 0x00, 0x58, 0xd5, 0x04, 0x02, 0x68, 0x04, 0xf9, 0x00, 0x33, 0x02,
  0x19, 0x01, 0x06, 0x86, 0x1b, 0x00, 0x58, 0xd5, 0x04, 0x02, 0x6c, 0x04,
  0xf9, 0x00, 0x35, 0x02, 0x1a, 0x02, 0x06, 0x86, 0xf9, 0x00, 0x37, 0x02,
  0x1b, 0x03, 0x06, 0x86, 0x1a, 0x00, 0x72, 0xd7, 0x1a, 0x31, 0x66, 0x04,
  0x1a, 0x37, 0x1e, 0x38, 0x10, 0x64, 0x7c, 0xdb, 0x4c, 0x0c, 0x00, 0x00,
  0xc1, 0x03, 0xfe, 0xbe, 0xe3, 0xff, 0xa3, 0xbf, 0x00, 0x00, 0x8a, 0xbf,
  0x7e, 0x03, 0x80, 0xbe, 0xff, 0x00, 0xa6, 0x7d, 0x00, 0x08, 0x00, 0x00,
  0x00, 0x7e, 0x00, 0x8a, 0x2e, 0x01, 0x84, 0xbf, 0x08, 0x02, 0x28, 0xf4,
  0x48, 0x00, 0x00, 0xfa, 0x00, 0x03, 0xfe, 0xbe, 0x80, 0x03, 0x80, 0xbe,
  0x80, 0x02, 0x0c, 0x7e, 0x7f, 0xc0, 0x8c, 0xbf, 0x0a, 0x85, 0x0a, 0x90,
  0x09, 0x0a, 0x09, 0x93, 0x1d, 0x01, 0x82, 0xbf, 0x01, 0x03, 0x08, 0xf4,
  0x10, 0x00, 0x00, 0xfa, 0x07, 0x00, 0x69, 0xd5, 0x00, 0x15, 0x00, 0x02,
  0x08, 0x09, 0x01, 0x80, 0x00, 0x0e, 0x0e, 0x4a, 0x09, 0x00, 0x47, 0xd7,
  0x08, 0x0e, 0x0a, 0x02, 0x07, 0x00, 0x46, 0xd7, 0x07, 0x05, 0x05, 0x00,
  0x82, 0x0e, 0x0e, 0x34, 0x7f, 0xc0, 0x8c, 0xbf, 0x01, 0x00, 0xa1, 0xbf,
  0x00, 0x10, 0x30, 0xe0, 0x09, 0x09, 0x03, 0x80, 0x00, 0x10, 0x38, 0xe0,
  0x07, 0x0c, 0x03, 0x80, 0x00, 0x85, 0x04, 0x8f, 0x04, 0x02, 0x14, 0x7e,
  0x00, 0x44, 0xd8, 0xd9, 0x0a, 0x00, 0x00, 0x10, 0x10, 0x44, 0xd8, 0xd9,
  0x0a, 0x00, 0x00, 0x12, 0x08, 0x44, 0xd8, 0xd9, 0x0a, 0x00, 0x00, 0x14,
  0x18, 0x44, 0xd8, 0xd9, 0x0a, 0x00, 0x00, 0x0a, 0x7f, 0xc3, 0x8c, 0xbf,
  0x11, 0x05, 0x0c, 0x7e, 0x10, 0x05, 0x0a, 0x7e, 0x7f, 0xc2, 0x8c, 0xbf,
  0x12, 0x05, 0x32, 0x7e, 0x13, 0x05, 0x34, 0x7e, 0x06, 0x19, 0x8e, 0xbe,
  0x05, 0x19, 0x8b, 0xbe, 0x05, 0xff, 0x0c, 0x94, 0x08, 0x00, 0x08, 0x00,
  0x05, 0xff, 0x0d, 0x94, 0x10, 0x00, 0x08, 0x00, 0x05, 0x98, 0x05, 0x91,
  0x06, 0xff, 0x0f, 0x94, 0x08, 0x00, 0x08, 0x00, 0x06, 0xff, 0x18, 0x94,
  0x10, 0x00, 0x08, 0x00, 0x06, 0x98, 0x06, 0x91, 0x7f, 0xc1, 0x8c, 0xbf,
  0x14, 0x05, 0x42, 0x7e, 0x15, 0x05, 0x44, 0x7e, 0x19, 0x19, 0x9b, 0xbe,
  0x19, 0xff, 0x1c, 0x94, 0x08, 0x00, 0x08, 0x00, 0x19, 0xff, 0x1d, 0x94,
  0x10, 0x00, 0x08, 0x00, 0x19, 0x98, 0x19, 0x91, 0x1a, 0x19, 0x9e, 0xbe,
  0x1a, 0xff, 0x1f, 0x94, 0x08, 0x00, 0x08, 0x00, 0x1a, 0xff, 0x20, 0x94,
  0x10, 0x00, 0x08, 0x00, 0x1a, 0x98, 0x1a, 0x91, 0x7f, 0xc0, 0x8c, 0xbf,
  0x0a, 0x05, 0x52, 0x7e, 0x0b, 0x05, 0x54, 0x7e, 0x21, 0xff, 0x24, 0x94,
  0x08, 0x00, 0x08, 0x00, 0x21, 0xff, 0x25, 0x94, 0x10, 0x00, 0x08, 0x00,
  0x21, 0x19, 0xa3, 0xbe, 0x21, 0x98, 0x21, 0x91, 0x22, 0x19, 0xa6, 0xbe,
  0x22, 0xff, 0x27, 0x94, 0x08, 0x00, 0x08, 0x00, 0x22, 0xff, 0x28, 0x94,
  0x10, 0x00, 0x08, 0x00, 0x29, 0x19, 0xab, 0xbe, 0x29, 0xff, 0x2c, 0x94,
  0x08, 0x00, 0x08, 0x00, 0x29, 0xff, 0x2d, 0x94, 0x10, 0x00, 0x08, 0x00,
  0x29, 0x98, 0x29, 0x91, 0x2a, 0xff, 0x2f, 0x94, 0x08, 0x00, 0x08, 0x00,
  0x2a, 0xff, 0x30, 0x94, 0x10, 0x00, 0x08, 0x00, 0x22, 0x98, 0x22, 0x91,
  0x2a, 0x19, 0xae, 0xbe, 0x2a, 0x98, 0x2a, 0x91, 0x00, 0x82, 0x31, 0x8f,
  0x31, 0x02, 0x16, 0x7e, 0x00, 0x40, 0xd8, 0xd8, 0x0b, 0x00, 0x00, 0x0b,
  0x00, 0x81, 0x00, 0x80, 0x70, 0x3f, 0x8c, 0xbf, 0x12, 0x00, 0x48, 0xd5,
  0x0c, 0x11, 0x11, 0x02, 0x14, 0x00, 0x48, 0xd5, 0x0c, 0x21, 0x11, 0x02,
  0x8f, 0x18, 0x20, 0x36, 0x11, 0x00, 0x48, 0xd5, 0x0c, 0x09, 0x11, 0x02,
  0x13, 0x00, 0x48, 0xd5, 0x0c, 0x19, 0x11, 0x02, 0x15, 0x00, 0x48, 0xd5,
  0x0c, 0x29, 0x11, 0x02, 0x16, 0x00, 0x48, 0xd5, 0x0c, 0x31, 0x11, 0x02,
  0xc8, 0x24, 0x24, 0x4a, 0xc8, 0x28, 0x28, 0x4a, 0xc8, 0x20, 0x20, 0x4a,
  0x0c, 0x00, 0x48, 0xd5, 0x0c, 0x39, 0x11, 0x02, 0xc8, 0x22, 0x22, 0x4a,
  0xc8, 0x26, 0x26, 0x4a, 0xc8, 0x2a, 0x2a, 0x4a, 0xc8, 0x2c, 0x2c, 0x4a,
  0x8f, 0x1a, 0x2e, 0x36, 0x12, 0x00, 0x69, 0xd5, 0x12, 0x19, 0x00, 0x02,
  0x14, 0x00, 0x69, 0xd5, 0x14, 0x1b, 0x00, 0x02, 0x10, 0x00, 0x69, 0xd5,
  0x10, 0x17, 0x00, 0x02, 0xc8, 0x18, 0x18, 0x4a, 0x18, 0x00, 0x48, 0xd5,
  0x0d, 0x09, 0x11, 0x02, 0x11, 0x00, 0x69, 0xd5, 0x11, 0x37, 0x00, 0x02,
  0x13, 0x00, 0x69, 0xd5, 0x13, 0x39, 0x00, 0x02, 0x15, 0x00, 0x69, 0xd5,
  0x15, 0x3b, 0x00, 0x02, 0x16, 0x00, 0x69, 0xd5, 0x16, 0x0b, 0x00, 0x02,
  0xc8, 0x2e, 0x2e, 0x4a, 0x19, 0x00, 0x48, 0xd5, 0x0d, 0x11, 0x11, 0x02,
  0x0c, 0x00, 0x69, 0xd5, 0x0c, 0x33, 0x00, 0x02, 0xc8, 0x30, 0x30, 0x4a,
  0x1a, 0x00, 0x48, 0xd5, 0x0d, 0x19, 0x11, 0x02, 0x12, 0x00, 0x6d, 0xd7,
  0x12, 0x21, 0x46, 0x04, 0x1b, 0x00, 0x48, 0xd5, 0x0d, 0x21, 0x11, 0x02,
  0x17, 0x00, 0x69, 0xd5, 0x17, 0x1d, 0x00, 0x02, 0xc8, 0x32, 0x32, 0x4a,
  0x1c, 0x00, 0x48, 0xd5, 0x0d, 0x29, 0x11, 0x02, 0x18, 0x00, 0x69, 0xd5,
  0x18, 0x3d, 0x00, 0x02, 0xc8, 0x34, 0x34, 0x4a, 0x14, 0x00, 0x6d, 0xd7,
  0x14, 0x25, 0x4e, 0x04, 0x1d, 0x00, 0x48, 0xd5, 0x0d, 0x31, 0x11, 0x02,
  0xc8, 0x36, 0x36, 0x4a, 0x19, 0x00, 0x69, 0xd5, 0x19, 0x1f, 0x00, 0x02,
  0xc8, 0x38, 0x38, 0x4a, 0x0d, 0x00, 0x48, 0xd5, 0x0d, 0x39, 0x11, 0x02,
  0x8f, 0x1c, 0x3c, 0x36, 0x1a, 0x00, 0x69, 0xd5, 0x1a, 0x3f, 0x00, 0x02,
  0x16, 0x00, 0x6d, 0xd7, 0x16, 0x29, 0x56, 0x04, 0xc8, 0x3a, 0x3a, 0x4a,
  0x1b, 0x00, 0x69, 0xd5, 0x1b, 0x31, 0x00, 0x02, 0x1f, 0x00, 0x48, 0xd5,
  0x0e, 0x09, 0x11, 0x02, 0x1c, 0x00, 0x69, 0xd5, 0x1c, 0x41, 0x00, 0x02,
  0xc8, 0x1a, 0x1a, 0x4a, 0xc8, 0x3c, 0x3c, 0x4a, 0x20, 0x00, 0x48, 0xd5,
  0x0e, 0x11, 0x11, 0x02, 0x17, 0x00, 0x6d, 0xd7, 0x17, 0x2d, 0x32, 0x04,
  0x1d, 0x00, 0x69, 0xd5, 0x1d, 0x0d, 0x00, 0x02, 0x21, 0x00, 0x48, 0xd5,
  0x0e, 0x19, 0x11, 0x02, 0xc8, 0x3e, 0x3e, 0x4a, 0x22, 0x00, 0x48, 0xd5,
  0x0e, 0x21, 0x11, 0x02, 0x0d, 0x00, 0x69, 0xd5, 0x0d, 0x35, 0x00, 0x02,
  0x1e, 0x00, 0x69, 0xd5, 0x1e, 0x47, 0x00, 0x02, 0xc8, 0x40, 0x40, 0x4a,
  0x19, 0x00, 0x6d, 0xd7, 0x19, 0x2f, 0x62, 0x04, 0x23, 0x00, 0x48, 0xd5,
  0x0e, 0x29, 0x11, 0x02, 0xc8, 0x42, 0x42, 0x4a, 0x1f, 0x00, 0x69, 0xd5,
  0x1f, 0x57, 0x00, 0x02, 0xc8, 0x44, 0x44, 0x4a, 0x24, 0x00, 0x48, 0xd5,
  0x0e, 0x31, 0x11, 0x02, 0x20, 0x00, 0x69, 0xd5, 0x20, 0x49, 0x00, 0x02,
  0x1b, 0x00, 0x6d, 0xd7, 0x1b, 0x33, 0x6a, 0x04, 0xc8, 0x46, 0x46, 0x4a,
  0x0e, 0x00, 0x48, 0xd5, 0x0e, 0x39, 0x11, 0x02, 0x21, 0x00, 0x69, 0xd5,
  0x21, 0x59, 0x00, 0x02, 0x22, 0x00, 0x69, 0xd5, 0x22, 0x4b, 0x00, 0x02,
  0x8f, 0x1e, 0x4a, 0x36, 0xc8, 0x48, 0x48, 0x4a, 0x1d, 0x00, 0x6d, 0xd7,
  0x1d, 0x37, 0x72, 0x04, 0x23, 0x00, 0x69, 0xd5, 0x23, 0x5b, 0x00, 0x02,
  0x26, 0x00, 0x48, 0xd5, 0x0f, 0x09, 0x11, 0x02, 0xc8, 0x1c, 0x1c, 0x4a,
  0x27, 0x00, 0x48, 0xd5, 0x0f, 0x11, 0x11, 0x02, 0xc8, 0x4a, 0x4a, 0x4a,
  0x24, 0x00, 0x69, 0xd5, 0x24, 0x43, 0x00, 0x02, 0x1e, 0x00, 0x6d, 0xd7,
  0x1e, 0x3b, 0x36, 0x04, 0x28, 0x00, 0x48, 0xd5, 0x0f, 0x19, 0x11, 0x02,
  0xc8, 0x4c, 0x4c, 0x4a, 0x0e, 0x00, 0x69, 0xd5, 0x0e, 0x53, 0x00, 0x02,
  0x29, 0x00, 0x48, 0xd5, 0x0f, 0x21, 0x11, 0x02, 0xc8, 0x4e, 0x4e, 0x4a,
  0x25, 0x00, 0x69, 0xd5, 0x25, 0x4d, 0x00, 0x02, 0x20, 0x00, 0x6d, 0xd7,
  0x20, 0x3d, 0x7e, 0x04, 0x2a, 0x00, 0x48, 0xd5, 0x0f, 0x29, 0x11, 0x02,
  0xc8, 0x50, 0x50, 0x4a, 0x26, 0x00, 0x69, 0xd5, 0x26, 0x5d, 0x00, 0x02,
  0x2b, 0x00, 0x48, 0xd5, 0x0f, 0x31, 0x11, 0x02, 0xc8, 0x52, 0x52, 0x4a,
  0x27, 0x00, 0x69, 0xd5, 0x27, 0x4f, 0x00, 0x02, 0x22, 0x00, 0x6d, 0xd7,
  0x22, 0x41, 0x86, 0x04, 0xc8, 0x54, 0x54, 0x4a, 0x0f, 0x00, 0x48, 0xd5,
  0x0f, 0x39, 0x11, 0x02, 0x28, 0x00, 0x69, 0xd5, 0x28, 0x5f, 0x00, 0x02,
  0xc8, 0x56, 0x56, 0x4a, 0x29, 0x00, 0x69, 0xd5, 0x29, 0x51, 0x00, 0x02,
  0x24, 0x00, 0x6d, 0xd7, 0x24, 0x45, 0x8e, 0x04, 0x2a, 0x00, 0x69, 0xd5,
  0x2a, 0x61, 0x00, 0x02, 0xc8, 0x1e, 0x1e, 0x4a, 0x2b, 0x00, 0x69, 0xd5,
  0x2b, 0x45, 0x00, 0x02, 0x25, 0x00, 0x6d, 0xd7, 0x25, 0x49, 0x3a, 0x04,
  0x0f, 0x00, 0x69, 0xd5, 0x0f, 0x55, 0x00, 0x02, 0x27, 0x00, 0x6d, 0xd7,
  0x27, 0x4b, 0x9a, 0x04, 0x29, 0x00, 0x6d, 0xd7, 0x29, 0x4f, 0xa2, 0x04,
  0x2b, 0x00, 0x6d, 0xd7, 0x2b, 0x53, 0xaa, 0x04, 0x2b, 0x1f, 0x56, 0x4a,
  0x2b, 0x0b, 0x56, 0x7e, 0x2b, 0x13, 0x56, 0x10, 0x7f, 0xc0, 0x8c, 0xbf,
  0x0b, 0x57, 0x16, 0x10, 0x06, 0x17, 0x0c, 0x06, 0x00, 0x0a, 0x09, 0xbf,
  0xe1, 0xfe, 0x84, 0xbf, 0x82, 0x00, 0x0e, 0x34, 0x00, 0x20, 0x34, 0xd8,
  0x07, 0x06, 0x00, 0x00, 0xff, 0x00, 0x00, 0x4a, 0x00, 0x01, 0x00, 0x00,
  0xcd, 0xfe, 0x82, 0xbf, 0xc1, 0x03, 0xfe, 0xbe, 0xe3, 0xff, 0xa3, 0xbf,
  0x00, 0x00, 0x8a, 0xbf, 0x64, 0x68, 0xe0, 0xd8, 0x01, 0x00, 0x00, 0x06,
  0x20, 0x24, 0xe0, 0xd8, 0x01, 0x00, 0x00, 0x0a, 0x7f, 0xc0, 0x8c, 0xbf,
  0x06, 0x15, 0x0c, 0x06, 0x07, 0x17, 0x0e, 0x06, 0x00, 0x10, 0x70, 0xe0,
  0x01, 0x06, 0x05, 0x80, 0x00, 0x14, 0x70, 0xe0, 0x01, 0x07, 0x05, 0x80,
  0x6c, 0x70, 0xe0, 0xd8, 0x01, 0x00, 0x00, 0x06, 0x28, 0x2c, 0xe0, 0xd8,
  0x01, 0x00, 0x00, 0x0a, 0x7f, 0xc0, 0x8c, 0xbf, 0x06, 0x15, 0x0c, 0x06,
  0x07, 0x17, 0x0e, 0x06, 0x00, 0x18, 0x70, 0xe0, 0x01, 0x06, 0x05, 0x80,
  0x00, 0x1c, 0x70, 0xe0, 0x01, 0x07, 0x05, 0x80, 0x74, 0x78, 0xe0, 0xd8,
  0x01, 0x00, 0x00, 0x06, 0x30, 0x34, 0xe0, 0xd8, 0x01, 0x00, 0x00, 0x0a,
  0x7f, 0xc0, 0x8c, 0xbf, 0x06, 0x15, 0x0c, 0x06, 0x07, 0x17, 0x0e, 0x06,
  0x00, 0x10, 0x70, 0xe0, 0x02, 0x06, 0x05, 0x80, 0x00, 0x10, 0x70, 0xe0,
  0x03, 0x07, 0x05, 0x80, 0x7c, 0x80, 0xe0, 0xd8, 0x01, 0x00, 0x00, 0x02,
  0x38, 0x3c, 0xe0, 0xd8, 0x01, 0x00, 0x00, 0x06, 0x7f, 0xc0, 0x8c, 0xbf,
  0x02, 0x0d, 0x04, 0x06, 0x03, 0x0f, 0x06, 0x06, 0x00, 0x10, 0x70, 0xe0,
  0x04, 0x02, 0x05, 0x80, 0x00, 0x10, 0x70, 0xe0, 0x05, 0x03, 0x05, 0x80,
  0x07, 0x03, 0xfe, 0xbe, 0x06, 0x00, 0x88, 0xbf, 0x40, 0x84, 0xe0, 0xd8,
  0x01, 0x00, 0x00, 0x00, 0x7f, 0xc0, 0x8c, 0xbf, 0x01, 0x01, 0x02, 0x06,
  0x00, 0x10, 0x70, 0xe0, 0x08, 0x01, 0x05, 0x80, 0x00, 0x00, 0x81, 0xbf,
  0x00, 0x00, 0x9f, 0xbf, 0x00, 0x00, 0x9f, 0xbf, 0x00, 0x00, 0x9f, 0xbf,
  0x00, 0x00, 0x9f, 0xbf, 0x00, 0x00, 0x9f, 0xbf, 0x00, 0x00, 0x00, 0x00,
  0x31, 0x32, 0x33, 0x34, 0x18, 0x00, 0x00, 0x00, 0x98, 0x00, 0x00, 0x00,
  0x00, 0x00, 0x00, 0x00, 0x00, 0x00, 0x00, 0x00, 0x00, 0x00, 0x00, 0x00,
  0x00, 0x00, 0x00, 0x00, 0x00, 0x00, 0x00, 0x00, 0x40, 0x00, 0x00, 0x00,
  0x00, 0x00, 0x00, 0x00, 0x00, 0x00, 0x00, 0x00, 0x00, 0x00, 0x00, 0x00,
  0x00, 0x00, 0x00, 0x00, 0x00, 0x00, 0x00, 0x00, 0x00, 0x00, 0x00, 0x00,
  0x00, 0x00, 0x00, 0x00, 0xd6, 0x00, 0x00, 0x00, 0x94, 0x6c, 0x00, 0x00,
  0x00, 0x00, 0x00, 0x00, 0x00, 0x00, 0x00, 0x00, 0x00, 0x00, 0x00, 0x00,
  0x00, 0x00, 0x00, 0x00, 0x00, 0x00, 0x00, 0x00, 0x08, 0x00, 0x00, 0x00,
  0x0c, 0x02, 0x00, 0x00, 0x00, 0x00, 0x00, 0x00, 0x0d, 0x02, 0x00, 0x00,
  0x00, 0x00, 0x00, 0x00, 0x12, 0x02, 0x00, 0x00, 0x11, 0x00, 0x2c, 0x40,
  0x13, 0x02, 0x00, 0x00, 0x06, 0x00, 0x3a, 0x00, 0x28, 0x02, 0x00, 0x00,
  0x00, 0x00, 0x00, 0x00, 0x07, 0x02, 0x00, 0x00, 0x00, 0x01, 0x00, 0x00,
  0x08, 0x02, 0x00, 0x00, 0x01, 0x00, 0x00, 0x00, 0x09, 0x02, 0x00, 0x00,
  0x01, 0x00, 0x00, 0x00, 0x00, 0x00, 0x00, 0x00, 0x00, 0x00, 0x00, 0x00,
  0x00, 0x00, 0x00, 0x00, 0x00, 0x00, 0x00, 0x00, 0x00, 0x00, 0x00, 0x00,
  0x00, 0x00, 0x00, 0x00, 0x00, 0x00, 0x00, 0x00, 0x00, 0x00, 0x00, 0x00,
  0x00, 0x00, 0x00, 0x00, 0x00, 0x00, 0x00, 0x00, 0x00, 0x00, 0x00, 0x00,
  0x00, 0x00, 0x00, 0x00, 0x00, 0x00, 0x00, 0x00, 0x00, 0x00, 0x00, 0x2e,
  0x73, 0x68, 0x61, 0x64, 0x65, 0x72, 0x5f, 0x74, 0x65, 0x78, 0x74, 0x00,
  0x2e, 0x73, 0x68, 0x61, 0x64, 0x65, 0x72, 0x5f, 0x68, 0x65, 0x61, 0x64,
  0x65, 0x72, 0x00, 0x2e, 0x73, 0x68, 0x73, 0x74, 0x72, 0x74, 0x61, 0x62,
  0x00, 0x00, 0x00, 0x00, 0x00, 0x00, 0x00, 0x00, 0x00, 0x00, 0x00, 0x00,
  0x00, 0x00, 0x00, 0x00, 0x00, 0x00, 0x00, 0x00, 0x00, 0x00, 0x00, 0x00,
  0x00, 0x00, 0x00, 0x00, 0x00, 0x00, 0x00, 0x00, 0x00, 0x00, 0x00, 0x00,
  0x00, 0x00, 0x00, 0x00, 0x00, 0x00, 0x00, 0x00, 0x00, 0x00, 0x00, 0x00,
  0x00, 0x00, 0x00, 0x00, 0x00, 0x00, 0x00, 0x00, 0x00, 0x00, 0x00, 0x00,
  0x00, 0x00, 0x00, 0x00, 0x00, 0x00, 0x00, 0x00, 0x01, 0x00, 0x00, 0x00,
  0x01, 0x00, 0x00, 0x00, 0x06, 0x00, 0x00, 0x00, 0x00, 0x00, 0x00, 0x00,
  0x00, 0x00, 0x00, 0x00, 0x00, 0x00, 0x00, 0x00, 0x00, 0x01, 0x00, 0x00,
  0x00, 0x00, 0x00, 0x00, 0x94, 0x6c, 0x00, 0x00, 0x00, 0x00, 0x00, 0x00,
  0x00, 0x00, 0x00, 0x00, 0x00, 0x00, 0x00, 0x00, 0x00, 0x01, 0x00, 0x00,
  0x00, 0x00, 0x00, 0x00, 0x00, 0x00, 0x00, 0x00, 0x00, 0x00, 0x00, 0x00,
  0x0e, 0x00, 0x00, 0x00, 0x01, 0x00, 0x00, 0x00, 0x03, 0x00, 0x00, 0x00,
  0x00, 0x00, 0x00, 0x00, 0x00, 0x00, 0x00, 0x00, 0x00, 0x00, 0x00, 0x00,
  0x98, 0x6d, 0x00, 0x00, 0x00, 0x00, 0x00, 0x00, 0xd6, 0x00, 0x00, 0x00,
  0x00, 0x00, 0x00, 0x00, 0x00, 0x00, 0x00, 0x00, 0x00, 0x00, 0x00, 0x00,
  0x08, 0x00, 0x00, 0x00, 0x00, 0x00, 0x00, 0x00, 0x00, 0x00, 0x00, 0x00,
  0x00, 0x00, 0x00, 0x00, 0x1d, 0x00, 0x00, 0x00, 0x03, 0x00, 0x00, 0x00,
  0x00, 0x00, 0x00, 0x00, 0x00, 0x00, 0x00, 0x00, 0x00, 0x00, 0x00, 0x00,
  0x00, 0x00, 0x00, 0x00, 0x6e, 0x6e, 0x00, 0x00, 0x00, 0x00, 0x00, 0x00,
  0x27, 0x00, 0x00, 0x00, 0x00, 0x00, 0x00, 0x00, 0x00, 0x00, 0x00, 0x00,
  0x00, 0x00, 0x00, 0x00, 0x01, 0x00, 0x00, 0x00, 0x00, 0x00, 0x00, 0x00,
  0x00, 0x00, 0x00, 0x00, 0x00, 0x00, 0x00, 0x00
};
static const unsigned int real_layer_kv_agc_package_len = 28568;
